# word<TAB>occurrences per billion tokens, averaged over sources
# license: CC BY-SA 4.0; sources and attribution: data/ATTRIBUTION.md
# source: en_50k.txt
you	42194402
i	39700370
the	33362103
to	25063482
a	21230239
it	19980190
and	15496913
that	14955777
of	13067010
is	10847280
in	10754035
what	10113673
we	9901911
me	9446511
this	8412893
he	8085417
for	7583697
my	7239090
on	7067474
have	6982681
your	6758331
do	6478288
was	6451390
no	6412466
not	6247277
be	6171932
are	6161603
don	6095387
know	5705140
can	5607998
with	5579943
but	5322688
all	5195520
so	5033488
just	4887268
there	4614844
here	4600280
they	4485387
like	4372267
get	4225939
she	4072282
go	4013866
if	3856003
right	3776885
out	3678959
about	3645743
up	3605446
at	3563736
him	3563239
now	3369429
oh	3368664
one	3318314
come	3230317
well	3165811
her	3158589
how	3137165
yeah	2932369
will	2887176
got	2885097
want	2859383
think	2696143
as	2626884
see	2611161
did	2554395
good	2552880
who	2542269
why	2525129
from	2505760
let	2499428
his	2442410
yes	2395051
when	2245081
going	2229011
time	2130722
an	2124086
okay	2094337
back	2059365
look	1976468
us	1974176
would	1964161
them	1945750
where	1938006
were	1928828
take	1923358
then	1869522
had	1868108
or	1858008
been	1854349
our	1747046
gonna	1741548
tell	1724106
really	1721790
man	1720145
some	1710363
say	1691310
hey	1684534
could	1629636
didn	1613229
by	1598251
need	1524536
something	1522347
has	1517469
too	1498779
more	1480944
way	1465982
down	1434885
make	1412781
very	1386058
never	1364333
only	1300621
people	1298499
over	1291062
because	1289993
little	1274471
please	1234308
love	1217018
should	1207326
mean	1203755
said	1200242
sorry	1198983
give	1190042
off	1171621
am	1151803
thank	1133843
any	1125622
two	1120633
even	1091289
much	1082576
doing	1073116
sure	1039764
thing	1022377
these	1001271
help	976585
first	962076
into	961138
anything	938359
still	937383
find	918300
life	915480
nothing	912283
sir	908010
day	905334
god	896906
work	896544
their	881145
uh	868657
again	864800
maybe	851708
must	851479
before	848071
other	846006
wait	842423
stop	841344
call	839850
after	839504
won	837833
talk	831113
away	827056
than	822287
thought	818663
home	816248
night	815404
put	809435
great	799940
those	774490
last	773011
better	762653
everything	761871
told	759169
new	745296
things	738196
always	737866
keep	730501
long	727386
years	706269
leave	701025
does	700867
money	691294
around	691030
doesn	690406
name	667696
place	652042
ever	650906
feel	650798
guys	648199
father	641305
guy	638805
made	635974
old	633058
isn	629577
which	619240
big	611523
lot	603376
done	599126
hello	594397
nice	594343
believe	591964
girl	590034
someone	587989
fine	587063
thanks	579969
wanted	575308
kind	574915
coming	571554
house	569555
every	569460
ok	569193
through	568884
being	566540
course	559633
stay	555104
left	554901
dad	554832
enough	552535
happened	550673
came	548890
may	547483
mother	546486
wrong	543705
world	543223
bad	542309
might	538130
three	537369
today	537031
listen	536145
another	535603
understand	535294
hear	528632
remember	525152
ask	519337
own	516726
same	510314
show	509201
else	499451
kill	497623
talking	494868
found	494506
next	491854
getting	485424
care	485087
car	484068
looking	478629
son	477819
try	477454
woman	475878
went	471702
hi	469492
dead	465495
many	461480
mind	458662
wasn	457655
friend	451739
best	450079
mom	447247
hell	445980
morning	444918
trying	444534
boy	443390
together	443238
yourself	442665
job	438118
saw	436761
family	431716
real	431706
without	425803
baby	425784
room	425359
wouldn	422744
already	421887
move	415980
most	414806
seen	413947
live	411933
miss	411763
actually	409807
huh	402567
shit	400597
both	396798
heard	395525
once	395309
ready	391739
head	391117
called	387811
used	386313
idea	385625
knew	385465
hold	384555
happy	384224
door	382725
such	382704
fuck	381263
brother	380906
also	380797
pretty	380353
bit	379516
took	379339
haven	378833
yet	378077
men	377156
whole	376848
start	375834
use	375339
while	375179
since	372917
wife	372347
days	371077
guess	366898
tomorrow	364566
matter	363222
meet	362715
bring	362534
tonight	361319
everyone	360613
run	357928
wanna	356328
hard	355980
ah	355371
alone	352468
myself	352446
school	352030
gone	351892
um	350090
end	347942
saying	346788
phone	344804
play	342779
looks	342705
couldn	342051
fucking	341284
problem	340522
few	339130
friends	337795
gotta	337629
ago	336749
open	336629
anyone	334670
killed	334618
hope	332707
face	330492
until	330036
lost	325972
police	324480
excuse	322245
turn	320351
business	316382
case	315530
wants	315347
says	315261
true	314796
die	313754
heart	313537
soon	312606
each	310648
worry	309748
later	306156
year	305902
watch	304794
music	303703
hand	302299
having	302093
probably	297153
beautiful	294332
doctor	290833
sit	290430
eat	289704
thinking	287097
young	285536
second	283890
working	283135
water	282903
person	282373
part	281781
kids	281491
late	281401
stuff	279408
exactly	277772
under	277529
death	277020
minute	276959
pay	276759
crazy	276679
forget	276475
everybody	276334
kid	275346
change	274033
gave	273275
happen	272683
damn	270026
five	269143
drink	267610
far	267181
knows	266266
its	264699
whatever	263949
eyes	262744
shut	261451
aren	261316
hit	260560
taking	260409
easy	259925
times	258731
check	258709
hands	258392
minutes	256633
deal	256396
different	255997
means	255490
point	255335
inside	255153
makes	252515
asked	251722
somebody	251511
mine	250104
making	247760
body	247410
afraid	247375
sleep	246391
chance	246212
dear	245289
quite	244745
four	244711
anyway	244338
close	244301
ain	244116
party	243509
fun	242859
against	241891
word	241752
comes	241115
important	240943
set	240619
shall	240615
story	240436
number	239291
daughter	239016
least	238772
waiting	238283
hurt	236597
wish	234813
moment	234507
fight	234384
week	233699
husband	233626
girls	233138
rest	233013
married	231315
fire	230897
game	230852
nobody	230138
mr	229591
children	228917
side	228163
stand	227759
read	226698
though	226422
cut	226317
started	226226
sister	225859
supposed	224426
between	223551
child	222589
goes	221609
hours	221552
speak	221216
women	221034
behind	217613
almost	217519
truth	217496
blood	216798
able	215761
lady	215637
anymore	215318
playing	214896
gets	214088
shot	212194
reason	211648
trouble	209942
break	209754
war	209341
city	208971
walk	208212
town	207890
trust	207145
met	206971
office	206871
question	206622
brought	206169
yours	206011
welcome	205679
high	205314
wow	204604
couple	203729
half	203041
died	202902
cool	202472
free	201679
either	201460
seems	200362
power	200233
whoa	200164
bye	199742
buy	199538
telling	199497
honey	198796
tried	198459
front	198371
team	196931
answer	196535
gun	195046
boys	194345
line	194109
send	193473
news	192887
stupid	192737
bed	192661
hurry	190810
full	190155
months	190150
save	189649
sometimes	188753
become	188661
along	187934
hate	187836
food	187109
outside	186514
light	185643
needs	185263
dog	184341
country	184286
clear	184284
order	183868
em	183263
fact	183207
lord	183038
captain	183030
six	181876
hot	181740
funny	181637
black	181335
alive	180038
pick	179840
feeling	178912
living	178161
cause	177738
ahead	176318
lose	173998
king	173291
plan	173143
dinner	172910
sighs	172090
sort	171880
leaving	171562
shouldn	171531
running	171449
boss	171102
alright	170945
promise	169888
taken	168903
safe	167244
ma	167130
book	167037
sent	167031
white	165451
hour	165306
anybody	165013
small	164623
perfect	164496
lives	162083
special	161733
parents	161531
john	161179
himself	160859
perhaps	160115
sounds	159968
serious	159432
sick	159171
company	158404
ha	158259
scared	158159
uncle	158042
poor	157482
red	156229
past	156009
earth	155943
possible	155483
shoot	155464
touch	155140
sound	154337
top	154313
ass	153913
laughs	153773
cannot	152307
asking	150931
win	150904
glad	150746
control	150649
hmm	150393
human	150375
drive	150142
hair	149286
jack	149013
bitch	148480
luck	148371
murder	148232
happens	147813
air	146772
ten	146766
daddy	146579
finally	146431
chuckles	145995
fast	145229
cold	145153
seem	144483
laughing	144256
words	143995
hospital	143751
street	143650
hang	143315
dance	142671
meeting	142655
till	142239
others	141633
catch	141601
follow	141484
sense	141356
sex	141340
lie	140606
evening	139713
master	139435
known	139426
dream	139373
write	139190
million	138531
voice	137930
rather	137861
sweet	137861
felt	137522
sign	135596
lucky	135398
somewhere	135234
bet	134220
jesus	133590
longer	133431
calling	133187
worked	133044
quiet	132723
looked	132561
less	131930
pull	131738
beat	131602
careful	131426
coffee	131401
return	131110
secret	130795
weeks	130339
weren	129609
date	129579
seeing	129264
fall	128634
given	128599
ooh	128518
fault	128133
straight	128071
takes	127457
song	127337
future	127271
gentlemen	127019
loved	126254
changed	126246
road	125687
calm	125521
wonderful	125490
mad	125122
turned	124995
drop	124858
ladies	124628
learn	124492
step	124413
absolutely	124375
early	124345
explain	123659
clean	123469
piece	123448
yesterday	122861
throw	122650
picture	122330
land	122273
feet	122087
wonder	121512
questions	121489
speaking	121316
worth	121008
darling	120540
dude	120467
giving	120313
president	120159
eye	120120
quick	119526
moving	119006
figure	118793
state	118456
strong	117992
sam	117877
none	117719
amazing	117649
ones	116592
works	116265
act	115821
needed	115674
weird	114790
law	114713
worried	114447
report	114068
goodbye	113613
missing	113338
choice	113149
happening	112936
chief	112788
wedding	112772
strange	112659
general	112590
pain	112565
kidding	112485
decided	112395
ya	112359
pass	112325
tired	112186
class	112111
officer	111416
kept	111292
wake	111066
worse	110801
busy	110745
eh	110190
mistake	109866
kiss	109621
court	109313
building	109184
finish	108901
during	108900
age	108847
ship	108791
caught	108551
marry	108372
meant	108359
sell	108173
dark	108126
watching	108023
system	107991
suppose	107679
evidence	107163
movie	107100
ride	107100
completely	106670
mouth	106606
totally	106232
birthday	105737
tv	105611
forgive	105407
born	105394
imagine	105345
information	105297
instead	104903
definitely	104834
security	104803
certainly	104703
film	104662
month	104305
lying	104209
unless	104035
train	104028
seven	104019
wear	104000
clothes	103962
michael	103686
hotel	103566
christmas	103515
attack	103455
hasn	103258
round	102663
expect	102034
sing	101977
terrible	101866
george	101781
bag	101407
history	101309
blue	100898
near	100827
broke	100591
station	100506
seriously	100437
forever	100416
david	100409
frank	100360
except	100314
thinks	100187
message	100116
entire	100082
joe	100026
table	99232
talked	99179
across	99075
rock	98732
lovely	98549
handle	98333
middle	97813
buddy	97790
paid	97508
protect	97482
using	97474
floor	97406
ran	96997
swear	96967
spend	96912
situation	96780
ring	96764
anywhere	96709
dangerous	96699
bill	96677
york	96561
army	96437
lead	96380
bought	96374
finished	96237
fair	95966
letter	95928
sun	95928
fool	95905
attention	95889
club	95675
simple	95403
interesting	95392
space	95258
test	95226
box	94961
group	94921
single	94706
sitting	94569
marriage	94487
join	94474
fear	94322
peace	94190
forgot	94053
force	93420
short	93387
normal	93331
charlie	93325
present	92790
enjoy	92771
mike	92661
crime	92463
horse	92227
ground	92135
american	92098
count	91993
area	91981
charge	91968
honor	91933
lunch	91727
miles	91641
radio	91610
idiot	91398
ball	91351
surprise	91123
paper	91118
key	91099
boat	91091
quickly	90980
gold	90779
bar	90767
fish	90600
mark	90589
tom	90559
wearing	90506
crying	90432
accident	90392
government	90355
eight	89995
fell	89952
cover	89485
certain	89482
interested	89451
deep	89318
star	89266
sea	89133
agree	88992
detective	88871
problems	88871
prison	88794
major	88764
stick	88746
offer	88594
difficult	88535
smart	88525
personal	88501
record	88471
stopped	88236
hide	88138
whether	87933
bank	87887
trip	87805
relax	87525
america	87508
public	87484
list	87294
afternoon	87160
brain	87157
fix	86989
bastard	86964
proud	86930
service	86883
tea	86883
screaming	86699
forward	86571
angry	86108
park	86057
soul	86004
fighting	85974
peter	85970
rich	85966
agent	85903
blow	85790
paul	85787
dress	85640
mary	85548
missed	85486
scene	85036
killing	84850
standing	84815
saved	84523
mm	84512
respect	84494
killer	84359
ice	84345
mess	84340
tough	84258
feels	84114
church	83918
sad	83808
cell	83594
drunk	83427
share	83332
camera	83190
within	83119
card	83046
fly	82952
ben	82816
girlfriend	82776
laugh	82754
smell	82665
broken	82653
mum	82492
honest	82423
often	82077
starting	82049
calls	81992
spent	81840
third	81714
english	81607
visit	81549
mama	81160
judge	81107
window	81032
hungry	80994
dare	80806
relationship	80802
moved	80755
prove	80730
private	80582
wall	80340
seat	80050
position	79807
lieutenant	79619
realize	79597
lt	79596
especially	79366
machine	79354
walking	79317
art	79289
pleasure	79273
bloody	79187
college	79050
french	79018
involved	78735
cry	78671
became	78567
lived	78489
impossible	78455
obviously	78455
neither	78345
accept	78109
boyfriend	77865
besides	77844
queen	77692
teacher	77689
cops	77655
sake	77429
loves	77318
carry	77293
teach	77289
apartment	77264
upset	77045
green	77034
la	77017
liked	76928
cute	76569
evil	76474
professor	76255
contact	75851
joke	75819
cop	75779
huge	75603
holy	75483
store	75473
jail	75380
likes	75241
lawyer	75238
doubt	75172
continue	75160
appreciate	75130
cat	75008
shop	74716
driving	74555
congratulations	74527
wrote	74458
village	74447
quit	74237
field	74190
james	74109
wine	74051
decision	73939
south	73819
sleeping	73809
slow	73690
laughter	73573
island	73443
glass	73437
beginning	73387
cash	73251
dying	73232
hundred	73026
whose	73004
difference	72909
plane	72852
push	72831
continues	72823
mmm	72780
singing	72031
eating	71994
north	71977
mrs	71948
tree	71845
madam	71719
gift	71660
truck	71537
putting	71522
bear	71342
board	71330
grab	71311
beer	71294
stuck	71083
magic	71064
support	70869
rules	70860
grunts	70725
partner	70716
reach	70678
wind	70447
colonel	70407
immediately	70263
max	70263
seconds	70261
thousand	70258
gives	70208
experience	70096
cheers	70089
victim	69972
upon	69913
computer	69874
christ	69841
planet	69715
promised	69708
bus	69671
henry	69608
dirty	69566
search	69532
staying	69242
dreams	69196
arrest	68880
holding	68798
suddenly	68644
usually	68551
lots	68258
shoes	68141
er	67984
jump	67948
rid	67778
yo	67764
knock	67757
owe	67647
harry	67464
grow	67438
worst	67196
aunt	67180
river	67180
patient	67171
kitchen	67147
aah	67092
fat	67037
passed	66951
final	66857
summer	66853
bob	66796
listening	66784
escape	66768
everywhere	66587
moon	66576
arms	66529
turns	66505
address	66444
ow	66325
match	66284
gasps	66271
grand	66225
yep	66098
shh	65868
nervous	65830
de	65815
choose	65742
themselves	65711
decide	65673
mate	65638
drinking	65620
press	65406
bother	65399
foot	65353
hadn	65290
blame	65274
crap	65267
drugs	65248
type	65208
rings	64977
mission	64915
named	64878
heaven	64830
picked	64659
paris	64653
race	64622
risk	64499
books	64340
further	64255
danny	64200
action	64195
allowed	64194
orders	64178
learned	64075
price	64009
arrived	63964
nick	63958
otherwise	63899
pictures	63832
fit	63762
smoke	63643
favor	63568
played	63549
notice	63487
awesome	63463
smile	63458
director	63457
guard	63421
begin	63216
spot	63142
surprised	63052
innocent	62970
narrator	62903
herself	62856
london	62850
feelings	62796
enemy	62731
battle	62711
ourselves	62631
alex	62601
dollars	62593
allow	62511
nine	62349
gay	62346
department	62274
guilty	62233
apart	62171
earlier	62157
duty	62042
jim	62033
suit	62022
bell	61998
west	61881
legs	61783
hero	61696
destroy	61674
stage	61668
bunch	61654
according	61598
chicken	61554
bigger	61374
grunting	61364
low	61321
helping	61314
admit	61292
closed	61268
names	61226
witness	61198
upstairs	61167
arm	61158
steal	61150
jimmy	61129
kick	61116
twice	61110
cross	61109
ways	61084
sergeant	61047
indeed	60961
gas	60878
keeping	60638
energy	60519
pregnant	60519
waste	60446
helped	60439
fired	60377
favorite	60319
tony	60307
taste	60212
locked	60210
places	60154
writing	60146
adam	60135
brothers	60131
starts	60112
prince	59968
form	59850
sold	59795
silly	59740
mention	59732
build	59710
throat	59682
hole	59593
figured	59493
track	59476
ringing	59388
lock	59306
leg	59287
above	59197
hiding	59196
steve	59181
seemed	59131
breakfast	59046
engine	59042
written	58989
complete	58936
video	58914
applause	58913
however	58772
pressure	58724
fresh	58700
weapon	58677
sky	58608
stole	58478
study	58456
burn	58444
reading	58437
crowd	58418
treat	58340
roll	58322
double	58291
spirit	57978
danger	57922
cost	57874
empty	57869
level	57861
memory	57648
itself	57647
acting	57641
interest	57532
nose	57447
plans	57371
following	57362
bathroom	57302
built	57223
closer	57195
ray	57156
sarah	57065
band	57043
groans	56968
apparently	56730
excited	56635
richard	56613
losing	56555
animals	56456
flight	56436
nature	56424
raise	56355
pop	56311
client	56294
bomb	56276
neck	56241
suspect	56232
warm	56217
extra	56188
bottle	56033
van	56024
heavy	56020
mommy	55942
dogs	55938
wild	55935
ridiculous	55875
simply	55844
lee	55766
animal	55750
showed	55707
billy	55625
keeps	55571
shooting	55571
camp	55561
guns	55540
medical	55469
shame	55394
hoping	55359
whom	55309
bird	55274
flowers	55256
majesty	55256
famous	55161
asleep	55016
beauty	54986
driver	54926
keys	54881
rain	54843
awful	54825
large	54778
local	54736
deserve	54646
goddamn	54627
stone	54529
jane	54522
grace	54495
consider	54473
weekend	54400
wondering	54265
lay	54208
plenty	54145
willing	54141
pants	54108
sweetheart	54095
skin	54028
excellent	54010
asshole	54003
beach	53998
faith	53960
beg	53949
fuckin	53941
responsible	53910
military	53840
cheering	53825
opportunity	53808
common	53789
bottom	53762
german	53660
whoever	53550
cook	53544
walked	53540
papers	53502
justice	53471
hall	53285
commander	53271
drug	53229
main	53194
knife	53054
devil	53043
necessary	52947
although	52833
princess	52833
lights	52823
flying	52799
dick	52760
rose	52681
knowing	52584
clearly	52527
hat	52514
agreed	52402
johnny	52377
corner	52376
code	52342
note	52327
tommy	52311
due	52281
correct	52172
apologize	52160
language	52134
stars	52105
faster	52102
cars	51992
folks	51932
bullshit	51882
fellow	51791
several	51640
grandma	51617
shows	51606
leader	51527
leaves	51520
restaurant	51485
east	51460
shouting	51458
blind	51397
ghost	51375
cup	51323
gotten	51301
tight	51259
conversation	51205
tells	51114
lies	51046
nor	51038
pulled	51030
hanging	51019
speed	50998
stories	50995
health	50989
advice	50967
held	50909
murdered	50712
beyond	50706
rule	50592
hardly	50541
inspector	50482
possibly	50482
cousin	50413
trial	50384
emergency	50360
ought	50336
eddie	50295
somehow	50261
hearing	50144
states	50022
account	49963
spoke	49886
file	49789
understood	49765
angel	49720
tape	49694
milk	49634
powerful	49620
weapons	49510
manager	49505
practice	49505
pardon	49475
vote	49449
jake	49400
national	49390
career	49368
minister	49326
super	49305
taught	49267
robert	49241
biggest	49195
plays	49175
natural	49160
dancing	49088
copy	49085
plus	48975
martin	48798
cake	48744
freedom	48656
among	48647
breath	48627
operation	48605
chris	48572
crew	48534
challenge	48514
market	48487
meat	48442
towards	48415
bringing	48398
dropped	48364
student	48350
lied	48338
strength	48295
breathe	48136
size	48136
color	48130
monster	48103
loud	48012
photo	48012
aw	47996
nearly	47973
sight	47951
greatest	47917
games	47816
bridge	47765
dressed	47705
arrested	47645
horrible	47624
coach	47593
planning	47489
checked	47391
breaking	47373
noticed	47344
fantastic	47325
screams	47303
serve	47181
ideas	47170
investigation	47164
center	47117
older	47093
pack	47064
soldiers	47047
nonsense	47045
doc	47010
project	46962
training	46863
example	46833
trick	46811
prepared	46693
science	46658
united	46627
travel	46597
incredible	46589
grandpa	46561
paying	46457
character	46400
teeth	46339
criminal	46278
charles	46268
chinese	46259
truly	46191
honestly	46171
bro	46130
survive	46082
bobby	46073
target	46045
feed	46037
nurse	46032
fake	45957
records	45934
breathing	45886
sweetie	45870
numbers	45855
oil	45831
suicide	45820
belong	45767
whoo	45755
perfectly	45732
amy	45720
forgotten	45657
remain	45635
original	45595
papa	45576
onto	45513
concerned	45506
credit	45480
ugh	45449
invited	45427
discuss	45323
research	45301
easier	45255
view	45252
chair	45182
hurts	45150
strike	45145
roger	45097
fill	44973
condition	44886
mountain	44800
dr	44776
nowhere	44660
sheriff	44643
kim	44627
turning	44587
brown	44550
recognize	44508
heads	44484
audience	44462
jealous	44373
pretend	44301
society	44276
finding	44259
shirt	44240
comfortable	44200
meaning	44183
guest	44159
pieces	44150
dry	44121
letting	44055
began	44043
aye	44014
jeff	43948
female	43903
release	43813
ho	43800
cards	43782
pray	43769
unfortunately	43750
balls	43677
destroyed	43662
ended	43642
universe	43627
prepare	43623
opinion	43604
movies	43593
soldier	43560
wash	43542
program	43485
heat	43451
usual	43438
ticket	43422
stolen	43412
prefer	43394
aware	43382
surely	43334
male	43309
base	43307
matters	43296
lift	43280
lab	43244
command	43208
proof	43136
cream	43060
selling	43029
believed	43000
create	42979
afford	42931
sunday	42919
total	42893
dumb	42841
threw	42833
france	42758
birth	42751
created	42702
realized	42624
british	42607
noise	42578
nuts	42560
students	42556
birds	42547
social	42491
brilliant	42465
bodies	42425
tie	42388
opened	42312
ours	42290
bucks	42274
kevin	42173
mister	42123
ugly	42085
ryan	42000
focus	41947
dan	41921
opens	41820
exist	41811
followed	41788
england	41780
draw	41777
purpose	41730
letters	41722
daniel	41632
opening	41606
bullet	41593
anna	41587
lately	41538
stayed	41493
falling	41467
season	41465
ends	41395
suggest	41352
joy	41333
distance	41332
responsibility	41308
whenever	41261
issue	41245
thousands	41019
process	40937
sword	40934
shower	40895
weak	40870
fucked	40869
lonely	40839
happiness	40811
eric	40808
tiny	40789
desk	40776
pool	40773
property	40769
forced	40766
settle	40744
indistinct	40713
weight	40690
received	40641
gang	40633
bite	40628
friday	40594
disappeared	40593
interview	40589
expecting	40565
kinda	40545
surgery	40498
horses	40369
mayor	40351
babe	40334
ancient	40322
handsome	40251
thomas	40222
saturday	40210
staff	40156
lines	40136
unit	40125
fan	40120
gentleman	40080
introduce	40017
fate	40013
split	39974
recently	39873
expected	39780
add	39768
ordered	39760
slowly	39752
alarm	39744
member	39738
slept	39687
enter	39683
signed	39683
spanish	39664
garden	39639
brings	39582
brave	39560
pig	39558
model	39541
finger	39526
medicine	39513
access	39482
failed	39397
flat	39352
easily	39340
discovered	39334
based	39324
screw	39316
insane	39264
cares	39247
weather	39193
fingers	39187
san	39120
scott	39114
path	39107
soft	39050
harm	38950
style	38943
community	38900
sees	38849
basically	38784
al	38764
signal	38751
nope	38734
spare	38685
speech	38685
covered	38674
shake	38671
loose	38630
snow	38560
russian	38531
lake	38497
bright	38462
roof	38408
ohh	38380
sending	38378
paint	38364
remind	38359
pal	38347
naked	38287
post	38274
sugar	38270
heading	38252
streets	38207
damage	38198
silence	38186
doors	38138
pete	38132
ed	38125
success	38092
wet	38090
nah	38053
amount	38028
members	38016
kate	38007
manage	37924
safety	37905
returned	37903
harder	37833
fbi	37813
block	37793
showing	37793
fancy	37773
chef	37748
contract	37736
dig	37666
chest	37651
drinks	37585
dave	37571
buried	37556
brian	37528
trade	37464
journey	37402
stomach	37376
changes	37311
details	37304
thoughts	37282
divorce	37278
funeral	37263
maria	37261
football	37226
reality	37226
theory	37171
gosh	37134
ruined	37100
gate	37094
william	37087
spread	37069
outta	37068
japanese	37065
sudden	37027
coat	37025
sooner	36989
cheese	36968
larry	36932
spring	36913
page	36911
ears	36889
simon	36885
castle	36863
hidden	36852
storm	36852
cos	36813
personally	36728
artist	36725
hill	36722
exciting	36719
permission	36641
jerry	36612
expensive	36611
tickets	36603
forest	36559
barely	36509
eggs	36492
goin	36457
regret	36417
lesson	36413
lover	36411
bread	36391
andy	36382
subject	36379
legal	36328
growing	36319
ill	36295
jason	36281
mood	36260
owner	36235
caused	36183
beeping	36159
points	36143
dating	36123
loss	36093
secretary	36090
revenge	36005
santa	35957
likely	35950
rent	35838
connection	35837
assistant	35835
reasons	35809
yelling	35800
painting	35765
trees	35763
doctors	35734
rush	35727
foreign	35719
rough	35719
century	35709
murderer	35709
nights	35652
pair	35607
runs	35593
pocket	35560
farm	35549
matt	35536
bike	35519
obvious	35514
ate	35497
grew	35482
professional	35478
tim	35466
goodness	35456
parts	35450
alan	35330
university	35293
square	35290
grandfather	35271
europe	35239
genius	35224
cases	35211
ruin	35189
winter	35184
tongue	35179
memories	35177
da	35110
buying	35091
cancer	35082
clock	35041
ocean	35038
dna	35014
liar	35004
tour	34994
thief	34987
bleep	34973
lisa	34941
rights	34919
including	34903
competition	34891
smith	34883
planned	34880
emily	34872
boring	34792
victims	34792
mentioned	34761
bones	34642
plant	34589
bless	34572
warning	34566
knocking	34557
re	34531
crash	34513
bedroom	34506
lower	34487
silver	34478
groaning	34433
madame	34430
defense	34414
results	34412
toilet	34396
event	34390
complicated	34389
shape	34386
priest	34375
royal	34368
cheap	34342
romantic	34337
downstairs	34302
invite	34289
fortune	34267
tears	34264
avoid	34260
reached	34236
higher	34230
familiar	34222
telephone	34214
burning	34189
filled	34179
kelly	34170
alice	34167
airport	34141
jobs	34104
grown	34101
walter	34093
rachel	34090
giant	34044
insurance	34031
woods	34021
scare	33993
period	33943
pleased	33943
political	33896
player	33839
stops	33837
secrets	33814
laura	33785
repeat	33764
photos	33763
finds	33739
statement	33697
suck	33685
younger	33654
china	33603
humans	33582
delicious	33566
particular	33550
proper	33549
rome	33541
belongs	33521
attacked	33518
bath	33515
hired	33474
site	33468
knowledge	33451
led	33427
guests	33426
celebrate	33366
map	33310
horn	33295
eventually	33241
pity	33223
powers	33197
ashamed	33159
assume	33149
glasses	33131
rise	33119
fixed	33089
request	33027
officers	32973
pounds	32954
data	32946
carefully	32945
per	32938
depends	32851
jury	32816
waited	32809
positive	32787
attorney	32751
direction	32746
families	32741
doin	32669
forces	32662
location	32659
walls	32608
useless	32580
grant	32554
saving	32533
speaks	32511
fought	32495
meal	32458
deliver	32427
answers	32416
changing	32395
temple	32298
scary	32297
millions	32259
offered	32221
regular	32189
carrying	32106
official	32057
jacket	32045
switch	32043
grave	31998
chase	31997
role	31972
odd	31938
sexy	31914
faces	31910
becomes	31906
closes	31895
badly	31879
confused	31860
tall	31860
affair	31834
television	31832
shock	31831
raised	31824
panting	31822
pizza	31772
image	31761
clears	31743
golden	31724
patients	31576
watched	31574
committed	31538
sexual	31511
suffer	31507
arthur	31500
wherever	31488
plate	31463
appear	31438
chocolate	31425
clever	31409
hm	31409
mercy	31381
shots	31365
lucy	31316
dealing	31302
trap	31296
charges	31289
phil	31275
bang	31259
poison	31253
butt	31240
drove	31233
yourselves	31193
headed	31158
babies	31124
yellow	31111
soup	31076
mystery	31045
picking	31034
sat	31019
wound	30991
traffic	30903
courage	30883
hunt	30880
indian	30852
rat	30842
terms	30830
italian	30811
emma	30787
checking	30748
disease	30740
managed	30727
winner	30718
council	30694
appointment	30677
monday	30667
crack	30657
threat	30652
jenny	30632
physical	30631
nation	30625
source	30622
chose	30616
healthy	30565
carl	30562
victory	30554
rick	30538
stood	30526
kicked	30487
annie	30478
disgusting	30466
palace	30465
below	30444
shopping	30419
neighborhood	30408
march	30405
lips	30377
midnight	30374
piss	30370
advantage	30356
pure	30318
india	30314
aside	30307
jerk	30242
mail	30233
dawn	30191
effect	30186
spell	30182
freak	30161
wood	30150
screwed	30144
enemies	30139
gary	30125
awake	30123
chuckling	30116
vacation	30112
violence	30087
leo	30078
grandmother	30069
modern	30041
luke	30030
firm	30021
prime	30018
heh	30012
touched	29991
talent	29974
whore	29965
piano	29939
license	29920
cooking	29915
honour	29867
concern	29865
moves	29826
available	29823
factory	29814
gods	29805
value	29789
central	29786
union	29777
mirror	29773
studio	29772
media	29763
taxi	29707
dies	29697
iron	29684
hearts	29654
desire	29650
rob	29648
claire	29646
fred	29643
songs	29629
washington	29625
monkey	29624
pride	29615
pills	29580
miracle	29577
swim	29565
burned	29563
smells	29465
joking	29421
christian	29374
bleeding	29339
hook	29336
beating	29323
protection	29307
ear	29241
treatment	29241
carter	29226
metal	29223
disappear	29216
grateful	29199
extremely	29169
treasure	29166
rescue	29156
capable	29092
chatter	29071
passing	29071
result	29055
suffering	29049
sisters	29046
laid	29008
governor	29006
guards	28958
louis	28954
text	28919
literally	28916
becoming	28908
remove	28908
performance	28894
stronger	28894
rate	28875
deeply	28853
scream	28847
desert	28825
vehicle	28822
illegal	28813
pulling	28772
throwing	28747
josh	28741
unbelievable	28715
ted	28703
zero	28702
dean	28700
curious	28693
sean	28687
candy	28686
bone	28649
tied	28625
edge	28603
load	28596
susan	28526
ahh	28521
mountains	28510
boom	28482
former	28467
holiday	28433
riding	28432
scoffs	28410
hundreds	28404
motherfucker	28404
sue	28398
bags	28397
stealing	28328
appears	28307
arrive	28297
remains	28287
decent	28280
issues	28256
tip	28234
fail	28227
bride	28214
pissed	28211
penny	28194
claim	28190
friendship	28178
desperate	28158
flower	28140
dramatic	28126
refuse	28095
solve	28092
theme	28087
loving	28071
properly	28071
dragon	28029
mostly	28019
chuck	28005
directly	28001
surface	27995
false	27959
cast	27956
junior	27929
hunting	27912
silent	27910
thou	27859
egg	27849
germany	27808
punch	27777
africa	27775
woke	27771
intelligence	27768
borrow	27702
winning	27699
falls	27698
popular	27696
escaped	27689
witch	27687
convinced	27665
warn	27624
announcer	27613
champagne	27591
dust	27585
kyle	27566
someday	27555
fallen	27548
stranger	27542
presence	27538
tear	27506
internet	27504
monsieur	27501
therefore	27457
technology	27378
tires	27377
toast	27318
wise	27312
clark	27299
americans	27283
notes	27283
smoking	27277
hank	27275
ls	27275
april	27274
wolf	27212
precious	27207
rooms	27207
coast	27185
treated	27177
material	27171
released	27164
uniform	27164
hated	27158
considered	27142
rice	27120
exchange	27107
steps	27104
blake	27103
convince	27035
beast	26990
cow	26957
files	26947
signs	26941
drag	26940
cab	26938
hung	26937
carried	26919
ordinary	26899
successful	26899
eve	26890
mistakes	26881
houses	26878
chattering	26862
brains	26852
japan	26834
creature	26827
fourth	26824
separate	26809
cleaning	26802
california	26786
lf	26770
ll	26757
shift	26754
elizabeth	26745
chicago	26701
exact	26695
karen	26682
goal	26667
expert	26648
served	26631
direct	26562
score	26559
marks	26554
row	26554
twenty	26547
receive	26529
series	26527
section	26521
pilot	26485
jackson	26449
darkness	26425
thy	26417
sale	26403
destiny	26383
cure	26381
spoken	26373
armed	26324
rare	26276
helen	26251
grade	26210
juice	26206
wide	26163
tower	26151
solution	26134
schedule	26115
explosion	26088
wheel	26082
cigarette	26081
julie	26081
fruit	26050
blew	26043
victor	26043
talks	26035
sacrifice	26031
range	26028
button	26012
reports	26006
prisoner	26002
pie	25967
effort	25965
youth	25948
pot	25931
eaten	25927
taylor	25902
knees	25901
garage	25873
parking	25863
ambulance	25851
staring	25841
chances	25832
circumstances	25827
sin	25821
gordon	25804
progress	25804
unusual	25801
county	25794
stairs	25792
campaign	25772
vision	25742
reporter	25728
equipment	25703
moments	25695
joey	25676
mass	25673
alien	25669
trapped	25643
helps	25621
route	25609
defend	25605
trace	25599
nasty	25597
tests	25594
magazine	25593
rocks	25590
dump	25584
rude	25550
clue	25547
searching	25547
amen	25546
connected	25546
pushed	25515
merry	25514
zone	25483
senior	25465
closing	25462
freeze	25462
emperor	25445
incident	25414
snake	25408
mexico	25395
lily	25392
actor	25383
newspaper	25374
sentence	25374
greg	25355
leading	25350
friendly	25348
jones	25348
chosen	25347
engaged	25335
julia	25329
charming	25323
mustn	25322
anger	25295
spending	25291
learning	25287
spy	25285
sharp	25278
shadow	25269
warrant	25267
elevator	25256
kingdom	25256
ricky	25254
jamie	25250
squad	25240
shoulder	25207
wave	25202
amanda	25194
highness	25172
kinds	25169
fishing	25166
sometime	25125
attitude	25096
sucks	25078
negative	25051
screen	25020
workers	24996
bored	24958
cameras	24955
similar	24941
understanding	24917
beeps	24901
chain	24885
bull	24847
gasping	24841
fully	24834
robin	24801
collect	24781
gorgeous	24763
morgan	24757
passion	24738
writer	24737
empire	24734
international	24734
curse	24722
hire	24719
bastards	24718
puts	24691
leads	24689
id	24675
blows	24658
sons	24646
estate	24643
customers	24606
maggie	24580
gunshot	24570
device	24527
troops	24520
hug	24513
design	24464
movement	24457
thunder	24455
object	24448
loser	24423
pen	24413
sobbing	24401
politics	24384
despite	24378
alcohol	24368
climb	24351
clients	24350
conference	24346
provide	24344
marty	24340
seek	24324
witnesses	24307
earn	24269
trash	24265
valley	24243
fashion	24215
episode	24184
howard	24184
prize	24168
previously	24165
sports	24137
wanting	24133
debt	24132
wishes	24115
hitler	24110
wire	24061
circle	24052
thee	24052
approach	24000
stock	23998
facts	23986
remembered	23978
percent	23967
normally	23962
tail	23960
joined	23953
education	23929
bravo	23920
library	23901
rape	23896
wings	23888
growling	23881
thrown	23876
tank	23852
exhales	23843
authority	23840
current	23819
failure	23819
nightmare	23815
hitting	23809
glory	23775
knocked	23775
studying	23769
barry	23764
agency	23733
apple	23733
border	23704
rope	23684
duck	23676
reputation	23664
confidence	23654
yard	23654
beloved	23651
lack	23616
actual	23608
skills	23598
films	23582
mental	23580
salt	23567
flesh	23545
anne	23542
secure	23522
highly	23517
federal	23490
sand	23479
emotional	23478
setting	23469
nothin	23440
senator	23440
services	23425
robbery	23419
hates	23405
fed	23400
reward	23369
theater	23363
johnson	23358
commit	23336
patrick	23309
entirely	23292
extraordinary	23289
ships	23273
opposite	23261
parties	23254
stands	23240
terry	23188
chat	23176
events	23164
mummy	23130
bay	23125
slip	23119
disappointed	23116
settled	23108
begins	23097
andrew	23082
alert	23081
detail	23078
pink	23073
accepted	23064
fellas	23064
background	23056
garbage	23025
belt	23022
minds	23022
panic	23022
blowing	23019
hollywood	22999
agreement	22952
jackie	22952
ability	22936
pushing	22936
tiger	22933
whispering	22927
culture	22924
saint	22892
jesse	22883
task	22865
solid	22837
doll	22834
intend	22821
district	22815
pa	22815
gee	22812
custody	22809
ignore	22792
naturally	22764
useful	22754
attempt	22742
abandoned	22722
cutting	22716
kissed	22711
barking	22708
guarantee	22708
gather	22695
policy	22692
violent	22666
maid	22656
embarrassing	22653
childhood	22638
wasting	22622
bow	22606
chick	22590
sara	22553
disaster	22522
revolution	22499
online	22483
demon	22466
heavily	22464
coincidence	22452
perform	22443
terrific	22420
thin	22420
mac	22403
crown	22398
identity	22398
virgin	22390
impressive	22384
windows	22321
potential	22269
guitar	22266
committee	22209
dozen	22189
delivery	22187
advance	22170
quietly	22154
stan	22141
teaching	22132
hunter	22128
latest	22119
hurting	22116
swing	22102
capital	22093
counting	22087
drew	22085
dirt	22075
whistle	22052
marie	22050
hits	22036
doug	22030
deny	22003
urgent	21995
threatened	21967
behavior	21962
molly	21956
mixed	21952
stays	21904
assure	21902
subtitles	21896
explanation	21889
wins	21870
unique	21846
chasing	21838
billion	21832
duke	21827
production	21827
agents	21822
slave	21822
carol	21820
lets	21804
cruel	21798
mask	21785
sally	21776
behave	21767
bury	21690
massive	21676
pathetic	21676
species	21656
approaching	21646
jo	21646
loan	21621
struggle	21599
dish	21596
trusted	21578
jumped	21545
firing	21539
channel	21528
abby	21512
stopping	21498
asks	21480
jean	21474
swimming	21470
daily	21468
basement	21465
linda	21464
quarter	21461
erm	21436
bound	21427
navy	21423
article	21420
guide	21420
accused	21417
transfer	21413
guts	21397
quality	21394
fella	21375
roman	21363
greater	21354
damned	21336
couch	21295
cheer	21263
vegas	21244
shoe	21237
title	21235
shy	21222
punishment	21218
clicks	21197
los	21197
closet	21165
fever	21150
coward	21137
flash	21133
impressed	21131
bruce	21125
siren	21122
prisoners	21121
sides	21111
bowl	21108
katie	21105
sensitive	21100
supply	21100
hopefully	21090
rolling	21073
roy	21062
dollar	21058
tone	21056
voices	21033
cheating	20974
confess	20964
demand	20964
museum	20963
unknown	20960
drama	20936
suspicious	20929
adult	20911
todd	20904
frightened	20881
warned	20878
steady	20873
kills	20862
crossed	20845
lou	20844
particularly	20842
sandwich	20813
laws	20807
joint	20798
bullets	20793
package	20768
trained	20749
thursday	20740
boots	20730
possibility	20727
albert	20725
civil	20712
june	20705
germans	20699
baseball	20675
express	20671
miserable	20634
tuesday	20628
parker	20626
lion	20621
joseph	20606
refused	20605
shine	20601
assault	20598
hong	20590
jokes	20589
breaks	20586
argue	20582
trail	20568
option	20558
recall	20551
mighty	20541
collection	20532
oliver	20511
wilson	20511
accent	20510
believes	20498
decisions	20488
embarrassed	20479
mobile	20476
customer	20453
terribly	20453
sec	20434
charity	20425
considering	20407
pussy	20406
donna	20400
protecting	20397
flag	20384
kidnapped	20371
italy	20359
balance	20354
creatures	20351
nuclear	20334
wallet	20319
shout	20309
vincent	20303
entered	20300
impression	20299
angela	20297
jay	20296
degrees	20288
favour	20271
reaction	20264
network	20250
jessica	20247
version	20247
concert	20228
gear	20198
diamond	20193
singer	20193
defeat	20190
steven	20186
lane	20184
blast	20174
wounded	20173
anytime	20170
partners	20168
ages	20167
charlotte	20167
ceremony	20158
league	20142
bars	20136
orange	20136
specific	20092
conditions	20079
plastic	20072
crisis	20066
fifth	20066
term	20045
self	20017
offering	20014
bud	20013
suffered	20001
reported	19997
commissioner	19988
rip	19972
mysterious	19959
entrance	19957
messed	19947
tunnel	19923
designed	19921
neighbor	19919
aboard	19907
sweat	19906
justin	19901
ghosts	19899
crimes	19884
costs	19877
deserves	19872
dreaming	19871
bust	19863
el	19862
teddy	19859
kong	19855
messages	19853
enjoying	19849
afterwards	19846
comfort	19840
mason	19814
gym	19806
surrender	19806
kitty	19786
crush	19783
yup	19778
arranged	19751
suits	19742
pee	19721
cave	19708
stress	19708
wing	19707
jordan	19704
arrange	19702
comrade	19696
noble	19695
tricks	19682
betty	19679
launch	19670
legend	19667
mix	19667
golf	19663
imagination	19663
fox	19654
butter	19638
kissing	19638
tax	19624
gross	19622
edward	19592
texas	19569
insist	19541
marcus	19515
classic	19506
selfish	19501
frankie	19493
skull	19493
shown	19487
bat	19485
print	19484
survived	19484
champion	19479
bills	19473
therapy	19462
lifetime	19453
throughout	19450
nathan	19437
toward	19424
sauce	19419
experiment	19409
margaret	19400
describe	19378
ross	19377
grass	19375
cheat	19353
attend	19350
homework	19350
lewis	19349
betrayed	19346
cap	19345
servant	19345
tyler	19342
bible	19337
practically	19318
catherine	19317
steel	19314
wipe	19314
burns	19311
generation	19293
cabin	19287
financial	19279
industry	19264
bond	19246
sheep	19240
scientists	19236
beaten	19230
deck	19227
heck	19227
fans	19224
script	19213
brand	19211
degree	19205
painful	19201
coughing	19191
religion	19176
cats	19166
stephen	19155
fuel	19151
influence	19151
drawing	19136
rabbit	19094
exercise	19076
attractive	19066
touching	19043
virus	19031
realise	19021
torture	19010
blessed	18996
plain	18984
rebecca	18981
recent	18978
barbara	18977
footsteps	18972
sacred	18965
removed	18953
pretending	18922
wasted	18921
jewish	18905
goodnight	18892
robot	18887
crystal	18886
confirm	18875
lad	18873
mile	18870
division	18868
scratch	18843
reminds	18832
walks	18815
ending	18812
russia	18802
contest	18799
valuable	18766
distant	18763
dumped	18751
motion	18748
electricity	18745
centre	18735
murders	18729
tina	18727
jeremy	18720
seal	18717
ellen	18705
standard	18705
wore	18694
surrounded	18688
struck	18686
gentle	18681
inform	18681
status	18678
purse	18673
prints	18669
players	18666
charged	18663
begging	18659
delivered	18634
kenny	18634
buck	18631
nina	18626
confirmed	18622
construction	18622
confession	18618
trigger	18612
cells	18604
ali	18601
frankly	18601
exit	18597
response	18591
cancel	18587
argument	18569
principal	18566
turkey	18559
lucas	18554
clinic	18553
greetings	18543
neighbors	18535
vice	18528
toy	18518
hannah	18515
everyday	18508
generous	18500
gain	18497
idiots	18489
holly	18483
enjoyed	18472
jungle	18458
link	18455
underground	18450
smiling	18439
mistress	18428
teams	18420
beef	18409
product	18409
whispers	18393
presents	18386
religious	18386
identify	18377
chip	18376
chffffff	18361
surveillance	18360
carlos	18354
vampire	18324
routine	18317
uses	18299
michelle	18295
underneath	18288
systems	18269
temperature	18255
tribe	18250
waves	18250
brad	18236
deputy	18233
headquarters	18229
sophie	18229
equal	18223
phones	18210
ken	18203
reckon	18191
incredibly	18187
related	18187
chill	18182
spit	18173
tracks	18173
oscar	18169
makeup	18165
bug	18153
sounded	18153
spirits	18147
nerve	18141
divorced	18137
stake	18110
doorbell	18109
port	18109
worries	18093
nephew	18087
miller	18074
units	18062
proceed	18049
landing	18043
traitor	18033
outfit	18030
chloe	18025
bail	18021
fields	18014
patience	18011
recording	18008
foolish	17981
loaded	17981
tokyo	17971
davis	17967
costume	17959
wayne	17958
injured	17956
somethin	17943
ian	17939
pet	17933
cage	17927
digging	17908
spain	17882
seats	17880
awkward	17877
cleaned	17855
pattern	17854
filthy	17851
visiting	17849
jews	17838
answering	17835
concentrate	17819
someplace	17817
citizens	17813
aim	17811
nancy	17807
affairs	17798
thick	17798
sport	17781
basic	17779
electric	17772
pleasant	17767
cliff	17748
nail	17742
russell	17738
environment	17737
western	17737
average	17735
ease	17726
interrupt	17718
raped	17718
judy	17713
satisfied	17710
beep	17700
starving	17699
documents	17691
anniversary	17690
beth	17678
election	17677
warrior	17668
forth	17660
banks	17631
fetch	17631
placed	17627
timing	17602
stones	17597
complex	17578
frozen	17577
replace	17564
prayer	17562
skip	17555
angeles	17550
guilt	17549
tune	17528
woo	17505
actions	17501
conscience	17492
officially	17490
martha	17445
machines	17441
smaller	17438
determined	17427
blown	17421
hail	17419
unhappy	17414
booth	17413
pour	17411
berlin	17400
cleared	17397
packed	17395
wrap	17391
randy	17388
behalf	17354
reasonable	17347
trunk	17336
homes	17334
festival	17329
tradition	17326
cigarettes	17320
le	17316
beside	17314
harvey	17310
motive	17307
beings	17303
bishop	17300
dealer	17297
backup	17293
defendant	17293
wounds	17269
ouch	17265
ann	17260
nearby	17250
drank	17244
effects	17244
jonathan	17243
benefit	17224
dennis	17224
adventure	17213
territory	17203
ve	17191
apology	17183
dylan	17183
unlike	17177
owns	17174
boxes	17147
thus	17125
clay	17122
developed	17118
busted	17117
pipe	17108
gray	17100
goods	17089
favourite	17076
salad	17070
loyal	17062
atmosphere	17059
eva	17051
freaking	17046
dropping	17040
strangers	17033
mouse	17030
downtown	17014
francisco	17011
heroes	17004
pit	17001
rotten	16982
paradise	16979
meantime	16976
jess	16969
organization	16967
hills	16966
exam	16963
cock	16951
earl	16947
fairy	16947
comment	16945
activity	16936
frame	16936
knight	16917
testing	16916
habit	16908
shelter	16895
flow	16891
jennifer	16869
holes	16863
anthony	16862
prevent	16862
lend	16856
cooper	16841
figures	16838
boston	16832
sample	16832
landed	16828
strip	16828
buzzing	16822
monk	16819
slightly	16818
produce	16813
annoying	16807
judgment	16796
laundry	16794
ron	16791
lousy	16788
souls	16788
existence	16780
belly	16771
tries	16769
foster	16760
returning	16759
answered	16755
ward	16750
plants	16737
actress	16734
chairman	16733
hopes	16722
individual	16722
tattoo	16719
fence	16712
punk	16709
sink	16709
confident	16708
yay	16699
mistaken	16687
limit	16686
bothering	16684
st	16673
uncomfortable	16667
wednesday	16661
gifts	16658
policeman	16656
na	16651
precisely	16630
lawyers	16629
greek	16620
criminals	16614
merely	16614
underwear	16611
earned	16585
hoped	16585
reveal	16577
appeared	16571
derek	16571
heavens	16568
personality	16567
batman	16563
virginia	16545
wives	16541
colour	16535
worker	16529
pope	16500
instructions	16492
intelligent	16491
vince	16483
worrying	16483
comin	16470
cried	16469
traveling	16450
bells	16448
impact	16425
relief	16398
robbed	16398
host	16391
footage	16374
odds	16372
patrol	16372
circus	16368
mud	16366
captured	16363
lessons	16353
occasion	16346
sets	16344
pulse	16335
ad	16315
invented	16315
diamonds	16310
matthew	16310
auntie	16309
cloud	16306
francis	16303
angels	16300
classes	16299
hers	16299
signature	16290
complain	16287
blah	16281
monitor	16278
options	16275
claims	16274
flies	16259
pat	16246
britain	16236
hid	16234
wailing	16225
listened	16209
countries	16203
vic	16202
yell	16201
rats	16190
wondered	16183
smooth	16176
resist	16173
companies	16171
fantasy	16168
passport	16167
pitch	16155
hammer	16145
homicide	16135
casey	16129
holds	16129
flew	16114
jacob	16099
noon	16096
charm	16094
dishes	16094
helicopter	16094
spin	16094
slap	16089
apply	16079
fools	16077
screeching	16073
discover	16066
previous	16064
kit	16063
authorities	16061
moaning	16060
photograph	16054
sales	16050
fifty	16036
mickey	16033
beneath	16031
farewell	16031
clouds	16029
slipped	16022
represent	16020
deaf	16011
facing	16001
offense	15985
citizen	15984
clown	15951
snap	15948
messing	15944
hood	15937
twelve	15934
interests	15926
cheated	15925
liz	15919
informed	15907
humanity	15896
producer	15893
technically	15887
accounts	15877
extreme	15872
gettin	15872
cia	15866
ii	15863
pays	15849
profile	15841
oxygen	15836
jeez	15825
gene	15824
shed	15817
minor	15802
ex	15800
theatre	15795
scientific	15792
lovers	15784
chaos	15777
rocket	15759
math	15740
stubborn	15739
august	15736
oi	15736
chips	15733
intense	15733
grey	15726
talkin	15726
terrorist	15724
angle	15718
invitation	15714
gus	15705
gambling	15704
respond	15689
thirty	15682
procedure	15680
absolute	15677
investigate	15676
tragedy	15670
stable	15668
session	15657
capture	15652
marrying	15649
ripped	15641
attacks	15638
stretch	15635
bush	15633
dates	15625
unable	15623
gates	15622
mars	15619
artists	15617
increase	15579
tastes	15566
cared	15553
bottles	15545
highest	15522
meanwhile	15520
whirring	15520
nate	15512
grabbed	15506
pigs	15487
chop	15484
olivia	15478
wheels	15474
shocked	15457
commercial	15447
reverend	15447
escort	15444
engagement	15441
corpse	15435
louise	15427
scale	15418
worthy	15418
beats	15415
williams	15413
threatening	15405
academy	15403
exists	15403
acts	15399
hop	15391
judges	15375
furniture	15371
shared	15367
ralph	15352
consequences	15350
engineer	15348
schools	15346
softly	15334
bombs	15330
caroline	15327
shark	15326
transport	15326
population	15315
succeed	15304
creepy	15273
sneak	15267
studies	15246
destruction	15245
keith	15243
protected	15243
monsters	15241
joining	15238
punished	15236
lightning	15235
malcolm	15217
shell	15216
fascinating	15211
chamber	15208
ethan	15205
romance	15205
instance	15201
jumping	15195
groups	15192
exhausted	15188
testify	15186
pin	15177
studied	15177
walker	15177
imagined	15175
drill	15169
investigating	15167
ye	15161
elena	15131
experienced	15131
loyalty	15128
necklace	15128
junk	15116
cole	15107
cries	15106
stanley	15104
rita	15103
southern	15097
blocks	15082
emotions	15081
begun	15075
maya	15075
liver	15069
serving	15069
matches	15066
surgeon	15065
granted	15060
jazz	15056
july	15054
supplies	15054
deeper	15053
typical	15047
kicking	15046
obey	15041
dancer	15025
remote	15002
daughters	14994
moron	14993
latin	14984
teachers	14971
toby	14963
sandy	14961
dragged	14959
strategy	14958
parent	14956
jin	14950
album	14949
compared	14922
rubbish	14922
helpful	14911
powder	14909
sync	14903
bum	14899
passes	14895
joan	14881
fort	14880
choices	14874
alley	14870
supper	14868
penis	14867
alibi	14864
sammy	14859
pole	14856
coke	14852
scientist	14842
fighter	14835
highway	14808
blade	14804
alpha	14793
diet	14792
liquor	14789
jet	14777
liberty	14774
philip	14774
widow	14774
moral	14770
carrie	14748
award	14738
grief	14736
thirsty	14735
ashley	14726
random	14714
suspects	14713
intention	14708
julian	14695
active	14692
tools	14686
driven	14678
trauma	14678
headache	14669
alexander	14659
safely	14659
knee	14657
lads	14656
novel	14653
conversations	14650
waters	14645
invisible	14644
lookin	14644
internal	14640
peaceful	14638
humming	14637
washed	14635
drives	14629
talented	14613
li	14612
aid	14606
elephant	14585
troubles	14569
core	14568
serial	14563
painted	14560
divine	14549
jam	14544
goat	14543
opera	14537
thieves	14533
guessing	14528
objection	14502
whiskey	14500
florida	14494
resistance	14493
dressing	14492
attached	14487
aaron	14486
brief	14475
punish	14475
eternal	14471
lois	14470
required	14455
victoria	14449
fabulous	14442
twins	14437
characters	14433
cooked	14431
ln	14428
ruth	14417
dreamed	14415
arts	14409
naughty	14407
stabbed	14399
tend	14399
diane	14392
tap	14383
soap	14380
development	14368
locker	14368
images	14367
prick	14365
global	14354
string	14343
bitter	14342
sharing	14342
corn	14336
craig	14336
fits	14333
tent	14330
forms	14329
votes	14326
harold	14322
propose	14322
monica	14314
constantly	14313
granny	14313
arguing	14307
nerves	14307
nicely	14307
abuse	14300
relatives	14297
survival	14294
gloves	14291
tracking	14286
zoe	14282
bend	14275
review	14264
connect	14251
separated	14251
elder	14250
beard	14244
admiral	14242
diana	14242
salary	14232
areas	14231
disturb	14228
pro	14226
maintain	14223
solved	14222
wealth	14216
bitches	14210
possession	14197
sang	14197
gimme	14195
plates	14194
shoulders	14193
burnt	14185
recorded	14182
upper	14179
counts	14178
profit	14176
tale	14176
colleague	14172
hostage	14169
warehouse	14169
shore	14168
porn	14166
miami	14163
fifteen	14162
visitors	14162
bo	14160
net	14159
insult	14157
owen	14156
causing	14151
cities	14151
heal	14149
lemon	14149
banging	14147
honeymoon	14144
appeal	14140
marshall	14135
creating	14124
critical	14124
scotland	14122
crane	14108
enormous	14106
testimony	14106
fights	14099
praise	14099
commission	14094
indians	14094
growls	14091
nicole	14087
sins	14077
fraud	14069
branch	14068
happily	14059
bout	14053
covering	14036
occurred	14024
beans	14002
raw	14001
muscle	13989
pages	13987
tense	13986
relationships	13984
management	13983
assignment	13980
blonde	13977
catching	13974
exposed	13974
canada	13973
dont	13958
han	13957
von	13952
comedy	13945
marco	13940
stroke	13936
whistling	13933
buildings	13930
shaking	13929
facility	13927
appropriate	13924
remarkable	13923
transferred	13915
drawn	13914
tits	13914
clicking	13913
symbol	13910
motor	13908
employees	13896
ambassador	13895
mothers	13894
feeding	13889
pile	13889
soda	13883
checks	13879
bears	13874
cookies	13874
slut	13870
awfully	13861
levels	13857
stepped	13857
toys	13857
differently	13855
magnificent	13855
steak	13851
leaders	13850
tube	13850
superior	13842
herr	13841
pan	13839
expression	13833
currently	13809
deadly	13792
throne	13792
bee	13791
tooth	13789
depressed	13778
potatoes	13775
wicked	13765
resources	13760
native	13757
centuries	13754
karl	13753
poetry	13740
multiple	13734
cable	13732
shortly	13725
buzz	13723
fingerprints	13721
socks	13721
chin	13718
goddess	13718
anxious	13710
colors	13706
september	13706
basketball	13704
promises	13700
explained	13699
appearance	13691
musical	13668
sends	13668
slide	13666
aii	13665
shawn	13662
ultimate	13650
pork	13643
communication	13641
payment	13638
structure	13634
paperwork	13633
obsessed	13628
lazy	13627
russians	13622
actors	13619
squeeze	13618
magical	13612
colleagues	13605
admire	13592
madness	13589
roads	13587
entry	13586
injury	13580
burden	13575
racing	13575
manner	13573
freezing	13565
bits	13552
norman	13551
mount	13542
battery	13539
dessert	13539
pound	13536
motel	13533
visited	13533
rumbling	13531
cinema	13529
fond	13524
halfway	13521
rifle	13515
reception	13508
statue	13505
fridge	13504
brick	13498
abandon	13496
lap	13495
natalie	13476
wars	13473
recommend	13467
brush	13464
nelson	13461
concept	13457
pill	13457
delay	13454
korea	13452
quarters	13452
janet	13449
rub	13438
mall	13435
soil	13435
complaint	13429
sail	13426
baker	13419
coughs	13404
bucket	13401
description	13397
badge	13386
measure	13386
hip	13383
function	13382
indistinctly	13378
harris	13373
foundation	13370
labor	13363
willie	13363
waiter	13351
homeless	13347
proved	13344
unfortunate	13339
log	13338
meetings	13337
giggles	13335
combat	13326
poem	13326
polish	13323
handed	13322
mia	13317
weed	13315
raymond	13303
tons	13301
jersey	13278
satellite	13278
eagle	13276
privacy	13276
chapter	13274
treating	13271
barn	13260
entering	13260
flip	13260
wisdom	13260
farmer	13259
clan	13257
budget	13230
pub	13230
temporary	13228
effective	13224
sonny	13216
wendy	13210
juan	13208
lamb	13208
plot	13200
riley	13193
proposal	13180
sticks	13175
searched	13174
blessing	13165
rage	13164
bothered	13158
sydney	13156
basis	13155
manners	13152
recover	13150
twist	13149
neil	13143
leak	13139
item	13137
catholic	13125
sighing	13121
retired	13120
kings	13109
inner	13106
affect	13105
cents	13105
forbidden	13101
patch	13101
drops	13095
necessarily	13093
provided	13087
meters	13086
booked	13083
returns	13080
fires	13076
gloria	13076
humor	13073
torn	13057
rocky	13048
introduced	13045
creative	13042
betray	13038
soviet	13036
various	13035
added	13032
cowboy	13030
discovery	13030
suspected	13013
suggested	13007
delighted	13005
sticking	13005
dive	13004
shane	13001
prosecutor	12998
radar	12998
amber	12995
vast	12995
quinn	12992
owned	12983
cookie	12976
felix	12975
finest	12975
pump	12966
valentine	12964
counter	12955
sorts	12950
coin	12942
warren	12941
slaves	12939
marine	12938
illness	12935
sack	12931
bid	12929
moscow	12926
require	12926
largest	12923
washing	12923
achieve	12922
causes	12916
mo	12913
dope	12911
nest	12903
palm	12900
logan	12897
constant	12892
boo	12891
medication	12882
booze	12870
gravity	12870
noah	12868
abroad	12866
evan	12866
christine	12862
rising	12853
analysis	12847
cuts	12846
eats	12844
employee	12838
vodka	12835
damaged	12831
height	12829
pops	12829
solar	12829
yards	12824
terrified	12816
suitcase	12807
chemical	12796
preparing	12787
advanced	12780
fund	12780
wears	12774
chirping	12772
web	12749
phase	12737
prom	12733
suggesting	12731
fleet	12730
lame	12724
irish	12719
editor	12715
october	12711
assumed	12706
whip	12705
mel	12699
region	12699
amongst	12692
temper	12689
discussion	12687
engines	12683
operate	12674
sunshine	12671
acted	12665
undercover	12661
horror	12656
smash	12651
tested	12651
contrary	12648
roses	12645
poker	12640
wrapped	12640
korean	12637
graham	12634
mi	12632
fu	12630
ivan	12624
focused	12623
liam	12621
tragic	12615
carla	12611
demons	12599
rounds	12598
entertainment	12596
gathered	12593
uhh	12592
lincoln	12590
yells	12590
crossing	12583
blanket	12576
nut	12571
pockets	12570
travis	12570
limited	12569
paintings	12560
sober	12560
caesar	12557
sis	12555
intended	12551
computers	12548
niece	12548
tennis	12533
needle	12526
chicks	12525
traditional	12525
delicate	12523
independent	12516
leslie	12508
lauren	12500
grandson	12494
repair	12491
brandon	12485
executive	12481
colin	12478
recognized	12473
holmes	12472
regarding	12470
weakness	12469
aliens	12467
gunshots	12466
european	12464
method	12463
tool	12453
demands	12447
permit	12445
towel	12445
daisy	12442
northern	12441
nowadays	12441
spider	12441
rangers	12435
zoo	12434
antonio	12425
praying	12425
passengers	12420
con	12419
australia	12418
technique	12413
cellphone	12406
gently	12404
operations	12401
planes	12400
bunny	12396
gunfire	12388
shining	12387
backwards	12382
skill	12381
baron	12372
kidnapping	12366
iike	12363
marshal	12360
petty	12357
sealed	12353
massage	12347
diary	12346
menu	12346
raising	12346
fucker	12343
wagon	12341
audition	12337
mitch	12337
mexican	12335
casino	12331
bacon	12328
diego	12324
dutch	12316
promotion	12315
click	12313
forgiveness	12311
burst	12309
permanent	12305
interfere	12303
chanting	12299
dammit	12296
spencer	12293
recovered	12291
registered	12281
sunny	12278
packing	12277
scenes	12277
superman	12275
questioning	12272
unfair	12267
admitted	12265
ancestors	12265
polite	12265
completed	12249
swallow	12249
conduct	12242
prayers	12236
sheet	12233
fried	12231
avenue	12214
poisoned	12212
reverse	12201
newspapers	12196
ford	12195
complaining	12187
senses	12184
investment	12177
absurd	12170
potato	12161
understands	12158
grows	12157
inspired	12146
celebrating	12133
ruby	12133
tag	12130
ram	12127
bonnie	12120
requires	12120
bugs	12119
leonard	12117
elliot	12116
hooked	12114
jill	12113
ranch	12111
safer	12102
worn	12101
crashing	12098
lands	12095
heather	12089
ash	12083
leather	12079
grounds	12072
assuming	12070
nails	12069
conspiracy	12066
dana	12066
pierre	12061
thanksgiving	12061
guardian	12045
rumors	12042
megan	12041
yen	12041
ashes	12036
terror	12029
misunderstanding	12023
tire	12017
boats	12007
parade	12004
halt	12003
immunity	11998
adults	11997
steam	11988
closely	11984
kang	11984
pearl	11982
soccer	11973
adrian	11959
priority	11956
shouts	11953
donald	11947
happier	11946
khan	11946
struggling	11943
root	11937
larger	11913
november	11913
boot	11912
conflict	11909
laughed	11909
debbie	11902
cherry	11899
honking	11897
celebration	11894
concerns	11894
sore	11891
cattle	11890
unconscious	11890
breasts	11885
fairly	11885
fee	11885
holidays	11883
radiation	11883
raining	11883
recognise	11883
wade	11883
forgetting	11880
lungs	11868
register	11866
shadows	11865
specifically	11861
sarge	11859
ideal	11853
turtle	11843
spoil	11842
deserved	11834
ronnie	11831
gina	11827
candidate	11825
lance	11825
types	11825
bloke	11822
explode	11820
belonged	11815
immediate	11815
identified	11808
di	11800
hunger	11798
closest	11795
combination	11784
nanny	11780
seth	11780
detectives	11778
develop	11778
gabriel	11778
severe	11773
en	11768
organized	11767
franklin	11758
gut	11755
splendid	11755
dismissed	11743
pm	11736
yang	11733
halloween	11732
ellie	11730
continued	11723
vulnerable	11723
vital	11721
bureau	11720
comrades	11720
drawer	11718
harper	11715
retreat	11715
carson	11713
benny	11711
pillow	11710
ace	11707
troy	11707
cart	11704
chan	11701
nap	11701
ham	11699
announce	11693
borrowed	11691
parked	11680
galaxy	11679
muffled	11677
voted	11677
sebastian	11676
jewelry	11673
kisses	11669
luggage	11663
groom	11658
oops	11658
lighter	11657
masters	11650
alliance	11644
buddies	11641
clothing	11638
denied	11636
drown	11630
alike	11628
excellency	11628
relative	11620
photographs	11616
burger	11614
dough	11613
alicia	11610
wreck	11608
approve	11606
produced	11603
christina	11601
physically	11600
stations	11598
eli	11597
samantha	11597
spiritual	11594
roaring	11592
sire	11592
stab	11589
inch	11588
servants	11588
limits	11586
unexpected	11578
arrival	11576
whimpering	11576
basket	11575
sheets	11572
scandal	11570
stink	11566
homer	11560
christopher	11559
tara	11559
toes	11559
shield	11551
shooter	11548
instant	11538
objects	11537
rehearsal	11534
disturbing	11532
directed	11526
scan	11522
electronic	11521
overnight	11521
republic	11521
counsel	11513
sirens	11512
dorothy	11510
bait	11509
dignity	11506
explains	11506
lean	11504
heroin	11503
tracy	11499
rex	11493
barney	11490
gossip	11490
economy	11487
humble	11487
worlds	11472
impress	11460
clara	11459
tissue	11459
et	11453
threaten	11453
bump	11452
supreme	11446
bingo	11443
mitchell	11441
excitement	11440
mankind	11437
document	11431
broad	11430
vessel	11427
vietnam	11427
dale	11424
lit	11424
connor	11418
killers	11418
mario	11414
foul	11409
stare	11406
deaths	11403
hut	11397
elements	11394
coma	11389
laying	11387
coffin	11384
paula	11383
cocaine	11381
puppy	11380
louder	11375
announcement	11372
handled	11372
oath	11371
mob	11364
cotton	11356
deposit	11355
taxes	11346
injuries	11337
jen	11331
autopsy	11327
advise	11326
gig	11320
lecture	11317
posted	11314
skinny	11314
lo	11311
include	11309
revealed	11305
infected	11302
assistance	11296
relieved	11296
solo	11290
determine	11279
terrorists	11277
elsewhere	11276
lamp	11274
practical	11264
marked	11263
adorable	11260
rubber	11260
operating	11258
purple	11258
suite	11257
apologies	11255
personnel	11251
beam	11248
poet	11248
samples	11246
arrow	11242
counselor	11242
allen	11238
carpet	11238
audrey	11235
spotted	11233
floating	11229
corrected	11210
located	11210
journalist	11207
insisted	11205
operator	11188
rely	11186
singh	11185
fooled	11179
arrives	11176
leon	11167
eastern	11160
walt	11160
ay	11158
shave	11150
remaining	11148
toss	11148
anderson	11142
acid	11135
lip	11135
nora	11129
si	11122
december	11119
anonymous	11113
inn	11107
planted	11106
oldest	11104
breast	11093
sixth	11090
error	11085
reporting	11084
egypt	11071
islands	11071
jules	11046
roommate	11044
sings	11044
scum	11037
visitor	11032
described	11030
geez	11030
giggling	11030
inches	11028
commitment	11027
hercules	11024
react	11024
cows	11018
protest	11018
misery	11012
embrace	11008
theft	11008
darn	11003
harsh	11003
andrea	11002
communicate	11000
fathers	10999
faithful	10997
hector	10994
flame	10993
medal	10990
photographer	10986
silk	10986
cemetery	10983
trevor	10983
banana	10980
freddy	10980
rear	10980
allison	10971
emotion	10966
chap	10964
dated	10961
excuses	10959
shitty	10956
bin	10946
jew	10942
crushed	10937
gum	10937
content	10933
efforts	10933
corporal	10920
realised	10918
del	10915
rap	10914
hopeless	10912
debate	10911
era	10908
luckily	10908
ton	10902
liquid	10898
swell	10896
feast	10892
peggy	10892
murphy	10890
attracted	10887
application	10876
profession	10876
bench	10874
vanessa	10873
ahem	10870
symptoms	10868
scout	10859
crashed	10855
keen	10852
aircraft	10839
formed	10837
hon	10827
aggressive	10821
pale	10820
significant	10820
duncan	10817
clubs	10816
visual	10816
embassy	10810
cabinet	10808
defence	10808
display	10807
fame	10805
gibbs	10801
drowned	10796
filming	10794
wolves	10794
dunno	10792
cursed	10788
twin	10785
sorrow	10779
vault	10774
defeated	10773
watson	10772
quote	10770
bargain	10769
penalty	10769
pepper	10767
speaker	10763
compare	10761
helmet	10760
satan	10760
scar	10757
copies	10751
fuss	10748
envelope	10744
perry	10736
stinks	10733
african	10732
arrangements	10730
wished	10726
honored	10723
believing	10716
discussed	10713
assigned	10711
rosa	10707
oven	10701
attacking	10698
jenna	10698
tin	10695
sonic	10689
collar	10685
mere	10681
romeo	10679
belief	10676
storage	10672
rusty	10665
climbing	10654
psycho	10654
melissa	10651
fears	10650
sum	10648
dedicated	10644
ladder	10641
alternative	10631
raid	10631
dining	10626
ms	10626
corporate	10624
folk	10619
jon	10616
replaced	10615
bailey	10613
un	10610
heels	10609
duties	10606
existed	10606
smarter	10606
surprising	10604
chess	10603
requested	10602
cruise	10591
primary	10590
rhythm	10588
drum	10585
models	10584
motorcycle	10584
adopted	10580
barrel	10578
cargo	10578
planets	10575
shove	10575
wha	10574
surprises	10565
rosie	10562
dings	10559
trailer	10553
cannon	10550
arse	10547
tables	10547
ally	10546
lawrence	10543
wee	10538
tapes	10533
dull	10531
sandra	10531
teenage	10530
kent	10528
cooperate	10524
risks	10521
dug	10519
worthless	10519
arriving	10517
kindness	10514
ties	10512
items	10511
grip	10505
relations	10500
rumor	10499
skirt	10496
frog	10495
paige	10484
lloyd	10481
claimed	10474
instrumental	10474
perfume	10474
association	10473
flames	10473
loses	10468
january	10465
spike	10465
israel	10461
eleven	10459
gallery	10456
ginger	10456
activities	10452
iraq	10452
boarding	10437
fist	10433
improve	10427
stuffed	10427
creation	10426
connie	10423
infection	10418
strikes	10417
tension	10417
wiped	10417
whistles	10414
kindly	10412
certificate	10411
curtis	10410
bold	10407
claudia	10405
threats	10405
sid	10399
suspended	10395
twisted	10395
affected	10392
envy	10390
whale	10388
dial	10386
cameron	10385
martial	10385
controlled	10383
lung	10383
nigga	10373
coal	10368
upside	10368
imperial	10367
pam	10366
paranoid	10352
signing	10349
congress	10348
villa	10342
candles	10341
filling	10341
becky	10338
comic	10338
faint	10338
recovery	10336
volunteer	10336
tech	10335
bleed	10333
positions	10333
cindy	10329
narrow	10313
forbid	10308
stuart	10307
perspective	10304
faced	10301
neat	10300
pierce	10300
observe	10295
cycle	10292
handling	10292
psychic	10292
goose	10288
accidentally	10286
conclusion	10286
designer	10285
sits	10283
importance	10281
spots	10269
francs	10266
sweep	10264
destroying	10260
communist	10251
blackmail	10242
pacific	10237
risky	10237
glorious	10234
filed	10232
hatred	10220
cam	10219
deals	10217
pos	10216
fooling	10212
persons	10209
scotch	10209
executed	10200
brakes	10198
blank	10196
tender	10193
kurt	10191
turner	10188
tub	10178
sucker	10171
slight	10168
addition	10162
campus	10159
ritual	10159
prey	10157
graduate	10153
anyways	10152
ew	10152
fry	10147
genuine	10144
ned	10140
doubts	10135
judging	10135
warden	10134
ceiling	10127
practicing	10119
somewhat	10115
established	10112
attempted	10111
generations	10106
zombie	10106
gathering	10093
warriors	10091
mick	10087
electrical	10084
collins	10077
sobs	10077
couples	10072
depend	10072
institute	10069
miranda	10067
principle	10067
fixing	10065
therapist	10064
compete	10059
compliment	10053
worship	10052
residence	10047
democracy	10037
joel	10031
helpless	10030
myth	10030
published	10030
screwing	10027
kennedy	10020
execution	10015
appetite	10008
formal	10002
strictly	10001
sucked	9999
tanks	9998
chickens	9989
gwen	9986
technical	9986
stella	9983
rod	9979
meets	9971
shepherd	9971
brazil	9970
brutal	9970
alison	9968
vain	9967
chi	9962
switched	9962
deer	9951
brooklyn	9948
dresses	9946
retire	9946
inspiration	9935
overcome	9935
benjamin	9933
cunt	9933
nicky	9933
thrilled	9930
suggestion	9924
tae	9924
dummy	9920
sailor	9918
destination	9916
assholes	9908
bass	9908
picnic	9908
idol	9907
trucks	9904
rank	9901
denise	9895
yu	9894
veronica	9892
blocked	9889
strict	9889
hiya	9888
formula	9886
clerk	9883
disturbed	9876
samurai	9876
cafe	9875
vera	9875
wandering	9875
consciousness	9872
val	9866
nikki	9861
min	9851
bare	9850
caleb	9845
hans	9845
arrangement	9842
butcher	9842
chased	9841
ministry	9841
brandy	9839
boobs	9836
sweater	9836
locate	9829
apologise	9822
nazi	9820
examine	9811
parole	9811
candle	9809
trains	9809
prior	9804
stream	9803
passage	9792
organ	9791
reaching	9791
directions	9788
asses	9787
morris	9787
outer	9787
proves	9787
luxury	9781
pistol	9775
losers	9770
funds	9765
strings	9763
sunset	9763
fortunately	9762
gotcha	9762
tomb	9754
freddie	9753
engineering	9746
element	9740
balloon	9735
broadcast	9731
spray	9731
ty	9731
ninja	9728
eternity	9726
handy	9724
crawl	9712
nations	9710
slice	9710
behaviour	9709
pace	9703
stiff	9703
lick	9699
allah	9688
concrete	9688
vegetables	9685
euros	9683
sausage	9681
constable	9680
spinning	9678
rolls	9675
genetic	9669
loudly	9668
marvelous	9666
subway	9666
creep	9665
scheme	9659
performed	9650
plug	9649
rejected	9643
brenda	9639
respected	9634
backs	9628
protocol	9618
muscles	9608
kidney	9606
finishing	9605
im	9605
products	9605
wu	9599
affection	9592
invasion	9592
endless	9590
woody	9590
discipline	9589
horns	9587
absence	9583
waking	9581
dudes	9580
philosophy	9578
cracked	9576
nicholas	9573
reed	9570
verdict	9570
drake	9567
connections	9565
privilege	9565
anyhow	9561
scent	9561
naive	9559
daylight	9558
airplane	9556
controls	9556
jolly	9555
values	9555
swore	9551
blaring	9549
consent	9546
puzzle	9542
disagree	9534
argh	9521
winds	9521
vanished	9518
wizard	9517
ranger	9515
celebrity	9514
sniffles	9514
stores	9510
aha	9505
intentions	9501
farmers	9498
plague	9498
breeze	9495
rascal	9493
bonus	9483
convenient	9483
dong	9483
hush	9482
entitled	9473
instinct	9473
maurice	9471
porter	9471
wrist	9470
coins	9467
originally	9467
drain	9458
furious	9457
phoebe	9457
physics	9457
sniffs	9454
vampires	9454
defending	9449
sector	9449
income	9448
finn	9447
offended	9445
decides	9439
laser	9436
fled	9433
accurate	9432
beers	9432
boxing	9432
kung	9430
snakes	9426
thumb	9423
bald	9422
sharon	9417
suspicion	9416
convicted	9414
roots	9413
shares	9410
bernard	9408
jessie	9407
wang	9407
blues	9398
harrison	9398
confusing	9395
las	9392
lobby	9392
recipe	9392
winston	9388
generally	9382
secretly	9378
seeking	9378
declare	9376
freaked	9373
missile	9373
ensure	9372
tricky	9367
pointed	9366
hockey	9364
bubble	9363
contacts	9363
maximum	9360
reminded	9360
carriage	9353
curtain	9342
clues	9337
author	9332
circles	9332
hostages	9332
wallace	9331
receiving	9325
debts	9320
cellar	9319
tortured	9318
tips	9315
mates	9313
mortal	9310
reporters	9310
associate	9309
honesty	9307
laptop	9303
jung	9300
katherine	9291
rainbow	9287
seed	9287
mature	9284
deed	9282
kay	9279
expenses	9263
discussing	9262
meals	9260
pirate	9260
performing	9259
remained	9256
adams	9252
prostitute	9252
retirement	9247
platform	9246
claus	9244
erica	9240
beds	9234
illusion	9233
writes	9233
dealt	9231
mill	9231
hears	9222
manhattan	9219
tryin	9219
mole	9218
prosecution	9215
rang	9215
fatal	9211
copper	9209
troubled	9208
heir	9202
traces	9200
length	9199
owners	9199
dentist	9197
enterprise	9196
lesbian	9196
zach	9196
tournament	9194
travelling	9194
confessed	9190
roast	9189
website	9187
ja	9184
mikey	9184
flood	9180
harbor	9180
lola	9178
rory	9174
mansion	9171
richie	9171
mademoiselle	9170
auction	9168
desires	9164
bachelor	9161
haunted	9156
distracted	9153
smashed	9146
rodney	9143
scheduled	9140
allows	9130
champ	9130
negotiate	9130
shotgun	9126
cocktail	9123
nigger	9123
donkey	9120
pointing	9120
butler	9114
dizzy	9112
methods	9111
reference	9111
bully	9109
georgia	9109
lydia	9109
collapse	9108
alfred	9104
ana	9101
minimum	9101
chairs	9099
hee	9098
patty	9093
owes	9090
carmen	9089
civilization	9089
included	9089
prices	9082
wealthy	9077
bart	9076
depression	9076
tide	9074
rented	9073
bra	9071
lin	9071
fellows	9067
password	9067
rot	9067
th	9065
kirk	9064
pedro	9064
spill	9061
cured	9058
hardest	9057
naomi	9057
deceased	9052
sleepy	9051
static	9049
hawaii	9046
almighty	9043
murray	9042
offers	9042
bruno	9039
disgrace	9039
phrase	9039
sources	9038
approval	9036
turtles	9035
screech	9033
snack	9033
collected	9026
ding	9024
fur	9023
jan	9019
jewels	9019
cheek	9017
ditch	9017
legally	9017
benefits	9014
roars	9013
arnold	9007
dime	9004
domestic	9004
chuckle	9001
chang	8997
hack	8997
ransom	8997
bore	8994
muslim	8991
loads	8989
waitress	8989
glenn	8986
nurses	8986
spite	8986
clearing	8985
rebel	8985
andre	8983
fortunate	8980
survivors	8980
disappoint	8978
reply	8978
expose	8976
orbit	8976
gin	8967
austin	8966
toe	8964
sympathy	8963
intel	8950
growth	8947
psychiatrist	8944
encounter	8941
slams	8941
daphne	8936
passenger	8935
monkeys	8934
accompany	8929
hats	8929
column	8923
sigh	8920
pounding	8919
economic	8913
tales	8912
theirs	8904
brat	8901
follows	8900
spreading	8900
burt	8897
hilarious	8895
hallway	8891
hamilton	8887
exclusive	8882
chimes	8881
decades	8881
greet	8881
bowling	8876
buttons	8875
confusion	8873
thud	8862
hooker	8856
dreadful	8854
ruining	8854
collecting	8847
lions	8844
sheila	8838
douglas	8835
february	8834
elvis	8829
forty	8828
sleeps	8827
sung	8827
brass	8822
shrink	8822
zack	8819
whimpers	8818
sworn	8816
email	8809
proven	8806
tasty	8806
covers	8805
rarely	8803
sandwiches	8803
wyatt	8797
programme	8796
irene	8791
dee	8785
contacted	8780
chemistry	8778
assured	8777
applied	8775
elected	8775
subjects	8772
lust	8769
label	8768
shakespeare	8766
ego	8765
tan	8765
forgiven	8764
companion	8762
phoenix	8762
lottery	8761
publicity	8759
worm	8759
butterfly	8758
dialogue	8758
cal	8755
tremendous	8752
pervert	8750
establish	8747
dearest	8746
intimate	8746
eager	8744
se	8742
cathy	8740
atlantic	8736
contains	8736
thompson	8734
bets	8733
shirley	8733
inhales	8731
presentation	8731
allergic	8730
den	8730
wells	8728
spoiled	8725
chen	8724
accomplished	8722
repay	8722
logic	8721
politicians	8721
gratitude	8718
afghanistan	8715
exception	8715
ultimately	8715
compromise	8712
majority	8712
pablo	8712
journal	8711
signals	8709
bent	8708
dock	8705
meg	8705
campbell	8703
essential	8703
climate	8702
experiments	8700
ink	8700
administration	8699
magazines	8699
rivers	8699
teresa	8699
passionate	8698
lawn	8695
precise	8695
jeans	8690
via	8690
murmuring	8689
resort	8686
announced	8684
buddha	8680
fries	8677
capacity	8674
lena	8673
opponent	8673
chains	8671
apples	8668
caitlyn	8668
minus	8668
angie	8667
seattle	8664
aww	8662
instrument	8659
healing	8658
convention	8657
messenger	8657
explore	8654
sonia	8652
versus	8648
survivor	8640
ruled	8637
boyd	8636
clarence	8633
madison	8633
cough	8623
disguise	8620
experts	8620
archer	8618
bicycle	8618
noises	8605
inviting	8604
pregnancy	8601
declared	8599
yi	8598
vicky	8596
drums	8595
wooden	8592
innocence	8589
mouths	8582
bees	8580
creaking	8579
cloth	8577
sasha	8574
unh	8572
allies	8569
painter	8569
skies	8569
miguel	8567
pond	8564
runway	8563
robbie	8561
assist	8558
lana	8558
presented	8552
mona	8551
sickness	8551
civilian	8550
facebook	8548
fighters	8548
customs	8547
florence	8542
remembers	8536
sharks	8533
juliet	8532
shrimp	8526
tore	8526
seventh	8522
ou	8520
avoiding	8514
dawson	8513
isaac	8511
championship	8506
rolled	8506
household	8504
chad	8503
float	8503
ballet	8500
cracking	8498
raj	8497
possessed	8495
harmless	8492
curiosity	8489
vicious	8489
glove	8485
officials	8485
nearest	8482
begged	8481
manny	8481
que	8479
withdraw	8478
shocking	8473
guessed	8467
forehead	8466
greedy	8466
nightmares	8466
corps	8465
pirates	8463
rudy	8463
reservation	8457
fog	8454
hunters	8454
flu	8450
hint	8438
peanut	8438
stark	8437
erin	8435
gamble	8435
autumn	8432
bracelet	8432
contain	8431
arrogant	8425
simpson	8421
piper	8419
knocks	8418
gesture	8415
sperm	8415
materials	8413
lindsay	8407
alexis	8404
standards	8403
ticking	8403
ribs	8400
receipt	8394
regards	8390
whatsoever	8385
homeland	8384
leap	8382
targets	8382
damon	8381
snoring	8381
leaf	8379
jar	8374
brooke	8372
proposed	8371
caring	8366
savage	8366
approximately	8365
ivy	8365
kidnap	8358
bounce	8356
carries	8356
creek	8355
cleaner	8352
pony	8352
businessman	8350
lunatic	8347
gal	8346
unlikely	8346
colony	8344
situations	8344
sells	8341
chambers	8340
choi	8340
volume	8331
sweets	8330
panties	8328
respects	8327
reads	8325
seeds	8322
engage	8319
explosives	8315
stewart	8311
lighting	8308
mutual	8308
violet	8308
lenny	8306
scores	8306
savings	8305
beware	8303
stephanie	8302
educated	8299
complaints	8297
cassie	8296
doomed	8296
offensive	8290
harvest	8289
qualified	8287
cape	8284
relaxed	8284
buffalo	8283
triple	8281
armor	8278
fireworks	8278
palmer	8278
poverty	8277
leadership	8272
rode	8267
ambition	8256
cakes	8255
bean	8248
melt	8248
trousers	8248
racist	8243
bam	8242
ankle	8240
nicer	8234
occupied	8234
correctly	8230
terrifying	8230
hugh	8229
gasp	8227
villain	8227
willy	8227
marc	8223
draft	8220
factor	8209
countess	8204
whew	8204
portrait	8201
font	8192
suggests	8192
blair	8190
learnt	8189
coordinates	8182
pencil	8182
collapsed	8179
reserve	8177
jeffrey	8174
shirts	8170
umbrella	8164
stevie	8161
ta	8161
traveled	8158
auto	8157
chew	8157
logical	8157
eliminate	8154
beverly	8152
cancelled	8152
carbon	8152
crawling	8152
independence	8152
stepping	8152
medium	8149
canceled	8148
tess	8142
fanny	8141
seated	8141
upbeat	8139
asian	8138
drowning	8138
messy	8138
quest	8136
fletcher	8132
memorial	8132
represents	8132
doyle	8129
bearing	8126
stressed	8126
watches	8126
spoon	8120
cooperation	8119
earthquake	8113
tucker	8113
sailing	8111
involve	8110
houston	8108
asia	8097
reliable	8095
spectacular	8095
breach	8091
sophisticated	8088
echo	8086
indicate	8086
swamp	8085
vehicles	8083
elegant	8079
manual	8079
compound	8073
scares	8073
serves	8073
pursue	8072
rattling	8072
dreamt	8070
stefan	8067
revolutionary	8064
wa	8064
rig	8061
convincing	8059
fiona	8057
tribal	8057
cleveland	8056
depth	8054
lex	8054
aids	8050
blaming	8050
elaine	8048
wakes	8048
occur	8044
camping	8032
fart	8032
kathy	8029
stamp	8029
approved	8025
assassin	8025
annual	8023
crucial	8023
torch	8023
dallas	8022
fulfill	8020
bon	8019
resting	8016
reunion	8012
witnessed	8009
graduated	8006
sub	8003
howling	8001
clyde	8000
hospitals	7998
stall	7997
legacy	7995
otto	7994
riot	7994
shops	7993
whereabouts	7993
teenager	7990
samuel	7988
squealing	7987
danced	7985
mines	7985
crowded	7984
orleans	7981
literature	7979
morgue	7978
strongest	7976
agnes	7975
transmission	7972
panel	7971
sequence	7971
sexually	7971
sole	7971
georgie	7968
hugo	7968
denny	7966
smack	7965
anxiety	7962
congratulate	7962
choking	7959
tolerate	7956
mode	7953
communications	7952
dice	7952
welfare	7952
orphan	7950
advertising	7947
locks	7947
settlement	7947
mcgee	7943
uniforms	7943
devoted	7941
shoots	7941
principles	7940
circuit	7938
dot	7937
elderman	7937
nickname	7937
scenario	7935
choir	7934
smoked	7930
stunt	7930
isolated	7928
equally	7927
statements	7925
gil	7924
lipstick	7922
shaw	7922
courtesy	7916
hobby	7913
hatch	7912
hesitate	7912
luis	7910
phoned	7905
sylvia	7905
experiences	7903
popped	7902
quid	7899
fragile	7897
fiction	7896
husbands	7896
dolls	7893
pastor	7893
persuade	7893
ji	7891
ming	7891
pose	7891
rupees	7890
tricked	7888
ruins	7887
owed	7886
sadly	7886
importantly	7880
industrial	7878
louie	7878
musician	7872
labour	7871
evolution	7869
salute	7866
ba	7865
cent	7862
bartender	7861
calendar	7861
hal	7861
miracles	7861
balcony	7855
horny	7852
regard	7852
valerie	7850
fold	7849
organs	7846
nigel	7840
einstein	7839
theo	7839
boris	7836
suitable	7836
inaudible	7831
melody	7817
movements	7814
phillip	7814
differences	7812
barbecue	7811
strongly	7806
trading	7806
fluid	7805
scholarship	7803
translation	7802
cricket	7799
moans	7799
shuttle	7799
quicker	7792
murderers	7790
picks	7790
videos	7790
initial	7789
perimeter	7787
questioned	7786
yea	7786
cousins	7781
divided	7780
linked	7779
laboratory	7774
crab	7768
pulls	7767
landlord	7765
reggie	7765
hostile	7764
classified	7761
cultural	7758
measures	7758
update	7749
backyard	7748
cottage	7748
amateur	7746
chopper	7745
despair	7745
rash	7745
honorable	7742
shiny	7740
hawk	7739
shorts	7739
ni	7735
representative	7733
wong	7733
distress	7732
pouring	7732
tanner	7730
telegram	7729
dip	7727
pimp	7727
trophy	7727
es	7723
hallelujah	7723
marilyn	7723
neal	7723
howdy	7720
misses	7713
flush	7710
magician	7705
cuba	7704
dynamite	7704
conquer	7699
unpleasant	7696
jealousy	7695
regrets	7694
lifted	7691
increased	7689
toxic	7689
broadway	7686
pudding	7682
sakes	7682
rally	7679
bloom	7677
needing	7677
buys	7676
corporation	7676
disorder	7674
interrupting	7674
sadness	7673
needn	7672
barnes	7670
cease	7670
scoundrel	7669
evans	7667
sensible	7667
specialist	7666
dragging	7664
bribe	7661
bothers	7660
burke	7660
interrogation	7658
prescription	7657
referring	7657
knives	7652
graduation	7651
bubbles	7647
grid	7647
liking	7647
haircut	7639
regardless	7636
lodge	7635
poisoning	7635
feathers	7632
edgar	7631
software	7629
marina	7625
sophia	7625
queens	7623
oak	7622
trips	7622
avery	7620
awhile	7620
scaring	7620
sofa	7619
conscious	7617
instincts	7616
swords	7616
deliberately	7614
starve	7613
olive	7611
venus	7611
maniac	7604
psychological	7603
robinson	7600
belle	7595
soo	7595
landscape	7594
straw	7591
dam	7588
mandy	7585
accuse	7584
sayin	7584
rehab	7581
agenda	7579
switzerland	7579
glue	7578
salesman	7578
diner	7573
projects	7572
floors	7570
mainly	7570
biological	7569
sincere	7560
weigh	7559
pad	7557
swiss	7556
cue	7554
opposed	7553
witches	7553
tourists	7547
harvard	7546
sneaking	7546
spying	7544
sketch	7543
parliament	7538
behold	7535
blamed	7534
topic	7534
offices	7531
sacrificed	7526
drivers	7525
loop	7525
battles	7524
blond	7522
plead	7522
races	7522
tanya	7521
salmon	7518
bizarre	7516
rico	7516
isabel	7515
wig	7515
heights	7513
reaches	7513
possibilities	7507
wax	7506
confidential	7504
pursuit	7504
travels	7504
herd	7503
scissors	7503
cd	7502
exams	7499
invention	7499
spies	7499
explaining	7494
bombing	7493
replacement	7493
erik	7488
springs	7487
chelsea	7485
sabrina	7485
kicks	7482
integrity	7481
dash	7478
jae	7475
senate	7475
mentally	7471
flee	7469
beautifully	7468
gangster	7468
roberts	7466
slim	7465
choosing	7462
promising	7462
objective	7460
altogether	7459
joyce	7459
attract	7458
ernie	7456
melanie	7456
nailed	7455
neighbours	7455
prep	7455
briefcase	7453
buzzer	7453
puppet	7450
quitting	7450
restore	7450
betting	7449
corridor	7449
dozens	7449
pancakes	7449
embarrass	7447
cheryl	7446
database	7446
visits	7446
achieved	7443
sucking	7441
encourage	7439
grades	7439
barks	7437
gps	7437
patterns	7434
relevant	7428
hudson	7427
mafia	7427
expense	7424
intact	7422
kiddo	7422
occasionally	7422
heartbeat	7419
identical	7419
cigar	7417
alec	7414
billions	7414
gained	7412
venice	7412
classical	7408
consistent	7406
noodles	7406
clip	7403
insects	7403
resign	7403
failing	7402
organic	7402
seize	7402
charging	7400
mug	7400
iris	7396
crow	7390
ella	7389
abortion	7387
fountain	7387
observation	7387
railroad	7386
straighten	7386
legitimate	7381
sting	7380
youngest	7377
du	7375
flynn	7375
fork	7375
ciao	7374
coroner	7373
jonas	7373
marching	7371
touches	7371
jade	7370
feared	7368
griffin	7368
expedition	7367
forcing	7364
digital	7352
neighbour	7352
bernie	7351
deeds	7351
milan	7351
attic	7349
jr	7346
whores	7346
cooler	7345
sentimental	7345
bert	7340
eun	7340
feds	7339
reese	7339
plea	7337
polly	7336
harmony	7332
metres	7332
bands	7326
difficulty	7326
dried	7326
aunty	7323
maker	7323
randall	7321
supporting	7321
brake	7320
girlfriends	7320
features	7318
photography	7318
inappropriate	7317
vengeance	7317
vacuum	7312
throws	7311
endure	7310
kane	7310
residents	7310
corrupt	7308
potter	7308
substance	7308
investigator	7307
thread	7307
priests	7305
gap	7304
scarf	7299
whining	7299
institution	7296
immortal	7293
marsh	7290
accidents	7289
alcoholic	7289
chapel	7289
desperately	7289
fabric	7286
nazis	7283
railway	7283
sal	7283
dame	7282
rebels	7279
custom	7277
pension	7274
cans	7273
possess	7271
kira	7270
poster	7268
developing	7264
addict	7260
feature	7260
cope	7258
lords	7257
delightful	7255
wrestling	7252
rio	7248
reduce	7245
rescued	7241
peg	7239
mercedes	7236
accountant	7235
emotionally	7235
guaranteed	7235
poland	7235
theories	7233
tumor	7230
amusing	7229
automatic	7229
higgins	7226
unnecessary	7226
voting	7223
buster	7222
stadium	7217
easter	7216
jeep	7216
visible	7216
dj	7214
les	7214
garcia	7213
tracked	7213
ignorant	7210
deserted	7208
esther	7208
pledge	7208
rum	7207
fisher	7204
wheelchair	7203
salvation	7201
lester	7200
wonders	7200
clattering	7198
maintenance	7198
tobacco	7197
underwater	7197
divide	7192
discount	7191
slightest	7191
yoga	7191
rushing	7189
vagina	7189
modest	7188
wes	7185
reduced	7183
pressing	7179
tops	7179
whisper	7179
variety	7178
helena	7176
ignored	7176
grain	7175
writers	7175
essentially	7173
archie	7172
individuals	7172
meredith	7172
ofthe	7172
gavin	7170
interviews	7169
subtle	7169
pinky	7161
cord	7160
brennan	7159
sites	7159
maddie	7156
vienna	7156
issued	7154
lasted	7154
explosive	7151
origin	7150
unto	7148
rogue	7147
cody	7144
jacques	7144
superintendent	7144
ol	7141
challenges	7137
corruption	7135
sullivan	7134
shutter	7132
erase	7129
ski	7126
forensics	7125
fastest	7122
flavor	7122
joon	7119
vet	7118
civilians	7112
lobster	7110
housing	7103
canal	7101
robots	7101
shade	7098
ambitious	7097
orchestra	7094
guidance	7090
succeeded	7090
hence	7088
bella	7084
seoul	7084
jose	7076
inevitable	7074
tick	7072
rival	7069
refuses	7065
purchase	7063
wander	7063
hanged	7062
hanna	7062
ireland	7062
napoleon	7054
craft	7053
elite	7053
cult	7052
whisky	7050
profits	7049
allowing	7044
chart	7044
kai	7044
shelf	7044
accusing	7040
buzzes	7040
weekends	7040
humiliated	7037
hissing	7035
granddaughter	7034
treats	7034
serena	7031
submit	7030
supervisor	7030
sniffing	7028
resident	7027
tearing	7025
obliged	7024
knights	7022
opportunities	7022
hangs	7019
jerusalem	7015
stew	7015
counted	7013
instruments	7011
triumph	7008
frequency	7006
nun	7006
marines	7005
resume	7005
distract	7002
satisfaction	6999
historical	6997
creates	6994
costumes	6993
swedish	6993
lizzie	6990
depending	6986
sour	6984
spark	6984
freaks	6983
freely	6983
scotty	6983
shan	6981
globe	6980
peak	6980
sentenced	6980
fierce	6978
hollow	6978
scam	6978
anton	6977
concentration	6977
hoo	6977
presume	6977
eleanor	6975
invest	6975
radical	6974
protective	6972
smiles	6971
frustrated	6967
stunning	6967
adore	6965
breed	6965
suspenseful	6965
controlling	6964
reagan	6964
pasta	6962
precinct	6961
execute	6959
swallowed	6959
architect	6958
towels	6958
delta	6956
honks	6953
preserve	6950
dose	6949
stove	6946
codes	6945
bugger	6943
instantly	6943
vivian	6942
yoon	6942
doo	6936
haul	6934
orphanage	6933
bolt	6927
autograph	6924
sharply	6924
habits	6923
villagers	6923
cracks	6921
dwight	6921
omar	6920
assembly	6918
meds	6918
marge	6917
magnetic	6915
romans	6912
joshua	6909
assets	6905
sorted	6905
essence	6899
insulted	6899
ling	6899
outstanding	6899
wardrobe	6899
nam	6898
benson	6896
restaurants	6895
disco	6892
flirting	6892
abilities	6889
dolly	6889
handful	6889
mice	6886
pumpkin	6886
bennett	6883
sweating	6882
anchor	6879
interior	6879
thankful	6879
moore	6874
urge	6871
surrounding	6868
strain	6864
blanche	6862
curtains	6862
gypsy	6862
tomato	6862
bonds	6861
compassion	6861
greece	6858
ceo	6857
arabic	6855
examination	6855
participate	6851
veins	6851
cups	6849
additional	6848
obsession	6846
sofia	6846
intent	6845
responsibilities	6845
ridge	6845
axe	6843
reckless	6842
missiles	6840
corners	6836
razor	6836
frightening	6835
rains	6833
mutant	6830
wally	6829
whereas	6824
heavenly	6823
promoted	6823
dang	6821
comments	6819
maiden	6819
batteries	6814
bark	6811
seas	6811
congressman	6808
canyon	6804
casual	6804
rack	6804
expectations	6798
adjust	6792
flowing	6792
decade	6791
pine	6791
tails	6791
baxter	6786
wires	6783
pigeon	6780
finance	6777
respectable	6775
demonstration	6772
appointed	6769
prank	6769
treason	6764
views	6760
violin	6760
stir	6758
lifestyle	6757
realm	6757
monty	6755
missy	6754
roosevelt	6754
fitting	6751
tuck	6750
tuna	6750
inspection	6748
nursing	6747
jared	6745
cardinal	6744
poop	6744
altar	6742
carlo	6742
herman	6742
conviction	6741
tourist	6741
jelly	6738
lounge	6738
thrill	6738
cha	6736
zip	6736
dimension	6735
hogan	6735
backing	6733
choke	6733
bodyguard	6732
pains	6732
rug	6732
jaw	6731
ants	6729
popcorn	6728
courtroom	6726
pointless	6726
reynolds	6726
documentary	6723
donor	6722
mortgage	6722
tunnels	6722
enforcement	6720
cocks	6719
demanding	6719
eliminated	6719
agh	6716
rapidly	6714
refer	6713
fails	6709
shipment	6709
tasted	6709
michel	6707
rushed	6706
efficient	6704
ordering	6704
outrageous	6697
gracious	6692
slaughter	6687
marijuana	6685
monroe	6684
pipes	6682
backed	6681
approached	6679
vest	6679
mechanic	6676
mumbai	6673
arizona	6672
legendary	6669
delayed	6668
resolve	6666
relation	6665
amelia	6662
fare	6657
mechanical	6657
jefferson	6656
karma	6656
chorus	6654
extend	6653
nana	6653
info	6644
saddle	6641
pretended	6637
equals	6634
motherfuckers	6631
artificial	6629
accomplish	6626
burial	6625
lynn	6624
detention	6622
vow	6622
bake	6621
breakdown	6621
dvd	6618
delhi	6613
selected	6606
lightly	6605
dealers	6602
gown	6597
layer	6597
courtney	6588
incoming	6584
reid	6584
cheaper	6583
countryside	6583
smelled	6583
devon	6581
ducks	6581
attending	6580
lethal	6580
swan	6580
moonlight	6578
dispatch	6577
ropes	6577
notebook	6572
punched	6572
identification	6571
contracts	6569
scattered	6569
trusting	6562
prayed	6561
susie	6561
remembering	6558
volunteers	6558
adopt	6556
calvin	6555
bandits	6552
consideration	6552
worms	6552
moses	6550
zombies	6549
lionel	6546
non	6543
transplant	6541
crackling	6540
frasier	6539
loneliness	6539
epic	6534
gladly	6534
marcel	6533
mon	6531
frost	6530
registration	6527
launched	6524
prophet	6524
constitution	6517
claude	6509
roland	6509
sock	6508
dragons	6506
buyer	6505
regulations	6500
mimi	6496
accomplice	6495
volcano	6495
bounty	6493
hotels	6492
favors	6490
opinions	6490
pressed	6489
asylum	6487
blunt	6486
duel	6486
consult	6481
niles	6481
carnival	6478
nevertheless	6478
au	6477
baba	6477
hah	6476
paths	6471
cynthia	6470
handcuffs	6470
rides	6470
shannon	6470
te	6470
tray	6470
barrier	6468
supposedly	6467
faggot	6465
disposal	6461
hunch	6461
yacht	6461
stain	6459
healed	6456
thoughtful	6456
thinkin	6455
syndrome	6454
hairy	6452
kansas	6449
entertain	6448
happiest	6448
ambush	6445
childish	6445
recommended	6445
gilbert	6442
meter	6442
lease	6440
climbed	6439
nadia	6439
unstable	6439
exploded	6436
apollo	6434
politician	6433
rogers	6433
rs	6433
awaits	6432
abraham	6430
evelyn	6429
particles	6427
violation	6427
lined	6426
amazed	6424
lure	6424
lyrics	6423
pod	6423
fran	6421
universal	6421
drunken	6414
hulk	6414
hyah	6414
continuing	6413
goals	6411
warming	6408
chemicals	6407
dc	6407
owl	6405
xena	6402
compromised	6401
grounded	6401
cane	6399
avenge	6396
dexter	6396
phantom	6396
notion	6395
directors	6393
doe	6392
forensic	6392
tease	6392
outcome	6391
shattered	6391
slam	6391
baked	6389
cheque	6389
sought	6386
hammond	6383
racket	6383
exotic	6379
rider	6379
cory	6377
eighth	6376
extent	6376
shipping	6369
stack	6369
wheat	6369
satisfy	6366
departure	6363
finch	6363
kara	6363
blocking	6361
regiment	6358
kin	6355
klaus	6354
surf	6351
kilometers	6347
frighten	6345
rises	6345
abused	6344
gerald	6339
colours	6338
hath	6336
chester	6335
marvin	6335
spaghetti	6335
texts	6335
bosses	6332
contained	6330
elephants	6330
snarling	6330
arab	6327
bumped	6327
laurie	6327
chili	6326
yah	6325
abducted	6322
panicked	6322
sustained	6322
diving	6320
shallow	6320
artie	6319
generator	6319
harriet	6319
federation	6317
mulder	6317
arresting	6316
techniques	6316
feather	6314
printed	6311
untie	6311
jupiter	6310
hay	6303
stalking	6303
conrad	6301
brett	6300
phony	6300
scored	6298
whack	6298
continent	6292
articles	6291
oxford	6289
organize	6286
sensors	6285
shanghai	6285
wh	6284
sniper	6281
framed	6279
horizon	6279
noisy	6279
reflection	6278
twilight	6278
godfather	6275
masks	6275
merchant	6273
wages	6273
robe	6272
waist	6272
disappointment	6269
stinking	6269
venture	6264
voyage	6263
curry	6260
ominous	6259
sunlight	6259
aaah	6257
casualties	6257
oui	6257
overseas	6257
grill	6251
marketing	6251
mattress	6251
accepting	6250
deadline	6250
freed	6250
occupation	6250
exhibit	6248
poems	6248
compliments	6247
echoing	6247
shin	6247
define	6245
til	6245
urine	6245
foreman	6244
facial	6242
combined	6240
brody	6237
probation	6235
reject	6234
catches	6226
dances	6226
gemma	6226
ingredients	6225
pinch	6225
ra	6225
hurricane	6222
chatting	6220
mini	6219
adding	6216
heel	6216
bandit	6212
destined	6209
limo	6207
spa	6207
graves	6206
turkish	6206
corpses	6204
listed	6204
evacuate	6203
matty	6203
publish	6203
banned	6201
judith	6201
snaps	6201
cheeks	6200
holland	6199
ohio	6199
predict	6199
confront	6197
pals	6197
pilots	6197
umm	6197
utterly	6197
jonah	6196
improved	6194
ironic	6194
popping	6194
mills	6191
delivering	6185
farther	6185
flattered	6182
skipper	6182
coconut	6181
acknowledge	6177
shuts	6175
sweden	6175
hooray	6174
sip	6174
blessings	6171
grocery	6171
terminal	6168
awards	6163
fade	6163
meaningless	6163
parks	6163
hiring	6162
burton	6160
fees	6160
wretched	6159
krishna	6155
exhibition	6153
spends	6153
thoroughly	6153
denver	6152
doris	6146
winners	6146
disappearance	6144
luther	6144
madrid	6144
advised	6141
supported	6141
regina	6137
supermarket	6137
hereby	6135
pier	6135
shorter	6135
betrayal	6134
philadelphia	6134
christians	6133
psychology	6128
danielle	6127
canadian	6125
detroit	6125
keeper	6125
trent	6125
su	6124
associates	6122
gerry	6121
restless	6116
collector	6115
marvellous	6115
exposure	6113
physician	6113
grudge	6112
followers	6106
lid	6106
glow	6105
pawn	6103
submarine	6103
towns	6103
edith	6100
includes	6099
lu	6097
proposition	6097
joker	6096
haley	6094
jang	6094
opposition	6094
spilled	6094
hose	6093
partnership	6093
usa	6090
timmy	6089
breathes	6084
whoops	6084
astronaut	6083
leonardo	6080
porch	6080
responding	6080
wishing	6080
boil	6077
kneel	6077
clumsy	6070
tammy	6070
rapid	6068
xiao	6068
stevens	6067
invested	6065
janice	6065
justify	6064
roller	6064
thai	6064
garlic	6062
yelled	6061
ammunition	6059
simone	6059
shaft	6058
sushi	6058
definition	6056
gardens	6055
chandler	6052
brady	6050
ne	6050
notify	6050
beasts	6049
setup	6049
greed	6043
dared	6042
classroom	6040
unlucky	6040
treaty	6039
dagger	6036
hike	6036
spine	6031
detect	6028
chow	6027
des	6024
handwriting	6023
teenagers	6023
challenging	6021
mock	6021
salon	6021
lawsuit	6020
virtue	6020
clap	6017
shelly	6017
mustache	6015
med	6014
offence	6014
attraction	6012
sultan	6012
franco	6011
courts	6009
fortress	6009
peel	6005
asset	6004
disappears	6004
petrol	6004
warp	6004
workshop	6002
traps	6001
jeannie	5996
appreciated	5995
condemned	5993
garrett	5992
muttering	5990
shook	5990
naval	5989
egyptian	5987
expand	5986
filmed	5985
jingle	5985
lordship	5985
peach	5985
sunrise	5985
swine	5985
oughta	5980
pakistan	5980
selection	5979
squeaking	5979
condom	5977
sadie	5976
alongside	5974
barbie	5974
risking	5973
dancers	5971
democratic	5971
nerd	5971
crook	5968
grasp	5967
mack	5967
translate	5965
behaving	5963
humiliating	5961
quarrel	5960
fury	5958
lively	5958
battlefield	5957
elders	5957
policemen	5957
sensei	5957
glen	5955
sticky	5955
liu	5954
primitive	5954
reign	5954
eugene	5952
stash	5952
evolved	5951
shifts	5951
devices	5949
unlock	5949
peculiar	5948
anita	5946
talents	5946
foreigners	5945
snacks	5945
mint	5943
fuse	5942
manuel	5942
pissing	5942
towers	5942
freezer	5939
inheritance	5938
villages	5935
beckett	5929
bollocks	5929
jewel	5929
shells	5927
swept	5926
recognition	5924
shovel	5921
artistic	5920
qualities	5917
ferry	5913
darren	5908
misunderstood	5905
portal	5905
atomic	5904
ava	5902
javier	5902
claiming	5900
defensive	5900
examined	5900
kenneth	5898
ahhh	5897
kat	5897
sensation	5897
increasing	5894
fugitive	5892
urban	5891
visions	5888
bathing	5886
delight	5886
gregory	5886
genes	5883
iot	5883
boundaries	5880
caution	5880
ellis	5879
strangled	5879
thorough	5878
ike	5876
bites	5875
nude	5875
patricia	5873
tidy	5873
tate	5872
obligation	5870
ari	5867
clearance	5864
reserved	5863
nasa	5861
spock	5857
marion	5856
jammed	5854
reflect	5854
classy	5851
sleeve	5851
fag	5848
angelo	5847
bananas	5845
bradley	5845
saints	5845
longest	5844
confirmation	5842
mushrooms	5842
cyrus	5841
toni	5841
finals	5838
millionaire	5838
adoption	5836
wired	5835
cheerful	5834
comet	5834
deb	5834
handing	5834
acceptable	5831
realistic	5831
sufficient	5829
waits	5829
cosmic	5828
gabe	5826
intellectual	5826
nolan	5826
vomit	5822
warmth	5819
magnum	5817
associated	5816
alas	5814
engineers	5814
offend	5813
overwhelming	5813
sherry	5813
inherited	5812
antoine	5810
scars	5807
whooping	5807
sheldon	5804
purposes	5797
robbing	5797
darrin	5795
instructor	5795
moms	5795
refrigerator	5795
overtime	5794
laurel	5793
percy	5793
females	5791
sacrifices	5785
drift	5779
representing	5779
po	5778
ruthless	5778
arguments	5776
crappy	5776
musicians	5775
depressing	5772
lasts	5772
sidney	5772
doom	5771
cant	5769
milo	5769
backpack	5766
aisle	5765
insulting	5765
edition	5763
losses	5763
sh	5763
preacher	5762
schmidt	5759
swinging	5753
lacey	5751
managing	5751
sinking	5751
casting	5749
trials	5744
demonstrate	5743
diseases	5743
beggar	5741
amounts	5740
traced	5738
raven	5735
activate	5734
slapped	5732
heroic	5728
roar	5727
queer	5725
matching	5724
uk	5724
trump	5722
resignation	5721
newton	5718
saul	5716
sincerely	5716
stacy	5716
madman	5715
jenkins	5713
poke	5713
spicy	5712
swap	5712
programs	5707
blink	5706
schultz	5706
sheer	5706
spaceship	5706
steer	5705
males	5703
injection	5702
ant	5699
reform	5699
properties	5697
camps	5696
virtually	5696
tapping	5693
tequila	5690
fainted	5688
inquiry	5688
formation	5686
escaping	5681
shields	5681
unemployed	5680
murdering	5678
interviewed	5677
striking	5675
donovan	5674
vows	5674
antique	5672
il	5672
puke	5671
sherlock	5671
hysterical	5669
taller	5669
employment	5668
thats	5666
agrees	5665
dodge	5664
unite	5658
mumbling	5656
rabbits	5653
locals	5652
mule	5652
repeating	5652
neighbourhood	5647
bats	5646
beliefs	5646
hayes	5646
spared	5644
vegetable	5643
bunker	5640
liv	5640
channels	5639
hips	5637
phenomenon	5637
grayson	5634
expelled	5628
camille	5627
iv	5625
languages	5625
premises	5624
ng	5622
pronounce	5622
ape	5620
bridges	5620
julius	5618
bruises	5617
convict	5615
prettier	5614
elections	5612
annoyed	5611
hometown	5611
discreet	5609
earrings	5609
morphine	5608
poured	5608
henderson	5605
jun	5605
narrating	5603
peanuts	5603
rookie	5603
abe	5602
camel	5602
chewing	5600
hyun	5600
imagining	5600
runner	5600
tomatoes	5598
sponsor	5596
fulfilled	5593
probe	5593
karate	5589
grease	5587
dinosaurs	5586
rebellion	5584
marta	5581
lone	5580
nan	5579
underestimate	5576
acres	5574
carlton	5571
hacked	5570
barber	5568
mining	5568
aged	5567
designs	5565
onions	5564
preferred	5564
stray	5564
void	5559
hannibal	5558
sixteen	5558
slower	5558
rabbi	5557
sabotage	5557
concerning	5554
dixon	5554
holt	5551
dental	5549
mannix	5549
noted	5549
obama	5549
peterson	5549
committing	5548
squirrel	5548
werewolf	5548
slipping	5546
explosions	5545
matthews	5545
russ	5542
seo	5542
whitney	5542
cavalry	5540
ignoring	5540
infinite	5540
bomber	5539
lam	5539
suzanne	5539
ruling	5536
boiling	5533
needles	5533
semester	5530
irrelevant	5529
savior	5527
tramp	5524
veil	5524
deepest	5523
perfection	5523
roberto	5523
shutting	5523
iii	5520
mentor	5520
tiffany	5520
branches	5518
enthusiasm	5517
arena	5515
battalion	5514
greatly	5514
hardware	5514
listens	5514
irresponsible	5513
moustache	5513
audio	5511
ga	5511
initiative	5510
sweaty	5510
noel	5508
distraction	5507
requests	5507
entertaining	5502
parrot	5502
steed	5502
whipped	5501
assaulted	5499
proving	5499
pause	5496
piggy	5496
surviving	5496
acquaintance	5493
bedtime	5493
dinosaur	5493
funding	5493
cowards	5491
rail	5491
rooster	5491
hastings	5489
container	5486
lori	5486
secured	5485
stripper	5483
tossed	5483
steele	5482
clamoring	5480
waving	5480
bacteria	5479
banker	5479
indicates	5479
assassination	5477
cupboard	5474
drawings	5474
pairs	5474
sanctuary	5474
starring	5474
surgical	5474
elderly	5473
geoffrey	5473
purely	5473
temptation	5473
vibe	5472
crop	5470
gong	5470
profound	5470
transformed	5470
detailed	5469
scrap	5467
abigail	5466
careless	5463
dove	5461
sloppy	5461
atlanta	5457
hideous	5455
lizard	5452
intern	5451
separation	5451
tab	5451
psych	5450
ranks	5450
parish	5448
booty	5447
comb	5445
oooh	5445
peasant	5445
squeal	5445
bash	5444
restored	5442
junkie	5441
platoon	5441
involves	5438
rupert	5436
carrier	5433
fatty	5433
norm	5433
difficulties	5432
producers	5430
superb	5430
tha	5429
candidates	5428
summoned	5428
refuge	5426
righteous	5426
carolina	5425
natasha	5422
onion	5422
pickup	5420
spells	5419
wesley	5419
armies	5417
carrington	5417
billie	5416
seasons	5416
senor	5416
specialty	5408
thirst	5408
rendezvous	5407
select	5407
smiled	5406
colorado	5404
visa	5403
spice	5401
caller	5400
foods	5400
rational	5400
scottish	5398
cunning	5397
grunt	5395
knot	5395
hairs	5394
payments	5392
granddad	5391
massacre	5391
competitive	5389
herb	5389
mae	5388
grenade	5385
immune	5385
regularly	5385
kilos	5384
stakes	5384
monks	5382
gail	5381
guinea	5381
invent	5379
nursery	5378
protein	5378
elbow	5376
keller	5375
clowns	5373
flown	5372
mustard	5372
tattoos	5372
thirteen	5372
terrace	5370
alter	5369
franz	5367
lens	5366
transportation	5366
alaska	5365
interference	5365
clive	5363
crooked	5363
freakin	5363
mourning	5363
weep	5363
wont	5363
janitor	5362
trainer	5362
gradually	5360
filth	5359
immigration	5359
momma	5359
cho	5357
culprit	5357
jackass	5357
reminder	5357
gabrielle	5356
innit	5354
magistrate	5354
jasmine	5353
injustice	5350
texting	5350
womb	5350
figuring	5348
fracture	5347
insanity	5344
blossom	5343
peasants	5343
etc	5341
agony	5338
oz	5338
sounding	5338
elementary	5335
lovejoy	5329
seized	5329
teaches	5329
eighteen	5328
phillips	5328
definite	5326
shack	5326
teen	5326
scrub	5325
contents	5322
mold	5322
ruler	5322
antidote	5321
bitten	5321
saves	5318
bunk	5316
graveyard	5313
republican	5313
thor	5313
aspect	5312
attempts	5312
poirot	5312
relate	5309
lemonade	5307
flour	5306
nypd	5303
biology	5301
dusty	5301
felony	5301
jax	5301
fundamental	5300
jai	5297
donnie	5296
potentially	5296
successfully	5296
condoms	5294
quantum	5294
strangely	5294
utter	5293
activated	5291
installed	5288
interrupted	5288
devastated	5287
discharge	5287
splash	5287
substitute	5287
julio	5285
aspirin	5284
exile	5284
authentic	5280
beck	5278
summit	5278
addiction	5277
drone	5277
lent	5277
involving	5275
boyfriends	5274
tango	5269
permanently	5268
province	5266
attempting	5263
deceived	5260
skipped	5259
triangle	5259
strawberry	5258
mirrors	5255
overwhelmed	5252
preston	5252
swift	5252
creeps	5249
token	5247
diagnosis	5246
heidi	5246
poisonous	5246
temporarily	5246
locations	5244
ninth	5244
retrieve	5243
robbers	5241
conclusions	5240
disabled	5240
joanna	5240
ira	5237
extension	5236
lining	5236
freeman	5234
yuri	5234
scoop	5231
merlin	5230
bridget	5228
revving	5227
transform	5222
hospitality	5221
shelby	5221
brooks	5219
survey	5219
cozy	5218
hunted	5218
recommendation	5216
microphone	5215
providing	5215
skeleton	5215
muslims	5214
toll	5212
creaks	5211
reconsider	5211
extended	5209
overboard	5209
spear	5209
ai	5206
clinton	5205
petition	5203
baggage	5202
scumbag	5202
tribute	5200
weddings	5199
bangs	5196
claw	5196
facilities	5196
donation	5194
isabelle	5193
traitors	5192
mei	5190
jasper	5189
australian	5186
borders	5186
colby	5186
boxer	5184
whilst	5183
elaborate	5181
misfortune	5181
sights	5178
maestro	5175
mysteries	5174
gifted	5173
loosen	5173
involvement	5168
affects	5167
sherman	5167
summon	5167
churchill	5164
theresa	5164
baltimore	5162
olympic	5162
solitary	5162
wilderness	5162
mechanism	5161
undo	5161
vanish	5159
vietnamese	5159
biting	5158
dome	5158
ronald	5158
texted	5156
sage	5153
slack	5152
tactics	5152
yummy	5152
snapped	5151
weekly	5151
bushes	5142
grandparents	5142
henri	5139
hart	5137
obtain	5137
flights	5134
adventures	5133
hottest	5131
dom	5130
eden	5130
mild	5130
fourteen	5129
blend	5127
smuggling	5127
chancellor	5126
biscuits	5124
gorilla	5124
dynasty	5123
acquired	5121
businesses	5121
countless	5120
fritz	5118
brent	5114
barracks	5112
cooks	5112
flirt	5112
gardener	5112
distorted	5109
carved	5107
jumps	5107
superhero	5107
clapping	5104
forests	5104
psychiatric	5104
roughly	5102
screamed	5102
snuck	5102
disappearing	5101
raja	5101
establishment	5099
whales	5098
dwarf	5096
environmental	5096
lump	5096
mam	5096
pint	5095
diplomatic	5093
loading	5093
context	5092
exclaims	5092
gangs	5090
risked	5090
volunteered	5090
boost	5089
dante	5087
fax	5087
partial	5087
gaze	5085
refusing	5085
rene	5085
jerome	5083
nuisance	5083
terrorism	5083
donate	5082
relieve	5082
ungrateful	5082
felicity	5079
grandchildren	5079
maureen	5077
represented	5077
co	5074
neutral	5074
philippe	5074
steering	5074
workin	5074
presidential	5073
rm	5073
challenged	5071
rental	5071
feeds	5070
julien	5070
je	5068
surprisingly	5068
teasing	5068
vegetarian	5068
iran	5067
shrine	5067
automatically	5066
timer	5066
gasoline	5064
juliette	5064
dorm	5061
google	5061
millie	5061
scouts	5061
athlete	5060
convent	5058
robber	5058
shiva	5058
balloons	5057
barb	5055
crawford	5055
enters	5054
maps	5054
meth	5054
fruits	5052
ifyou	5052
colored	5051
metro	5049
poppy	5049
clarke	5048
fernando	5048
scully	5046
resolved	5042
sessions	5042
conservative	5041
rates	5041
forged	5039
legends	5039
arrows	5038
charley	5038
dismiss	5036
authorized	5033
slavery	5032
attended	5030
decorated	5030
detected	5030
employed	5030
flows	5030
parallel	5030
coverage	5029
grove	5029
hen	5027
pyramid	5027
overall	5026
hum	5024
specially	5024
rebuild	5023
exclaiming	5022
producing	5022
occasions	5020
sewing	5020
boards	5017
trumpet	5017
shaped	5016
matched	5014
ammo	5013
typing	5011
blades	5010
macgyver	5010
thailand	5010
becca	5008
wo	5005
cement	5004
debris	5004
hamlet	5004
luca	5004
communists	5002
nat	5002
showers	5001
comedian	5000
kitt	5000
sailors	5000
tougher	5000
harassment	4998
missus	4997
monitoring	4997
inventory	4995
shaved	4995
smashing	4995
housekeeper	4992
tribes	4989
vile	4988
gotham	4986
imaginary	4986
artillery	4985
ping	4985
cereal	4983
portion	4982
zoom	4982
exceptional	4980
irony	4980
despise	4978
humour	4978
slit	4978
ss	4978
waltz	4978
crashes	4976
gu	4976
stammering	4976
coaches	4973
joo	4973
await	4970
bryan	4970
celebrated	4969
encouraged	4969
devils	4966
gag	4964
telescope	4963
verse	4963
stalin	4961
iet	4960
babysitter	4957
pr	4957
distinguished	4956
licence	4956
addicted	4954
bauer	4954
speeches	4953
wit	4953
bliss	4950
donny	4950
programmed	4950
elsa	4948
com	4945
recorder	4945
hides	4942
apartments	4941
shameless	4941
tipped	4939
turf	4938
discharged	4937
psychologist	4937
tang	4937
tu	4937
duh	4934
delete	4932
jock	4932
wrath	4931
estimate	4929
jurisdiction	4929
tutor	4929
impulse	4928
penguin	4928
tubes	4926
claws	4925
nickel	4925
playground	4925
sew	4925
daring	4923
giants	4923
posters	4920
peacefully	4919
caves	4916
nikita	4916
rag	4916
stern	4915
condolences	4913
ohhh	4913
dearly	4912
cartoon	4910
humiliation	4910
worldwide	4910
disrespect	4909
shhh	4906
underworld	4906
chun	4904
lilly	4904
marble	4904
curly	4903
judged	4903
bidding	4901
erased	4901
confuse	4900
masterpiece	4900
oppa	4900
pentagon	4900
tow	4898
seduce	4897
bathtub	4895
bricks	4895
goa	4895
pets	4895
contempt	4894
hotter	4894
regime	4894
batch	4893
compartment	4890
ramsay	4890
speeding	4890
tackle	4890
wage	4888
lifting	4887
shines	4887
hustle	4885
inmates	4884
km	4884
psst	4882
scooter	4881
relatively	4879
stoned	4878
supernatural	4875
darwin	4872
viewers	4872
lorenzo	4871
treasures	4871
yankee	4871
charts	4869
lang	4869
taco	4869
brigade	4868
bankrupt	4866
marianne	4866
bikes	4863
lookout	4862
merchandise	4862
slippery	4862
duchess	4860
gulf	4860
foam	4859
numerous	4859
steals	4859
flock	4857
potion	4857
ripping	4857
trusts	4857
fiance	4856
glimpse	4856
compensation	4854
invincible	4854
kettle	4854
brendan	4853
stroll	4853
trish	4853
cafeteria	4852
sane	4852
amsterdam	4850
currency	4850
radius	4850
founded	4849
medic	4849
peek	4849
verify	4849
sewer	4847
callie	4846
vernon	4846
bbc	4844
hull	4844
madonna	4843
solomon	4843
toad	4838
maxwell	4835
powell	4835
moose	4834
souvenir	4834
compass	4832
stitch	4832
locking	4831
mercury	4831
dislike	4830
edwards	4830
frederick	4830
pamela	4828
rib	4828
stu	4828
ban	4827
brace	4827
gracias	4825
stitches	4822
thrust	4819
achievement	4818
links	4818
referred	4818
denying	4816
monastery	4815
newly	4813
impatient	4812
recruit	4810
sunk	4806
drugged	4805
ignorance	4805
predicted	4805
floyd	4803
creator	4802
artery	4800
civilized	4800
dynamic	4800
mississippi	4800
buffy	4799
competing	4799
distribution	4796
turk	4796
ark	4794
carpenter	4794
ethel	4794
stereo	4794
voiceover	4794
warner	4794
industries	4793
melted	4793
upsetting	4793
cruz	4791
labs	4790
bender	4787
bluff	4787
unbearable	4786
eerie	4784
juicy	4784
narcotics	4784
ingrid	4781
mwah	4780
slippers	4780
freaky	4778
troop	4777
vip	4777
dani	4775
footprints	4775
pact	4775
apparent	4774
repeated	4774
foreigner	4771
feelin	4768
journalists	4767
employer	4765
grim	4761
medieval	4761
penelope	4761
damien	4759
frustrating	4758
microwave	4758
preparation	4758
rehearse	4758
travelled	4758
denial	4756
flute	4756
juvenile	4756
paddy	4756
canvas	4752
memo	4752
retarded	4752
daly	4750
fa	4750
mccoy	4750
symbols	4750
driveway	4749
funky	4747
kitten	4747
nicest	4746
deceive	4745
chopped	4743
consultant	4743
negro	4743
heating	4740
rifles	4740
rays	4739
architecture	4737
gideon	4737
butch	4736
contribution	4733
warmer	4733
advisor	4731
peoples	4731
behaved	4730
groceries	4730
experiencing	4728
settling	4727
imitating	4725
squadron	4725
tractor	4725
unacceptable	4725
briggs	4724
smallest	4724
ethics	4723
gibson	4723
devotion	4721
plumber	4721
briefing	4720
broom	4720
burgers	4720
knots	4720
curve	4718
informant	4718
andrews	4717
app	4717
applauding	4717
whites	4717
blog	4715
ox	4715
vase	4715
collective	4714
glance	4714
poles	4714
sixty	4714
fantasies	4712
heritage	4712
fisherman	4709
motherfucking	4709
armstrong	4708
nder	4706
complained	4705
nightclub	4703
preliminary	4702
server	4702
willow	4702
mat	4699
provides	4699
appreciation	4698
historic	4698
jorge	4696
processing	4696
promote	4696
naples	4695
pumping	4693
stalker	4693
francine	4692
goats	4692
smokes	4692
introduction	4689
portuguese	4687
valid	4687
negotiations	4686
breeding	4684
iove	4684
overheard	4684
wheeler	4684
barge	4683
refugees	4681
wah	4681
observed	4680
tigers	4680
brothel	4677
missions	4677
ashore	4676
discretion	4676
panda	4676
yale	4674
disappointing	4673
insect	4673
absent	4670
machinery	4670
prophecy	4670
wanda	4670
carrot	4667
ferrari	4667
generals	4667
gestapo	4665
wrecked	4665
greene	4664
suggestions	4661
puff	4660
punching	4658
supportive	4658
hughes	4657
intervention	4657
layers	4657
lulu	4657
scholar	4655
accusations	4654
libby	4654
predators	4654
olympics	4651
accounting	4649
jj	4649
darryl	4648
expertise	4648
fitz	4648
strap	4648
butts	4646
approaches	4645
flags	4645
embarrassment	4643
faking	4640
jamal	4640
vanilla	4640
beacon	4638
dominic	4638
grapes	4638
handkerchief	4638
rubbing	4636
mallory	4635
rustling	4635
lighten	4633
cuban	4630
flora	4630
polar	4630
translator	4626
congrats	4623
grabbing	4623
passports	4623
alf	4621
brotherhood	4621
ernest	4621
professionals	4621
understandable	4620
yuan	4620
banner	4618
academic	4617
orphans	4617
publicly	4617
sa	4617
thuds	4617
pearls	4616
predator	4616
addison	4611
frances	4611
cartel	4608
nash	4608
syrup	4608
walsh	4608
bluffing	4607
norma	4607
permitted	4607
unpredictable	4605
addresses	4604
suspension	4604
wagner	4604
category	4602
stamps	4602
transition	4602
cautious	4601
comparison	4601
isabella	4601
peas	4601
coats	4599
islam	4598
grams	4595
thugs	4595
freshman	4594
toilets	4594
banquet	4592
coup	4591
investigations	4591
shaken	4591
toothbrush	4589
expressed	4588
vulgar	4588
haunt	4585
improvement	4585
zeus	4585
murdoch	4583
smelling	4583
kirby	4580
repairs	4579
conducted	4577
jeong	4577
ollie	4577
bakery	4574
busting	4574
investigated	4573
admission	4570
essay	4570
twitter	4570
depths	4569
fewer	4567
altered	4566
ecstasy	4566
filing	4566
guarding	4566
snatch	4564
dalton	4563
pharmacy	4563
stored	4563
tropical	4563
admired	4561
altitude	4561
dickhead	4561
mamma	4561
priya	4561
bombay	4560
grind	4560
lowest	4560
moe	4560
makin	4557
sentences	4557
mute	4555
scratching	4555
imprisoned	4554
danish	4553
glowing	4551
martini	4551
zhang	4551
empress	4550
equipped	4550
leah	4550
finale	4548
tarzan	4548
storms	4545
sniff	4544
slick	4541
unarmed	4541
vent	4539
violated	4539
breakthrough	4538
dd	4538
addressed	4536
stud	4536
tactical	4536
vessels	4536
procedures	4535
ching	4533
dine	4533
draws	4533
crowds	4531
limb	4531
wool	4531
giovanni	4529
montana	4529
jerks	4528
numb	4526
commanding	4525
oceans	4525
priceless	4525
relaxing	4525
rocking	4525
clatters	4523
gerard	4523
merci	4523
packs	4523
cabbage	4522
parlor	4522
intruder	4520
argued	4519
considerable	4519
paladin	4517
tellin	4517
pupils	4516
inspire	4514
positively	4514
igor	4513
traded	4513
feminine	4511
shipped	4511
partly	4510
vague	4510
insight	4509
lucia	4507
stages	4507
screenplay	4506
marquis	4504
rahul	4503
ripe	4503
awaiting	4500
clayton	4497
decline	4497
fang	4497
inherit	4497
pennsylvania	4497
pigeons	4497
tempted	4497
shitting	4495
tens	4495
gigantic	4494
guv	4494
readings	4494
headmaster	4491
tenth	4491
peyton	4489
seals	4489
avoided	4487
blankets	4485
flipped	4485
overlapping	4485
ads	4484
backstage	4484
yield	4484
quiz	4482
mosque	4479
puppies	4478
weaver	4478
stated	4476
belongings	4475
vicki	4475
weirdo	4475
functions	4473
reservations	4473
chilly	4472
betsy	4470
eldest	4470
factories	4469
feedback	4469
repeatedly	4469
traditions	4469
exquisite	4467
pickle	4467
masses	4466
pauline	4466
crosses	4463
frogs	4463
arctic	4462
headaches	4462
reinforcements	4460
pajamas	4459
secondary	4459
asteroid	4457
roles	4457
mixing	4456
unsub	4456
courier	4454
carrots	4453
jeanne	4453
fuckers	4451
translated	4451
cigars	4448
longing	4448
manipulate	4448
bun	4447
investors	4447
liberal	4447
pickles	4447
sly	4447
sweetest	4446
temperatures	4446
moss	4444
motto	4444
yum	4444
melting	4440
requesting	4438
yan	4438
lava	4437
kris	4435
monthly	4435
noses	4435
tickle	4434
ufo	4431
timothy	4429
herbert	4428
midst	4428
stacey	4428
purchased	4426
tis	4424
convenience	4421
flashlight	4421
dewey	4419
tripped	4419
bryce	4418
easiest	4418
shouted	4418
splitting	4418
commands	4416
demanded	4416
cosmos	4415
cuff	4415
curfew	4413
equivalent	4413
instructed	4413
notorious	4413
pitiful	4413
prague	4413
streak	4413
fin	4412
doorstep	4410
greeting	4410
propaganda	4410
butterflies	4409
fascinated	4409
hilda	4409
beatrice	4407
jude	4407
dumping	4406
miriam	4406
condo	4404
karan	4404
fearless	4403
cripple	4402
errand	4402
halls	4400
harley	4399
imitates	4399
ravi	4399
gretchen	4397
sailed	4397
baking	4396
connecting	4396
nico	4396
bourbon	4394
cathedral	4394
malone	4393
bong	4391
lists	4391
strangle	4391
tying	4391
loans	4390
manchester	4390
stripped	4390
briefly	4388
tessa	4388
experimental	4387
unfinished	4387
greeks	4385
lil	4384
mainland	4382
judgement	4378
stammers	4378
pike	4377
liars	4375
slot	4375
amazon	4374
flooded	4372
mermaid	4372
rapist	4372
torment	4372
expects	4371
lisbon	4371
sanders	4371
triggered	4371
keyboard	4369
reader	4369
roam	4368
seventeen	4368
openly	4366
deacon	4365
olga	4365
jackpot	4363
soaked	4362
printing	4361
shorty	4361
yuck	4361
extract	4358
cherish	4355
prostitutes	4355
logs	4353
takin	4352
sponge	4350
bates	4349
cuffs	4346
torturing	4346
virginity	4346
coop	4343
unity	4343
forge	4341
morse	4341
guru	4339
tai	4339
skilled	4336
dev	4334
insists	4334
calf	4333
oof	4333
allowance	4331
homosexual	4331
shapes	4330
vijay	4330
idle	4328
rosemary	4328
slaughtered	4328
resent	4327
cassandra	4324
leaking	4324
likewise	4324
ghetto	4322
riddle	4322
sunglasses	4322
vega	4321
newest	4318
fucks	4317
gangsters	4317
geek	4317
valve	4317
pies	4315
publisher	4314
troubling	4314
conducting	4312
douche	4312
marathon	4312
trembling	4312
shrieks	4311
sundays	4311
fiancee	4305
frankenstein	4305
liang	4303
summers	4303
wei	4303
burglar	4302
norway	4299
spiders	4299
crops	4297
falcon	4297
infant	4297
humiliate	4293
pursuing	4293
encountered	4292
hydrogen	4292
karaoke	4292
alberto	4290
corey	4290
scope	4290
cultures	4289
speakers	4287
superstar	4287
byron	4286
calculations	4286
gravy	4286
orgasm	4286
vocal	4286
hating	4284
severely	4284
novels	4283
mindy	4277
anders	4275
boiled	4275
fades	4275
kindergarten	4275
metaphor	4275
fi	4273
brazilian	4271
devastating	4270
bea	4268
interfering	4267
dripping	4265
cuz	4264
ops	4264
holden	4262
affirmative	4261
hayley	4261
merciful	4261
suited	4261
runaway	4259
adapt	4258
italians	4258
santiago	4258
shoo	4258
wales	4258
blacks	4256
mal	4256
renee	4256
smartest	4256
struggled	4255
payback	4254
prostitution	4254
buenos	4252
vintage	4252
courthouse	4251
diapers	4251
killings	4251
cubs	4248
indiana	4248
surfing	4248
tong	4248
frontier	4246
spotlight	4246
monte	4245
stocks	4243
denmark	4240
holiness	4240
patterson	4240
isolation	4239
starters	4239
acquainted	4236
resigned	4236
appearances	4234
meow	4234
loft	4233
snitch	4233
dares	4232
ribbon	4232
fallon	4230
greatness	4230
coolest	4229
decency	4227
mayday	4226
michigan	4226
buckle	4224
earning	4224
reactor	4224
simmons	4224
vanity	4224
docks	4221
marriages	4221
alleged	4218
asap	4218
lopez	4218
bugging	4217
conquered	4217
preparations	4217
cuckoo	4215
crib	4212
secondly	4212
yogurt	4212
fishy	4211
flick	4211
nixon	4211
portland	4211
scratched	4211
chimney	4210
hale	4210
muffin	4210
tailor	4210
ezra	4208
farming	4208
homemade	4208
nuns	4208
packet	4208
daniels	4207
genuinely	4207
rumours	4207
blouse	4205
kite	4205
buses	4204
hassan	4204
invaded	4204
rhyme	4204
quentin	4202
equation	4201
lime	4201
morons	4201
rotting	4201
transmitter	4201
remorse	4199
adds	4198
aiming	4198
marker	4198
otis	4198
blasted	4196
chores	4196
courageous	4196
gem	4196
grabs	4196
beaver	4195
crickets	4195
determination	4195
publishing	4195
exercises	4192
testament	4192
apocalypse	4190
phew	4190
dicks	4189
headlines	4188
paralyzed	4188
breaths	4186
santos	4186
stripes	4186
abort	4185
heap	4185
ketchup	4182
edmund	4180
gracie	4180
protects	4180
responded	4180
tummy	4179
hog	4177
weeping	4177
yakuza	4177
catastrophe	4176
fragments	4176
bp	4173
churches	4173
pins	4173
shaving	4173
legit	4170
yoo	4170
simpler	4168
targeted	4168
lars	4167
moreover	4167
noticing	4167
rover	4167
releasing	4166
fascist	4164
greta	4164
spitting	4164
colt	4163
hardy	4161
tristan	4161
plaza	4158
truce	4158
bronze	4157
guarded	4154
airline	4152
ramon	4152
incapable	4151
punches	4151
hq	4148
sanchez	4148
barrett	4145
privately	4145
surround	4145
vatican	4145
alvin	4144
consolation	4144
edna	4144
gutter	4144
astonishing	4142
broker	4142
lan	4142
seizure	4142
fright	4141
leaning	4141
mic	4141
runnin	4141
berry	4139
scarlett	4139
lacking	4138
paulie	4138
verge	4138
contribute	4136
lucifer	4136
jewellery	4135
richards	4135
erotic	4133
dre	4130
est	4130
feng	4130
siblings	4130
cass	4129
disk	4129
op	4129
comics	4127
ale	4126
coral	4126
obstacle	4126
biscuit	4125
hamburger	4125
redemption	4125
thug	4123
concussion	4122
martinez	4122
disgust	4117
wright	4116
arise	4113
celebrities	4113
nsa	4113
dolphins	4111
kev	4111
kidneys	4110
leaked	4110
solving	4110
plasma	4108
conductor	4107
ministers	4107
regain	4107
scram	4107
singapore	4107
gender	4105
cocky	4104
removing	4104
deciding	4103
richest	4103
poo	4101
dispute	4100
brute	4098
incidents	4098
capsule	4095
chefs	4095
telly	4095
dumpster	4094
psychopath	4094
bind	4092
jarod	4092
lire	4092
chops	4091
crust	4091
bundle	4089
poorly	4089
vibrating	4089
weighs	4089
dwayne	4088
encouraging	4088
polo	4088
ricardo	4088
ada	4086
singers	4086
firmly	4085
meteor	4085
prettiest	4083
hormones	4082
starboard	4081
chauffeur	4079
download	4078
garrison	4076
heated	4076
recovering	4076
abi	4073
cctv	4073
celia	4073
convert	4073
darlin	4073
hillary	4073
postcard	4073
sissy	4073
ar	4072
calmly	4072
mathematics	4072
reef	4072
treasury	4072
ups	4070
abbey	4069
shameful	4069
strategic	4067
payroll	4066
wrists	4066
beethoven	4064
heartless	4063
immense	4063
magnus	4061
banged	4060
montgomery	4059
protector	4057
michelangelo	4056
raging	4056
teller	4056
applying	4054
atom	4054
mop	4054
paolo	4054
sol	4054
detector	4053
favorites	4053
handles	4053
switching	4053
unload	4053
lina	4051
stinky	4051
norton	4050
regional	4050
heil	4048
richer	4048
secrecy	4048
rigged	4047
thesis	4047
thighs	4047
zeke	4047
ahold	4045
consumed	4045
tuned	4044
atlantis	4042
leverage	4042
repaired	4042
weary	4042
winnie	4042
costa	4041
cowboys	4041
rue	4041
employ	4040
provoke	4040
stool	4040
beau	4038
extensive	4038
postpone	4038
lotus	4037
optimistic	4037
urgently	4037
apologizing	4035
maze	4035
skate	4035
spooky	4035
arrests	4034
dialing	4034
beetle	4032
fireplace	4032
gt	4032
horace	4032
vicar	4032
homo	4031
pupil	4031
restricted	4031
skating	4031
stupidity	4031
suspicions	4031
thumbs	4029
cheng	4028
hostess	4028
sneaky	4026
swollen	4026
eliza	4025
gladys	4025
por	4025
unlocked	4025
mixture	4023
diagnosed	4022
porsche	4022
liberation	4020
ri	4020
vaughn	4020
nay	4019
crows	4016
rockets	4015
starfleet	4015
reindeer	4013
milton	4012
shampoo	4012
mai	4010
skiing	4010
disturbance	4009
overhead	4009
cohen	4007
crank	4007
spits	4007
bulls	4004
crocodile	4004
medals	4004
dangers	4003
exploring	4003
motivation	4003
sierra	4003
mist	4001
galaxies	4000
ju	4000
adrenaline	3998
malik	3998
marjorie	3998
sculpture	3998
allied	3997
carly	3996
convoy	3996
elliott	3996
manor	3996
bikini	3994
cutter	3994
forming	3994
merit	3994
stressful	3994
sway	3991
nell	3990
salty	3990
soy	3990
virgil	3990
belts	3988
disney	3988
elf	3988
yvonne	3988
contractor	3987
crackers	3987
rodeo	3987
arch	3985
operated	3985
playboy	3985
crews	3984
dads	3984
limbs	3984
scanner	3984
argentina	3982
bathe	3982
cardiac	3982
persuaded	3982
hyde	3981
rewarded	3981
stem	3981
taiwan	3981
velvet	3981
filter	3979
lakhs	3979
pumped	3979
warfare	3979
sterling	3978
fills	3976
gran	3976
chet	3975
disc	3974
percentage	3974
bravery	3972
diaper	3972
edges	3972
ida	3971
lyle	3971
preserved	3969
sutton	3968
champions	3966
katrina	3966
morality	3966
partying	3966
pd	3966
sergei	3966
complications	3965
crate	3965
mina	3965
sausages	3963
smoothly	3963
cradle	3962
leopard	3962
rafael	3962
chu	3960
abu	3959
athens	3959
gardner	3959
kramer	3957
magnet	3957
psychotic	3956
aggression	3954
courses	3954
motivated	3954
vaccine	3954
willis	3952
bases	3950
expanding	3950
vance	3950
buns	3949
burglary	3949
stumbled	3949
confronted	3947
geneva	3947
increasingly	3947
shady	3947
sidewalk	3947
defended	3946
chooses	3944
resolution	3944
tapped	3944
exploding	3943
punks	3943
scenery	3941
assessment	3940
hitch	3940
initially	3940
severed	3940
wink	3940
miners	3938
shredder	3938
villains	3938
introducing	3937
amendment	3935
focusing	3935
rainy	3935
blackout	3934
getaway	3934
leash	3934
muhammad	3934
recognised	3934
eyebrows	3933
livin	3933
bouncing	3931
nipples	3931
pharaoh	3931
pots	3931
raft	3931
abel	3930
refreshing	3930
roz	3930
wandered	3930
beatles	3928
confined	3928
contagious	3928
beijing	3927
frequently	3927
madeline	3927
operational	3927
shakes	3925
babylon	3924
basil	3924
suffers	3924
thanking	3924
agencies	3919
buffet	3919
drilling	3919
cocoa	3918
farms	3918
motives	3918
perception	3918
targeting	3915
thudding	3913
blares	3911
dense	3911
pinned	3911
pending	3909
crunch	3908
nod	3908
stains	3906
nervously	3905
bouquet	3903
caribbean	3903
stabbing	3903
boone	3902
bulb	3902
philosopher	3902
screws	3902
drip	3899
editing	3899
ongoing	3899
sinner	3899
veteran	3899
inspiring	3897
mara	3897
flint	3896
gale	3896
nevada	3896
nova	3896
manning	3894
membership	3894
puerto	3893
raphael	3893
chalk	3891
liable	3891
manuscript	3891
organised	3891
clanging	3889
markets	3886
austria	3884
chocolates	3884
rama	3884
trafficking	3883
philly	3881
unaware	3881
clone	3880
loot	3880
perish	3880
processed	3880
whooshing	3880
hangover	3878
columbia	3877
flatter	3877
weasel	3877
wretch	3877
israeli	3875
shatters	3875
indication	3874
lace	3874
allan	3872
cora	3872
drifting	3872
dolphin	3871
faked	3871
grady	3871
undress	3871
depart	3869
monument	3869
tyres	3869
marissa	3868
hazel	3867
invade	3867
lorraine	3867
pow	3867
rep	3867
scooby	3867
heavier	3864
mocking	3862
tart	3862
forgets	3861
sinister	3859
christy	3858
dex	3858
assemble	3856
judas	3856
shortcut	3855
amusement	3853
generosity	3853
posts	3853
transformation	3853
beta	3852
bobo	3850
counseling	3850
evidently	3849
gamma	3849
honors	3849
measured	3849
phyllis	3849
snatched	3849
squeals	3849
caitlin	3848
dubai	3848
lantern	3848
mildred	3848
combine	3846
nero	3846
trey	3846
limp	3845
toughest	3845
dots	3843
implying	3843
kilometres	3843
matrix	3843
evacuation	3842
earliest	3840
incompetent	3840
analyze	3839
closure	3839
crushing	3839
descent	3839
parachute	3839
classmates	3837
excessive	3837
tighter	3837
fuzzy	3836
hump	3836
punishing	3836
tad	3836
clare	3834
pageant	3834
reveals	3834
wan	3834
wildlife	3834
homecoming	3831
poking	3831
rehearsing	3831
swelling	3831
shrieking	3830
squawking	3830
caine	3828
tardis	3828
statues	3826
christianity	3824
practiced	3824
hazard	3821
stretched	3821
dea	3820
frustration	3820
slug	3820
trudy	3820
edie	3818
deception	3817
comforting	3815
elimination	3815
len	3815
lillian	3815
practise	3815
preach	3815
trespassing	3815
damages	3812
appointments	3811
exits	3811
yer	3811
cleo	3809
drummer	3809
misunderstand	3809
significance	3809
specimen	3809
voodoo	3809
advocate	3808
asthma	3808
errands	3808
hypocrite	3808
snorts	3808
cristina	3806
cutie	3806
obtained	3806
radioactive	3806
richmond	3806
apprentice	3805
ideals	3805
unreasonable	3804
inmate	3802
siege	3801
cobra	3799
harbour	3799
increases	3799
illegally	3798
noodle	3796
rattle	3796
trim	3796
antibiotics	3795
declaration	3795
intuition	3795
mattered	3795
revs	3795
virtual	3795
darcy	3793
scales	3793
bypass	3792
gigi	3792
manly	3792
pneumonia	3792
testified	3792
dungeon	3790
groan	3790
medicines	3790
slowing	3790
badass	3789
chaps	3789
consequence	3789
intercept	3789
ncis	3789
examples	3787
fists	3787
klink	3787
brag	3784
pitcher	3784
substantial	3784
amigo	3783
courtyard	3783
onboard	3783
ca	3782
royalty	3782
spontaneous	3782
negotiating	3780
peep	3780
restroom	3780
ache	3774
emerge	3774
gambler	3774
swat	3774
attendant	3773
bonjour	3773
darkest	3773
insecure	3773
references	3773
sympathetic	3771
lila	3770
choked	3768
heroine	3768
plumbing	3767
unidentified	3767
ariel	3765
darker	3765
crude	3764
auditions	3762
demo	3762
dictionary	3762
sparks	3762
collateral	3761
fingernails	3761
mineral	3761
oppose	3761
istanbul	3760
tempting	3760
venom	3760
bamboo	3758
particle	3758
relay	3758
broadcasting	3757
torres	3757
ying	3757
banking	3755
axl	3754
cassidy	3754
reminding	3754
estimated	3752
ferguson	3752
hebrew	3751
electronics	3749
meaningful	3749
octopus	3749
stranded	3749
daytime	3748
admitting	3746
collision	3746
comeback	3746
dowry	3746
starved	3746
faculty	3745
hungarian	3745
liza	3745
operative	3745
tenants	3743
revealing	3742
ko	3741
mediterranean	3741
ounce	3741
gadget	3739
paramedics	3739
console	3738
cyril	3738
drawers	3738
caravan	3736
spinal	3736
bummer	3735
bled	3733
crippled	3733
defy	3732
luna	3732
herbs	3730
hwang	3729
blinded	3727
queue	3727
studios	3727
goddammit	3726
countdown	3724
dracula	3724
maddy	3724
recess	3724
alarms	3723
gaining	3721
maxine	3720
quarterback	3720
eminence	3719
investigators	3719
willingly	3719
clearer	3717
gino	3717
speculation	3717
cheeky	3716
lapd	3716
powerless	3716
cruelty	3714
external	3714
allegations	3713
arjun	3713
quarantine	3713
shush	3713
sands	3710
spelling	3710
tito	3710
che	3708
headline	3707
tablet	3707
taliban	3707
founder	3705
gandhi	3705
jets	3704
josie	3704
saloon	3704
squash	3704
occasional	3702
tame	3702
tuition	3702
apologized	3701
clinical	3701
criticism	3701
serpent	3701
fading	3699
sawyer	3699
viktor	3699
prop	3698
evie	3697
lonesome	3697
mend	3697
reg	3697
separately	3697
shoved	3697
legion	3695
waitin	3695
accompanied	3694
arabs	3694
findings	3694
tread	3694
tsk	3694
toronto	3692
exploit	3691
proposing	3691
scorpion	3691
shi	3691
curb	3689
zoey	3689
athletic	3688
bombed	3688
opium	3688
jumper	3686
suing	3685
weaker	3685
bianca	3683
commence	3683
confirms	3683
seminar	3683
debra	3680
plains	3680
caviar	3679
cleaners	3679
kimberly	3679
morale	3679
neglected	3679
readers	3679
tavern	3679
welcoming	3679
worthwhile	3679
evaluation	3677
occurs	3676
rituals	3675
disguised	3673
morton	3673
precision	3673
cube	3672
doggy	3672
realizing	3672
revelation	3672
titanic	3672
babbling	3670
cheung	3667
dora	3667
riches	3667
tenant	3667
diabetes	3666
alternate	3664
diversion	3663
companions	3661
dedication	3661
effectively	3661
wager	3661
bailed	3660
sinclair	3660
smelly	3660
ratings	3658
trench	3658
cameraman	3657
dillon	3657
ajay	3655
edison	3655
hawkins	3655
stanton	3655
abduction	3654
batter	3654
brighter	3654
dye	3654
morrison	3654
prospect	3654
wider	3654
alma	3653
damp	3653
manslaughter	3653
remedy	3653
accusation	3651
cologne	3651
outsider	3651
thigh	3651
serum	3650
spaces	3650
whats	3650
oral	3648
shades	3648
woe	3648
alias	3647
elise	3647
receipts	3647
apron	3645
notified	3645
kentucky	3644
squeaks	3642
tonic	3642
vein	3642
cinderella	3641
dim	3641
presenting	3641
sod	3641
steep	3641
cub	3639
chung	3638
eyewitness	3636
flattering	3635
doubled	3634
kathleen	3634
overdose	3634
della	3631
suckers	3631
automobile	3629
cain	3629
loo	3628
brittany	3626
bullied	3626
humphrey	3626
dispose	3625
kidnapper	3625
margarita	3625
tyson	3625
grieving	3623
hash	3623
initials	3623
boogie	3620
hound	3620
cloak	3619
dawg	3619
perp	3619
crabs	3617
pastry	3617
hola	3616
michele	3616
successor	3616
cheerleader	3614
slips	3614
critics	3613
macho	3612
recruited	3612
stunned	3612
fuller	3610
mornings	3610
accidental	3607
convey	3607
lara	3607
prototype	3607
atoms	3606
barcelona	3606
fling	3606
froze	3606
superiors	3606
athletes	3604
cupcake	3604
kidnappers	3604
warsaw	3604
pleasures	3603
ax	3601
inclined	3600
kumar	3600
uptight	3600
scrooge	3598
stockings	3598
fingerprint	3597
harmed	3597
sensational	3597
intercom	3595
jockey	3595
mourn	3595
penthouse	3594
tory	3594
eileen	3592
forthe	3592
ginny	3592
quack	3592
gospel	3591
peck	3591
presumably	3590
aspects	3588
assumption	3588
hyung	3588
signatures	3588
hugging	3587
rumbles	3587
sideways	3587
organisation	3585
theodore	3585
ct	3584
jaws	3584
lowered	3584
youtube	3584
designers	3582
mushroom	3582
squid	3582
troll	3582
believer	3581
freeway	3581
possessions	3579
cowardly	3578
tornado	3578
tunes	3578
notch	3576
routes	3576
annoy	3575
elijah	3575
winters	3575
commercials	3573
idiotic	3573
loaf	3573
inconvenience	3572
plum	3572
solicitor	3572
amnesia	3570
deborah	3570
distinct	3570
arson	3569
doubted	3569
furthermore	3569
sweeping	3569
quarry	3568
farts	3565
guo	3565
puss	3565
depot	3563
circulation	3562
evenings	3562
melinda	3562
ole	3562
socialist	3562
dryer	3560
mutters	3560
vomiting	3560
brock	3559
candis	3559
fei	3559
donated	3556
moody	3556
receiver	3556
reich	3556
semen	3554
converted	3553
rags	3553
harness	3551
padre	3551
slate	3551
sonya	3551
necessity	3550
dinners	3548
emails	3548
orderly	3548
rumpole	3548
assassins	3547
scold	3547
certainty	3546
knox	3546
marian	3546
patron	3544
trek	3544
upright	3544
babes	3543
reborn	3543
reel	3543
sorrows	3543
typewriter	3543
havin	3541
utmost	3541
bhai	3540
governments	3540
patsy	3540
privileges	3540
throats	3540
glee	3538
lockdown	3538
remotely	3538
revolver	3538
brunch	3537
coyote	3537
dwell	3537
woof	3537
manic	3535
squat	3535
bangkok	3534
groove	3534
uncovered	3532
lynch	3531
mailbox	3531
objections	3531
commandant	3529
conventional	3529
scrape	3529
stockholm	3529
swings	3529
iced	3528
ignition	3528
oy	3528
paulo	3528
raises	3528
transaction	3528
beaches	3527
interpol	3527
epidemic	3522
honoured	3521
shaggy	3521
friggin	3519
policies	3518
bah	3516
shattering	3516
statistics	3516
charms	3512
flashing	3512
intercourse	3512
copied	3510
destructive	3510
grilled	3510
hookers	3510
oregon	3510
panther	3510
paycheck	3510
solitude	3510
exhausting	3507
maids	3507
performances	3507
lambert	3506
omega	3505
belgium	3503
liability	3503
stationed	3503
yankees	3503
whichever	3502
hunk	3500
trout	3500
crystals	3499
learns	3499
prosperity	3497
repent	3497
assembled	3496
literary	3496
martyr	3494
ounces	3494
connecticut	3493
northwest	3493
privileged	3493
webster	3493
excess	3491
unemployment	3488
viking	3488
blackmailing	3487
munich	3487
arrogance	3485
hacker	3485
install	3485
jeopardy	3485
pleases	3484
tongues	3484
dependent	3483
perkins	3483
reset	3483
risen	3483
sued	3483
goons	3481
macleod	3481
milady	3481
wolfe	3481
abnormal	3480
bandage	3480
heed	3480
bullying	3478
charter	3478
mabel	3478
pronounced	3478
litter	3477
shelley	3477
turks	3477
izzy	3475
ltd	3475
standby	3475
angles	3474
baths	3474
generate	3474
kerry	3474
peaches	3474
cobb	3472
residue	3471
composed	3469
paco	3469
immigrants	3468
kilo	3468
probable	3468
enjoys	3465
newman	3463
seeks	3463
vicinity	3462
clint	3461
der	3461
flank	3461
functioning	3461
horatio	3459
predictable	3459
expansion	3458
jedi	3458
scrambled	3458
pittsburgh	3456
angus	3455
natives	3455
bedrooms	3453
bing	3453
itchy	3453
scarlet	3453
stirring	3453
barrels	3450
ensign	3450
penn	3450
structures	3450
voters	3450
geoff	3449
madeleine	3449
belonging	3447
bumper	3447
commotion	3447
existing	3447
extinct	3447
haste	3447
joints	3447
mcdonald	3447
mao	3446
mare	3446
coleman	3444
cynical	3444
heist	3444
influenced	3444
input	3443
cary	3441
recite	3441
bottoms	3440
eagles	3440
expired	3440
palms	3440
slash	3440
columbus	3437
georges	3436
vous	3436
exaggerate	3434
guided	3434
pineapple	3434
spence	3433
ankles	3431
builds	3430
colleen	3430
morals	3430
posing	3428
communities	3427
fireman	3427
lawson	3427
thorn	3427
workout	3427
conceived	3425
extraterrestrial	3425
orlando	3425
raylan	3425
tennessee	3425
tightly	3425
booking	3424
diaz	3424
fraser	3424
gallagher	3424
infantry	3424
sleeves	3424
vacant	3424
yeon	3424
oranges	3422
breakup	3421
layla	3421
rhodes	3421
honourable	3420
purity	3420
mechanics	3418
militia	3418
bronx	3417
mackenzie	3417
hasty	3414
realizes	3414
colorful	3412
ramp	3412
boulevard	3411
intriguing	3411
rook	3411
xavier	3411
callen	3409
papi	3409
acquire	3408
atm	3408
episodes	3408
gents	3408
necks	3408
sinners	3408
dedicate	3406
oswald	3406
rests	3406
debut	3405
milord	3405
pi	3405
interviewing	3402
occupy	3402
aimed	3400
emerged	3399
restraining	3399
sloan	3399
clarity	3398
cod	3398
daft	3398
calculated	3396
islamic	3396
lakes	3396
grumpy	3395
ki	3395
consulting	3393
eddy	3393
obstacles	3393
picasso	3393
infirmary	3392
nicolas	3392
pesos	3392
plotting	3392
manipulated	3390
sermon	3390
scratches	3389
aidan	3386
critic	3386
deeks	3386
greasy	3386
seung	3384
zealand	3384
supports	3381
agreeing	3380
anatomy	3380
placing	3378
prejudice	3378
straightforward	3378
flare	3377
milky	3377
masterchef	3376
premiere	3376
vladimir	3376
cinnamon	3374
glamorous	3374
syd	3374
civilisation	3373
referee	3373
sensor	3373
threshold	3373
tends	3371
louisa	3370
savages	3370
emil	3368
torpedo	3368
ere	3367
housewife	3367
abdomen	3365
contestants	3365
fossil	3365
replied	3365
soak	3365
tours	3365
hoffman	3364
princes	3364
stretching	3364
bumps	3362
educational	3362
truman	3362
huang	3361
latte	3361
outfits	3361
politically	3361
pratt	3361
resurrection	3361
whoosh	3361
ds	3359
rejection	3359
wiser	3359
cambridge	3358
clutch	3358
cocktails	3358
fusion	3358
gloomy	3358
madly	3358
chronic	3356
fluids	3356
lighthouse	3356
treatments	3356
ahmed	3355
deleted	3355
stanford	3355
sustain	3355
buyers	3354
couid	3354
darius	3354
valet	3354
condemn	3352
nobel	3352
resemblance	3352
sank	3352
southeast	3352
avatar	3351
packages	3351
suicidal	3351
taped	3351
wed	3351
wireless	3351
lice	3349
paddle	3349
emilio	3348
gibberish	3348
ingredient	3348
itch	3348
spreads	3348
tablets	3348
porno	3346
prevented	3346
pry	3346
withdrawal	3346
br	3345
sexuality	3345
vinnie	3345
considerate	3342
pas	3340
sovereign	3340
voicemail	3340
cadet	3339
clarify	3337
immature	3337
marguerite	3336
banished	3335
chemo	3335
nicki	3335
dairy	3333
attach	3332
murdock	3332
pushes	3332
sliding	3332
spectacle	3332
yin	3332
allegiance	3329
delusional	3329
pooja	3329
slope	3329
awareness	3327
decker	3327
dino	3327
jed	3327
roaming	3326
shores	3326
competitors	3324
observing	3324
overreacting	3324
tomas	3324
fiery	3323
paste	3323
wits	3323
eclipse	3321
typically	3321
oysters	3320
produces	3320
scraping	3318
pros	3317
alabama	3315
impose	3315
revenue	3315
departed	3314
user	3314
arnie	3313
cracker	3313
hu	3313
mozart	3313
undoubtedly	3313
charmed	3311
dent	3311
spiral	3311
hmmm	3310
ka	3310
scans	3310
kirsten	3308
louisiana	3308
rumour	3308
correction	3307
mornin	3307
nadine	3307
posh	3307
touchdown	3307
chubby	3305
manifest	3305
fleeing	3304
genie	3304
safest	3304
steroids	3304
dakota	3302
archives	3301
trance	3301
witchcraft	3301
rocco	3299
symphony	3299
traumatic	3299
frequent	3298
skipping	3298
affecting	3296
modeling	3296
negotiation	3296
spacecraft	3296
sporting	3296
benton	3295
calculate	3295
fiddle	3295
reno	3295
talbot	3295
sails	3293
bruise	3292
despicable	3292
persistent	3292
stein	3292
salem	3291
escapes	3289
mischief	3289
cupcakes	3288
mckay	3288
arc	3286
brussels	3286
ripper	3286
cognac	3285
ritchie	3285
vitamins	3285
caps	3283
careers	3283
imbecile	3283
sim	3283
steaks	3283
cove	3282
lair	3282
directing	3279
slammed	3279
stepfather	3279
congregation	3277
illinois	3277
viral	3277
coco	3274
crisp	3274
helicopters	3274
flexible	3273
goo	3273
licking	3273
outrage	3273
funk	3271
prefers	3271
canteen	3270
captive	3270
cee	3270
knuckles	3270
montreal	3270
tao	3270
zen	3270
controversial	3269
credibility	3269
disconnected	3269
flats	3269
enthusiastic	3267
janey	3267
acute	3266
cork	3266
icy	3266
priorities	3266
bladder	3264
flyer	3264
wormhole	3264
caretaker	3261
pep	3261
roommates	3261
astronauts	3260
grape	3260
programming	3260
destroys	3258
drained	3258
metallic	3258
seldom	3258
sergio	3258
hacking	3257
poetic	3257
riders	3257
contaminated	3255
transported	3255
dimensions	3252
duct	3252
echoes	3252
insensitive	3252
emmett	3251
grinding	3251
initiate	3251
nonetheless	3251
adjourned	3249
composition	3249
flaw	3248
indulge	3248
messiah	3248
wrench	3248
accustomed	3247
concluded	3247
napkin	3247
movin	3245
doorway	3244
muddy	3242
steph	3242
intentionally	3241
saturn	3241
appearing	3239
canned	3239
chiming	3239
ballistics	3238
nicked	3238
hideout	3236
pillows	3236
replacing	3236
solemn	3236
startled	3236
suction	3236
francesca	3235
override	3235
submitted	3235
carver	3233
lea	3233
mateo	3233
mosquito	3232
detained	3230
fragrance	3230
pennies	3230
chopping	3229
meadow	3229
cables	3228
needy	3228
refugee	3228
satellites	3228
youngsters	3228
luc	3226
whitey	3226
harassing	3225
inhabitants	3225
yun	3225
burying	3223
interpretation	3223
ro	3223
bree	3222
incomplete	3222
blimey	3220
titan	3219
agatha	3217
dilemma	3217
mutt	3217
prominent	3217
retard	3217
temples	3217
hoover	3216
cesar	3214
consul	3214
lindsey	3214
temp	3214
drones	3213
hairdresser	3213
planting	3213
jensen	3211
justified	3211
norwegian	3211
stuffing	3211
dork	3210
stalling	3210
birthdays	3208
examiner	3208
imminent	3208
intimacy	3208
masked	3208
qualify	3208
tucked	3208
allie	3207
bulk	3207
diesel	3207
meditation	3207
mumbles	3207
prosecute	3207
defined	3206
oklahoma	3204
paw	3204
crawled	3203
default	3203
doughnuts	3201
haunting	3201
margot	3201
advances	3200
solutions	3200
staircase	3200
plaster	3198
proceedings	3198
amends	3197
fraternity	3197
armored	3195
cannons	3195
freud	3195
kendall	3195
birdie	3194
colonies	3194
perez	3194
volcanic	3194
carve	3192
cleopatra	3192
samson	3192
brink	3191
fishermen	3191
hybrid	3189
knockout	3189
martian	3189
playin	3189
chunk	3188
constructed	3188
confiscated	3186
interrogate	3186
commerce	3185
oprah	3185
tasks	3185
voyager	3185
precaution	3184
printer	3184
boob	3182
finishes	3182
rossi	3182
nagging	3181
stephens	3179
hag	3176
imported	3176
lunchtime	3176
skinner	3176
transcript	3175
conceal	3173
holler	3173
iife	3173
chug	3172
compelled	3170
paranoia	3170
silas	3170
styles	3170
airborne	3169
pea	3169
sentiment	3169
syria	3169
babysitting	3167
improving	3167
connects	3166
hare	3166
staged	3166
withdrawn	3166
admirable	3164
englishman	3164
hopkins	3164
indicated	3164
kristen	3164
pumps	3164
reviews	3164
vouch	3164
vey	3163
yuki	3163
trivial	3162
parcel	3160
desired	3159
scroll	3159
appealing	3157
designated	3157
weighed	3157
bubba	3156
imprisonment	3156
ferris	3154
fleming	3154
cooling	3153
containing	3151
giles	3151
impressions	3151
advantages	3150
cartwright	3150
uncertain	3150
anticipated	3148
deliberate	3148
isolate	3148
tighten	3148
corporations	3147
petra	3147
venue	3147
irritating	3145
revolt	3144
whatcha	3144
bombers	3142
lunar	3142
rightful	3142
southwest	3142
chained	3141
maine	3141
marvel	3141
colder	3140
snooping	3140
tit	3140
trunks	3140
excused	3138
seduced	3138
sully	3138
beams	3137
bloodshed	3137
communicating	3137
offender	3137
bruising	3135
monstrous	3135
offspring	3135
doorman	3134
prohibited	3134
props	3134
aiden	3132
intervene	3132
osaka	3132
penetrate	3132
tobias	3132
cairo	3131
niggers	3131
bowls	3129
jonny	3129
patriot	3129
rufus	3129
barton	3128
infamous	3128
pits	3128
surgeons	3128
crooks	3126
lettuce	3126
shag	3126
exaggerating	3125
foryou	3125
inferior	3125
zac	3125
boredom	3123
amos	3122
cashier	3122
tolerance	3122
caliber	3121
polls	3121
katy	3119
seller	3119
sensed	3119
underpants	3119
dart	3118
sections	3118
vertical	3118
zipper	3118
acceptance	3116
gabby	3116
shankar	3116
traveler	3116
emerald	3115
gays	3115
timeline	3115
pc	3113
hassle	3112
thrilling	3112
conditioning	3110
hopeful	3110
sneakers	3110
stokes	3110
instruction	3109
insults	3109
rodriguez	3109
supporters	3109
teal	3109
clatter	3107
flaming	3107
flipping	3107
freight	3106
representatives	3106
invitations	3104
lucille	3104
undressed	3104
alfredo	3103
benedict	3103
boiler	3103
davey	3103
davies	3103
edo	3103
efficiency	3103
oneself	3103
uneasy	3103
gomez	3101
yelps	3101
afterlife	3100
counterfeit	3100
eccentric	3100
smiley	3100
twat	3100
memphis	3099
vi	3099
wand	3099
consume	3097
formidable	3097
gel	3097
lesser	3097
luthor	3097
praised	3097
surrendered	3097
welcomed	3097
launching	3096
tee	3096
wendell	3096
cocksucker	3094
crores	3093
downs	3093
retiring	3093
spears	3093
authorization	3091
outsiders	3091
pancake	3091
vikram	3091
accessory	3090
probability	3090
contrast	3088
deported	3088
peters	3088
blokes	3087
crater	3087
hooks	3087
liaison	3087
remarks	3087
adele	3085
chiefs	3085
distribute	3085
photographed	3085
rehearsals	3085
salvatore	3085
vocalizing	3085
whoop	3085
credits	3084
hup	3082
shalt	3082
stability	3082
flea	3081
stench	3081
taps	3081
woken	3081
allright	3079
compelling	3079
dolores	3079
strawberries	3079
convictions	3078
hubby	3077
threatens	3077
bragging	3075
clocks	3075
peacock	3075
suburbs	3075
gabi	3074
hurrah	3074
moo	3072
fatso	3071
lacks	3071
pluck	3071
reactions	3071
silently	3071
subconscious	3071
adolf	3069
lays	3069
mira	3069
refined	3069
bungalow	3068
surge	3068
practices	3066
precautions	3066
thanked	3066
carolyn	3065
ernesto	3065
jody	3065
menace	3065
uranium	3065
aka	3063
christie	3063
fractured	3063
cone	3062
sauna	3062
bonding	3060
equality	3060
extinction	3060
randolph	3060
bourgeois	3059
csi	3059
insert	3059
downhill	3057
kiki	3057
pedal	3057
teens	3057
irving	3056
levi	3056
peru	3056
stables	3056
ambitions	3055
buddhist	3055
terrain	3055
turbo	3055
hae	3053
coaching	3052
explodes	3052
mu	3052
premature	3052
riots	3052
screening	3052
lsn	3050
qi	3050
undone	3050
communism	3049
fitted	3049
treacherous	3047
inspect	3046
elias	3044
hurray	3044
irresistible	3044
joanne	3044
northeast	3044
sparrow	3044
brew	3043
gypsies	3043
performer	3043
ingenious	3041
snapping	3041
titles	3041
turd	3041
challenger	3040
baghdad	3038
bulletin	3038
ditched	3037
immortality	3037
jinx	3037
preview	3037
procession	3037
recruits	3037
tempt	3037
eduardo	3035
aires	3034
knob	3034
melon	3034
weaknesses	3034
conclude	3033
domain	3033
bao	3031
berries	3031
dresser	3031
beads	3030
straining	3030
windy	3030
merchants	3028
patent	3028
prisons	3027
profitable	3027
ryder	3027
lass	3025
mentioning	3025
salvage	3025
poof	3024
productive	3024
sonja	3024
tox	3024
derby	3022
doth	3022
ewing	3022
goldfish	3022
hosting	3022
buff	3021
capitol	3021
leisure	3021
illusions	3019
notices	3019
odin	3019
springfield	3019
kyoto	3018
peed	3018
tracker	3018
bryant	3016
dickie	3016
euro	3016
goodwill	3016
heave	3016
vitamin	3016
boar	3015
bogus	3015
slater	3015
strapped	3015
brunette	3014
hippie	3014
jab	3014
rhymes	3014
incidentally	3012
ting	3012
gi	3011
compensate	3009
tasting	3009
webb	3009
hallucinations	3008
outbreak	3008
sow	3008
copenhagen	3006
factors	3006
golly	3006
hiv	3006
pyramids	3006
dandy	3005
desperation	3005
detour	3005
entrusted	3005
err	3005
parting	3005
resisting	3005
wrestle	3005
bursting	3003
savannah	3003
warrants	3003
concealed	3002
dreamer	3002
gagging	3002
mandatory	3002
finances	3000
nightingale	3000
grenades	2999
lamps	2999
premier	2999
squire	2999
periods	2997
borrowing	2996
kgb	2996
parasite	2996
uhm	2996
absorb	2994
influential	2994
mammy	2994
rodrigo	2994
cece	2993
concentrated	2993
investments	2993
laps	2993
tyrant	2993
underestimated	2993
applies	2992
britney	2992
exchanged	2992
measuring	2992
origins	2992
portugal	2992
decorations	2990
maths	2990
niggas	2990
orion	2989
kyung	2987
ownership	2987
pepe	2987
tweet	2987
firstly	2986
racial	2986
raspberry	2986
intimidated	2984
parsons	2984
skunk	2984
suv	2984
audible	2983
nearer	2983
yong	2983
bmw	2981
communion	2981
whinnies	2981
hindu	2980
leroy	2980
anomaly	2978
klein	2978
pursued	2978
renaissance	2978
sphere	2978
awarded	2977
chant	2977
mid	2977
outlaw	2977
penguins	2977
surname	2977
applications	2975
classmate	2975
emmy	2974
subtitle	2974
economics	2972
laden	2972
ballroom	2971
czech	2971
maneuver	2971
mort	2971
phenomenal	2971
shortage	2971
sinned	2971
tremble	2971
hooking	2970
moons	2970
screeches	2970
ae	2968
bounced	2967
consulate	2967
dane	2967
disrespectful	2967
sweetness	2967
parenting	2965
robberies	2965
describing	2964
hilary	2964
logo	2964
remark	2964
scalpel	2964
bein	2962
cecilia	2962
competent	2962
jaime	2962
seymour	2962
strangest	2962
basics	2961
bi	2961
lectures	2961
conquest	2959
contestant	2959
leftovers	2959
mounted	2959
norris	2959
pens	2959
texture	2959
wimp	2959
algorithm	2958
chile	2958
columns	2958
wails	2958
decree	2956
jeremiah	2956
momentum	2956
rewrite	2956
apes	2955
attorneys	2955
cadillac	2955
captioning	2955
desmond	2953
fairies	2953
lesbians	2953
alzheimer	2952
discovering	2952
hua	2952
monitors	2952
roasted	2952
subpoena	2952
weighing	2952
cm	2950
foe	2950
hicks	2950
circuits	2949
hiking	2949
nag	2949
stepmother	2949
formally	2948
personalities	2948
revive	2948
unnatural	2948
betraying	2946
comfy	2946
onstage	2946
pip	2946
prizes	2946
renting	2946
blaine	2945
heath	2945
marrow	2945
minority	2945
marcos	2943
popularity	2943
portable	2943
hayden	2942
hesitation	2942
sylvester	2942
telegraph	2942
alistair	2940
cluster	2940
grandad	2940
jog	2939
slay	2939
germs	2937
ooo	2937
shithead	2937
sparkling	2937
tiring	2937
fuhrer	2936
handbag	2936
splinter	2936
thumping	2936
unlimited	2936
vinegar	2936
faults	2934
remarkably	2934
sketches	2934
supposing	2934
enchanted	2933
hari	2933
nineteen	2933
respectful	2933
bien	2931
doughnut	2931
honk	2931
tags	2931
tar	2931
wrapping	2931
delia	2930
dinozzo	2930
ducky	2930
jojo	2930
om	2930
rae	2930
unfaithful	2930
barker	2928
financially	2928
stance	2928
blur	2927
clam	2927
clanking	2927
nosy	2927
organizing	2927
sarcastic	2927
boyle	2926
pasha	2926
attacker	2924
descend	2924
horribly	2924
inject	2924
wi	2924
burner	2923
fluffy	2923
liberated	2923
anal	2921
melancholy	2921
puppets	2921
awe	2920
gallons	2920
grieve	2920
earring	2918
jamaica	2917
unprecedented	2917
yank	2917
brutally	2915
disciples	2915
extortion	2915
guardians	2915
elves	2914
malibu	2914
simultaneously	2914
chapman	2912
lupin	2912
neville	2912
postman	2912
senseless	2912
hostel	2911
marcia	2911
melvin	2911
sittin	2911
chemist	2909
clamp	2909
cockroach	2909
poets	2909
faded	2908
gunpowder	2908
professionally	2908
vargas	2908
gala	2907
inc	2907
rivals	2907
surroundings	2907
wisconsin	2907
cackling	2905
contemporary	2905
harlem	2905
marlon	2905
withstand	2905
arsenal	2904
donuts	2904
endured	2904
underway	2904
daryl	2902
digs	2902
frickin	2902
injected	2902
billionaire	2901
elisabeth	2901
siegfried	2901
bandages	2899
cardboard	2899
hugs	2899
cooperative	2898
diploma	2898
everlasting	2898
liverpool	2898
fortunes	2896
neural	2896
rural	2896
abbott	2895
antiques	2895
labels	2895
receptionist	2895
millennium	2893
sizes	2893
immoral	2892
layout	2892
manages	2892
hisses	2890
impulsive	2890
usher	2890
admirer	2889
pollution	2889
rejoice	2889
iowa	2887
marlene	2887
hindi	2886
holder	2886
journalism	2885
merge	2885
nominated	2885
squeezed	2885
sundown	2885
assistants	2883
lotta	2883
miraculous	2883
prescribed	2883
stared	2883
astrid	2882
consumption	2882
guarantees	2882
iceland	2882
junction	2882
massachusetts	2882
metropolis	2882
swearing	2882
bridal	2880
victorious	2880
virgins	2880
squirt	2879
blaze	2877
casket	2877
hanson	2877
modified	2877
pads	2877
cliffs	2876
destroyer	2876
kimble	2876
offshore	2876
nip	2874
scanning	2874
tendency	2874
endangered	2873
gustav	2873
intensive	2873
va	2873
viva	2873
ave	2871
circling	2871
stashed	2871
backward	2870
chamberlain	2870
das	2870
fiber	2870
hai	2870
opponents	2870
sari	2870
thermal	2870
circumstance	2868
geography	2868
toto	2868
interpret	2867
stargate	2867
bosom	2865
eighty	2865
pisses	2865
preaching	2865
salsa	2865
shred	2865
sicily	2865
transporter	2865
beggars	2864
dread	2864
duration	2864
josephine	2864
mein	2864
networks	2864
formality	2863
heater	2863
par	2863
agriculture	2861
aigoo	2861
ordeal	2861
rhonda	2861
smug	2861
abyss	2860
descended	2860
fowler	2860
katya	2860
lasting	2860
aurora	2858
marries	2858
sleigh	2858
frenchman	2855
rouge	2855
survives	2855
margo	2854
redhead	2854
terrence	2854
aubrey	2852
corny	2852
creativity	2852
dominant	2852
graphic	2852
isis	2852
kip	2852
irrational	2851
mathematical	2851
paws	2851
sacked	2851
andreas	2849
celestial	2849
cetera	2849
chariot	2849
havoc	2849
midget	2849
nino	2849
blasting	2848
skulls	2848
upgrade	2848
ancestor	2846
babysit	2846
videotape	2846
wedded	2846
rained	2845
transit	2845
abide	2843
reserves	2843
thingy	2843
wellington	2843
chico	2842
rim	2842
settles	2842
decisive	2841
motors	2841
cheesy	2839
symbolic	2839
brightest	2838
clink	2838
cranky	2838
handicapped	2838
mating	2838
meyer	2838
molecules	2838
roxy	2838
animation	2836
grail	2836
sheridan	2836
creeping	2835
furnace	2835
thine	2835
voluntarily	2835
bu	2833
chinatown	2833
pierced	2833
slade	2833
titus	2833
sai	2832
toothpaste	2832
cuddle	2830
egyptians	2830
langley	2830
bankruptcy	2829
lever	2829
nipple	2829
shaman	2829
weeds	2829
becker	2827
reacted	2827
mashed	2826
bentley	2824
crusade	2824
decoy	2824
regent	2824
sloane	2824
tiles	2824
slides	2823
vivid	2823
catering	2822
dishonest	2822
jennings	2822
airplanes	2820
lurking	2820
shaky	2820
subs	2820
alligator	2819
barren	2819
moth	2819
axel	2817
clacking	2817
doggie	2817
expressing	2817
lorna	2817
uncover	2817
airlines	2816
dum	2816
goofy	2816
jackets	2816
marcy	2816
unicorn	2816
alarmed	2814
bums	2814
businessmen	2814
defender	2814
folded	2814
chic	2813
goody	2813
noose	2813
forgiving	2811
index	2811
thatcher	2811
amateurs	2810
blush	2810
fertile	2810
armour	2808
deliveries	2808
alexandra	2807
parted	2807
shits	2807
syndicate	2807
twinkle	2807
werner	2807
regions	2805
righty	2805
baroness	2804
castro	2804
skirts	2804
technician	2804
waffles	2804
calories	2802
cuisine	2802
malfunction	2802
memorable	2802
motorbike	2802
thea	2802
acknowledged	2801
snoop	2801
spelled	2801
evolve	2800
cox	2798
array	2797
sedative	2797
tenderness	2797
garland	2795
klingon	2795
nicola	2794
raju	2794
smuggled	2794
beforehand	2792
cecil	2792
continuous	2792
reversed	2792
royce	2792
yoko	2792
agitated	2791
discoveries	2791
forgave	2791
kimmy	2791
mri	2791
seniors	2791
synthetic	2791
attendance	2789
maple	2789
casa	2788
firearms	2788
offenders	2788
pools	2788
wanker	2788
moan	2786
obligations	2786
signor	2786
defect	2785
ethical	2785
graffiti	2785
lengths	2785
linen	2785
patriotic	2785
pest	2785
supplied	2785
minnie	2783
vin	2783
bounds	2782
decorate	2782
distinction	2782
spectrum	2782
hums	2780
mandarin	2780
reluctant	2780
rand	2779
retain	2779
educate	2778
justine	2778
minnesota	2778
cruiser	2776
exploration	2776
mace	2776
mp	2776
permits	2776
screwdriver	2776
newborn	2775
oddly	2775
shivering	2775
slime	2775
attaboy	2773
badger	2773
bruised	2773
eyeballs	2773
luigi	2773
absorbed	2772
boundary	2772
drought	2772
hypothesis	2772
institutions	2772
panama	2772
rembrandt	2772
clinking	2770
executioner	2770
catalina	2769
darts	2769
lingerie	2769
lured	2769
flaws	2767
gon	2767
thinner	2767
lucien	2766
bertie	2764
cornered	2764
tug	2764
aerial	2763
clash	2763
uptown	2763
hansen	2761
raul	2761
relentless	2761
viable	2761
wen	2761
limitations	2760
marley	2760
scholars	2760
shelves	2760
criticize	2758
forrest	2758
funerals	2758
jacqueline	2758
shaun	2758
balanced	2757
bookstore	2757
continental	2757
ramsey	2757
theta	2757
workplace	2757
bankers	2756
clause	2756
dixie	2756
dumbass	2756
superstitious	2756
assignments	2754
bennet	2754
councilman	2754
fudge	2754
slogan	2754
boarded	2753
quadrant	2753
trinity	2753
builder	2751
composer	2751
covert	2751
dire	2751
gears	2751
initiated	2751
insignificant	2751
ivory	2751
mccarthy	2751
velocity	2751
applaud	2750
comply	2750
credentials	2750
organizations	2750
trend	2750
chump	2748
derrick	2748
donations	2748
providence	2748
sparkle	2748
allegedly	2747
artifacts	2747
deploy	2747
flooding	2747
howl	2747
ladyship	2747
maintained	2747
shaolin	2747
showtime	2747
snowing	2747
deposition	2745
fractures	2745
handshake	2745
thornton	2745
adapted	2744
bess	2744
cyber	2744
neglect	2744
patrols	2744
hetty	2742
protocols	2742
appoint	2741
headphones	2741
identities	2741
overdue	2741
slayer	2741
aging	2739
pitching	2739
rotation	2739
solely	2739
tasha	2739
examining	2738
freshen	2738
memorize	2738
viewing	2738
mango	2736
sonar	2736
valued	2736
crichton	2734
decay	2734
eu	2734
miniature	2734
nightfall	2734
olives	2734
omen	2734
bai	2732
chum	2732
kristin	2732
posse	2732
mutiny	2731
toaster	2731
blames	2729
jumbo	2729
mystical	2729
researchers	2729
span	2729
disgusted	2728
dung	2728
exposing	2728
frat	2728
lifts	2728
waterfall	2728
welsh	2728
windshield	2728
yikes	2728
akira	2726
antenna	2726
bodyguards	2726
maintaining	2726
plantation	2726
receives	2726
allergies	2725
anya	2725
comparing	2725
edit	2725
havana	2725
invites	2725
superficial	2725
cartoons	2723
dirk	2723
mexicans	2723
supervision	2723
timber	2723
siberia	2722
francois	2720
hiccup	2720
intensity	2720
johan	2720
rust	2720
winding	2720
confrontation	2719
flyers	2719
jarvis	2719
jogging	2719
trustworthy	2719
adios	2717
coaster	2717
mosquitoes	2717
paragraph	2717
amuse	2716
lovin	2716
russo	2716
unexpectedly	2716
bundy	2715
dominate	2715
howie	2715
lorry	2715
soviets	2715
splashing	2715
failures	2713
jp	2713
mouthing	2713
screens	2713
unreal	2713
ziggy	2713
bending	2712
commanded	2712
gallant	2712
recon	2712
representation	2712
satisfying	2712
assign	2710
cheater	2710
pornography	2710
urn	2710
auspicious	2709
tripping	2709
uncles	2709
vine	2709
mellow	2707
seafood	2707
ac	2706
announcing	2706
hawaiian	2706
resumes	2706
adultery	2704
centers	2704
lotion	2703
scatter	2703
dominated	2701
opposing	2701
testicles	2700
transmit	2700
unpack	2700
violate	2700
zhao	2698
ames	2697
albums	2695
gavel	2695
hungary	2695
kayla	2695
porridge	2695
prem	2695
eliot	2694
rattles	2694
titties	2694
strengthen	2693
fitzgerald	2691
removal	2691
sensitivity	2691
tamara	2691
accepts	2690
crowns	2690
downloaded	2690
hive	2690
morocco	2690
nerds	2690
radha	2690
sacks	2690
saddam	2690
sniffling	2690
dew	2688
ing	2688
mt	2688
outdoor	2688
raquel	2688
currents	2687
explanations	2687
soaking	2687
tanaka	2687
joins	2685
navigation	2685
vitals	2685
aa	2684
anthem	2684
everett	2684
harp	2684
intrigued	2684
kylie	2684
margin	2684
amazingly	2682
distracting	2682
fertility	2682
horrific	2681
indictment	2681
shifted	2681
sincerity	2681
superstition	2681
ultrasound	2681
davy	2679
hamburg	2679
trashed	2679
casper	2678
digest	2678
dumplings	2678
whacked	2678
bethany	2676
casualty	2676
jacks	2676
kiddin	2676
proportion	2675
thump	2675
deceiving	2673
janine	2673
quantity	2673
corrupted	2672
hikaru	2672
sdh	2672
weave	2672
afar	2671
budge	2671
fraction	2671
gallows	2671
hiroshi	2668
landlady	2668
leela	2668
measurements	2668
certified	2666
dusk	2666
insisting	2666
luisa	2666
hawkeye	2665
hilton	2665
indoors	2665
homey	2663
saliva	2663
whispered	2663
accounted	2662
cyanide	2662
diver	2662
marched	2662
maura	2662
abandoning	2660
awaken	2660
blossoms	2660
eligible	2660
messes	2660
robbins	2660
wiggle	2660
cid	2659
stained	2659
ballard	2657
elevated	2657
ryo	2657
transparent	2657
aria	2656
hwa	2656
strokes	2656
unclear	2656
corinne	2654
regarded	2654
sidekick	2654
solidarity	2654
starter	2654
bradford	2653
godzilla	2653
vulcan	2653
belgian	2651
cling	2651
seemingly	2651
components	2650
vibrates	2650
constance	2649
missouri	2649
batting	2647
chanel	2647
marbles	2647
sap	2647
shifting	2647
wiping	2647
famine	2646
puzzles	2646
refill	2646
sneeze	2646
platinum	2644
provisions	2644
shite	2644
syringe	2644
walkin	2644
consumer	2643
electromagnetic	2643
exhaust	2643
oyster	2643
preferably	2643
barnaby	2641
catastrophic	2641
lasagna	2641
winchester	2641
evacuated	2640
serge	2640
woah	2640
describes	2638
merger	2638
muck	2638
relic	2638
buds	2637
deposits	2637
enlisted	2637
socially	2637
archbishop	2635
climax	2635
philippines	2635
smuggle	2635
progressive	2634
wheezing	2634
fearful	2632
pillar	2632
saucer	2632
singles	2632
spade	2632
addicts	2631
craving	2631
ratio	2631
clifford	2629
beauties	2628
nashville	2628
orson	2628
largely	2627
obscure	2627
rubble	2627
signora	2627
troublesome	2627
admiration	2625
ahn	2625
fong	2625
irina	2625
brutality	2624
flap	2624
lizzy	2624
anguish	2622
brats	2622
mariana	2622
prevail	2622
tattooed	2622
whim	2622
leaks	2621
nada	2621
colonial	2619
cum	2619
cupid	2619
hana	2619
emptied	2618
frau	2618
perpetrator	2618
speeds	2618
watermelon	2618
athena	2616
rooftop	2616
sponsored	2616
extraction	2615
managers	2615
rhino	2615
stat	2615
colombia	2613
diarrhea	2613
disregard	2613
goggles	2613
warmed	2613
fitness	2612
struggles	2612
scalp	2610
suitcases	2610
veterans	2610
caress	2609
kensi	2609
watchman	2609
aura	2608
devlin	2608
disciple	2608
exclusively	2608
misty	2608
adored	2606
buckets	2606
crockett	2606
helm	2606
inhale	2606
hedge	2605
kari	2605
revoir	2605
shillings	2605
tents	2605
breaker	2603
digger	2603
meatballs	2603
snorting	2603
suppress	2603
viper	2603
witty	2603
encouragement	2602
goddamned	2602
intercepted	2602
shogun	2602
wonderfully	2602
abbot	2600
cleanse	2600
competitor	2600
posting	2600
sizzling	2600
trenches	2600
lyon	2599
mustang	2599
stewie	2599
kg	2597
reflected	2597
rested	2597
habitat	2596
molecular	2596
obnoxious	2596
sarcasm	2594
tung	2594
wraith	2594
blondie	2593
exaggerated	2593
goon	2593
pulp	2593
refund	2593
renowned	2593
tofu	2593
wildly	2593
antony	2591
chateau	2591
embedded	2591
harlan	2591
provoked	2591
alfie	2590
cages	2590
guido	2590
lennox	2590
nile	2590
resemble	2590
skates	2590
sticker	2590
characteristics	2588
fe	2588
isle	2588
unstoppable	2588
veal	2588
ambushed	2587
deployed	2587
earthquakes	2587
reaper	2587
zap	2587
biblical	2586
puck	2586
aya	2584
gaby	2584
intends	2584
mystic	2584
muffins	2583
republicans	2583
speedy	2583
bolts	2581
enrique	2581
hoax	2581
intersection	2581
presently	2581
raided	2581
shuffle	2581
supplier	2581
brighton	2580
distinctive	2580
edited	2580
outdoors	2580
rubbed	2580
upcoming	2580
vegan	2580
glitter	2578
granger	2578
oracle	2578
peeing	2578
wagons	2578
amulet	2577
suspend	2577
convertible	2575
guild	2575
squared	2575
battling	2572
steward	2572
gateway	2571
rites	2571
weston	2571
distributed	2569
fragment	2569
jt	2569
pavement	2569
projector	2569
rugby	2569
baldwin	2568
obscene	2568
raping	2568
zebra	2568
analyst	2566
elbows	2566
eta	2566
detonator	2565
disneyland	2565
earthly	2565
modesty	2565
rails	2565
assess	2564
librarian	2564
moran	2564
vinci	2564
bribes	2562
crowley	2562
gravitational	2562
homie	2562
slumber	2562
suffice	2562
aces	2561
sodium	2561
canary	2559
credible	2559
declined	2559
eyesight	2559
hubert	2559
trajectory	2559
developments	2558
duplicate	2558
jug	2558
capitalism	2556
crates	2556
defenses	2556
polished	2556
xi	2556
chaotic	2555
differ	2555
enzo	2555
fences	2555
hodgins	2555
gardening	2553
gram	2553
forecast	2552
ti	2552
tinker	2552
macy	2550
pinched	2550
plunge	2550
tangled	2550
arturo	2549
bulletproof	2549
firewood	2549
grover	2549
module	2549
novak	2549
overly	2549
pizzas	2549
retail	2549
appalling	2547
felicia	2547
rows	2547
concentrating	2546
growl	2546
mash	2546
transferring	2546
braces	2544
livestock	2544
rewards	2544
sliced	2544
dictate	2543
gunman	2543
recruiting	2543
users	2543
bathrooms	2542
linus	2542
nobles	2542
organism	2542
picky	2542
platter	2542
vultures	2542
crackles	2540
manufacturing	2540
mitzvah	2540
proudly	2540
pup	2540
scarecrow	2540
sweeter	2540
cara	2539
frying	2539
genetically	2539
interpreter	2539
ledge	2539
leigh	2539
redeem	2539
charleston	2537
qing	2537
tyranny	2537
cutest	2536
descendants	2536
nomination	2536
rosy	2536
sabine	2536
skins	2536
textbook	2536
dubois	2534
finland	2534
hast	2534
loretta	2534
pioneer	2534
saunders	2534
unsolved	2534
angelica	2533
cesare	2533
hugged	2533
ramirez	2533
suzie	2533
throttle	2533
allergy	2531
carving	2531
powered	2531
thrive	2531
icu	2530
pong	2530
squares	2530
suzy	2530
accordingly	2528
alphabet	2528
internship	2528
maternity	2528
morty	2528
scarce	2528
sect	2528
threesome	2528
nellie	2527
sirs	2527
tones	2527
unwell	2527
anticipate	2525
import	2525
mohammed	2525
temporal	2525
democrats	2524
pfft	2524
spree	2524
terminated	2524
ami	2522
futile	2522
interviewer	2522
respectfully	2522
dictator	2521
stuffy	2521
fasten	2520
giggle	2520
grandchild	2520
mammals	2520
neptune	2520
wai	2520
itching	2518
persian	2518
pharmaceutical	2518
tactic	2518
austrian	2517
jiang	2517
observer	2517
tesla	2517
thorne	2517
wallpaper	2517
output	2515
giorgio	2514
goliath	2514
joyful	2514
spouse	2514
trophies	2514
hobbies	2512
naming	2512
rightly	2512
stale	2512
teamwork	2512
vito	2512
yates	2512
obedient	2511
switches	2511
boner	2509
dioxide	2509
rating	2509
raving	2509
regulation	2509
bach	2508
bc	2508
construct	2508
espresso	2508
implant	2508
mari	2508
satisfactory	2508
sleeper	2508
anjali	2506
coordinate	2506
munch	2506
rations	2506
backseat	2505
dominique	2505
stag	2505
analyzed	2503
chrissy	2503
reschedule	2503
bono	2502
princeton	2502
sorority	2502
uphold	2502
crumbs	2501
inconvenient	2501
confidentiality	2499
embraced	2499
overruled	2499
pipeline	2499
reconstruction	2499
reunited	2499
comfortably	2498
enlightenment	2498
mortals	2498
puddle	2498
misha	2496
vlad	2496
swam	2495
ukraine	2495
annette	2493
demise	2493
demonic	2493
donatello	2493
sora	2493
barefoot	2492
beak	2492
fungus	2492
skeletons	2492
tacos	2492
fanfare	2490
felipe	2490
maryland	2490
drastic	2489
lemonis	2489
mascot	2489
picard	2489
intrude	2487
presidents	2487
proceeding	2487
stiles	2487
sums	2487
advertisement	2486
deprived	2486
farting	2486
adjustment	2484
blanks	2484
charade	2484
foremost	2484
puncture	2484
spank	2484
stig	2484
straightened	2484
abs	2483
booing	2483
minimal	2483
utah	2483
flashes	2481
gals	2481
andrei	2480
greenhouse	2480
marx	2480
requirements	2480
canoe	2479
comprehend	2479
vermont	2479
arsehole	2477
baton	2477
graduating	2477
intimidating	2476
kinky	2476
microscope	2476
partially	2476
sensing	2476
titans	2476
babu	2474
geese	2474
hardship	2474
ren	2474
territories	2474
vaguely	2474
doubles	2473
exceptions	2473
florrick	2473
gramps	2473
jing	2473
karin	2473
knitting	2473
administrator	2471
blacksmith	2471
correspondence	2471
ctu	2471
fashionable	2471
slowed	2471
tolling	2471
arcade	2470
gestures	2470
lonnie	2470
matron	2470
overlooked	2470
siobhan	2470
lockhart	2468
outnumbered	2468
quits	2468
mc	2467
terminate	2467
verbal	2467
chirps	2465
hosts	2465
presidency	2465
roberta	2465
rye	2465
devote	2464
dumps	2464
hallo	2462
improvise	2462
monique	2462
pooh	2462
starship	2462
cawing	2461
fumes	2461
spades	2461
aluminum	2459
drafted	2459
everest	2459
michaels	2459
squeak	2459
ssh	2459
candace	2458
cappuccino	2458
commonwealth	2458
cucumber	2458
favours	2457
folder	2457
inventor	2457
peppers	2457
slamming	2457
appeals	2455
reasoning	2455
walton	2455
adequate	2454
glued	2454
godmother	2454
hangar	2454
ifs	2454
nets	2454
snickers	2454
foolishness	2452
forum	2452
joys	2452
crest	2451
sybil	2451
bleach	2449
disastrous	2449
horrors	2449
peers	2449
playful	2449
coronation	2448
glamour	2448
halo	2448
lineup	2448
errors	2446
highlight	2446
ponies	2446
sookie	2446
viv	2446
ziva	2446
alvarez	2445
arabia	2445
imperative	2445
pluto	2445
trader	2445
weights	2445
drugstore	2443
galileo	2443
lenses	2443
obstruction	2443
tainted	2443
envious	2442
gertrude	2442
icon	2442
insured	2442
nikolai	2442
overlook	2442
segment	2442
twisting	2442
camilla	2440
commentator	2440
pitt	2440
rollin	2440
cerebral	2439
cushion	2439
frames	2439
qin	2439
spoiling	2439
tsar	2439
zelda	2439
angelina	2437
cavity	2437
chute	2437
divers	2437
hallowed	2437
reds	2437
sahib	2437
strung	2437
volcanoes	2437
monopoly	2436
watts	2436
bros	2435
immigrant	2435
apache	2433
caffeine	2433
encounters	2433
postponed	2433
squeezing	2433
calmed	2432
opener	2432
rut	2432
stuttering	2432
baek	2430
franchise	2430
impotent	2430
tabs	2430
entity	2429
hygiene	2429
slimy	2429
andi	2427
containment	2427
irregular	2427
jumpy	2427
knickers	2427
pistols	2427
anarchy	2426
blackmailed	2426
controller	2426
dudley	2426
hades	2426
lowly	2426
rung	2426
wisely	2426
borg	2424
dramatically	2424
researching	2424
bullies	2423
fay	2423
seventy	2423
touchy	2423
abdul	2421
divisions	2421
divya	2421
poll	2421
stealth	2421
yearbook	2421
blinds	2420
sneezes	2420
bigfoot	2418
cockpit	2418
cramp	2418
dharma	2418
ninety	2418
truthful	2418
edwin	2417
ghastly	2417
hangin	2417
lilith	2417
whines	2417
cola	2415
corrections	2415
infinity	2415
missionary	2415
moist	2415
penance	2415
founding	2414
investor	2414
krystle	2414
sham	2414
caldwell	2413
orientation	2413
captains	2411
columbo	2411
flop	2411
jamming	2411
crossroads	2410
infrared	2410
pleading	2410
carroll	2408
flushed	2408
magda	2408
sven	2408
component	2407
gaming	2407
gases	2407
gurgling	2407
prairie	2407
saudi	2407
slapping	2407
vinny	2407
abusive	2405
aching	2405
bracelets	2405
lau	2405
rift	2405
tyre	2405
vermin	2405
wiring	2405
abstract	2404
gauge	2404
lifelong	2404
robby	2404
johnnie	2402
mythology	2402
pilgrimage	2402
theoretically	2402
android	2401
iq	2401
licked	2401
photographers	2401
pianist	2401
render	2401
rhythmic	2401
rocked	2401
wilma	2401
clover	2399
feat	2399
salvador	2399
troupe	2399
unwanted	2399
drying	2398
preposterous	2398
primarily	2398
raoul	2398
unseen	2398
constantine	2396
functional	2396
git	2396
outlet	2396
pictured	2396
vulture	2396
cc	2395
nitrogen	2395
lest	2394
speechless	2394
delusions	2392
peeping	2392
refrain	2392
accountable	2391
engaging	2391
jerking	2391
ch	2389
intro	2389
orgy	2389
piles	2389
rescuing	2389
zane	2389
jaguar	2388
prue	2388
abusing	2386
charitable	2386
concerts	2386
fatigue	2386
schemes	2386
taj	2386
attracts	2385
lili	2385
stirred	2385
gras	2383
heartbroken	2383
invaders	2383
kittens	2383
riggs	2383
wench	2383
amar	2382
suffocating	2382
underage	2382
youse	2382
bugged	2380
dimitri	2380
klinger	2380
cds	2379
hamster	2379
metropolitan	2379
omelet	2379
unions	2379
worf	2379
grad	2377
grub	2377
humility	2377
obedience	2377
conway	2376
lassie	2376
posed	2376
resentment	2376
victorian	2376
aunts	2374
booming	2374
dat	2374
didi	2374
locke	2374
brigadier	2373
hedgehog	2373
intrusion	2373
recipes	2373
shay	2373
tacky	2373
admiring	2372
anyplace	2372
hk	2372
physicist	2372
saviour	2372
yonder	2372
avengers	2370
forfeit	2370
lullaby	2370
oasis	2370
unleash	2370
boxers	2369
indifferent	2369
truthfully	2369
actresses	2367
arranging	2367
grin	2367
organise	2367
hydra	2366
pearson	2366
shutters	2366
voila	2366
aloud	2364
daria	2364
energetic	2364
genesis	2364
henrik	2364
postal	2364
archive	2363
constitutional	2363
ernst	2363
funniest	2363
hmph	2363
muse	2363
nauseous	2363
cloudy	2361
covenant	2361
olivier	2361
prestige	2361
recital	2361
astray	2360
decks	2360
gunnar	2360
helper	2360
pencils	2360
casing	2358
cooing	2358
ip	2358
leland	2358
ozzy	2358
sterile	2358
bagel	2357
intimidate	2357
lorelai	2357
recognizes	2357
releases	2357
forgery	2355
kenya	2355
bred	2354
dunn	2354
huck	2354
vector	2354
detonate	2352
horsepower	2352
inhuman	2352
lenin	2352
nausea	2352
sakura	2352
violating	2352
hooting	2351
informer	2351
oriental	2351
pascal	2351
plugged	2351
pretends	2351
chaplain	2350
farce	2350
parasites	2350
reyes	2350
spoils	2350
tram	2350
cruising	2348
tile	2348
violently	2348
whipping	2348
ashtray	2347
donut	2347
neighing	2347
und	2347
zones	2347
abdominal	2345
decoration	2345
kelso	2345
nobility	2345
scoot	2345
sharpe	2345
spoilt	2345
updated	2345
blueprints	2344
dealings	2344
pitched	2344
resource	2344
coalition	2342
hoss	2342
professors	2342
cheyenne	2341
dishwasher	2341
espionage	2341
minded	2341
barbarians	2339
brewster	2339
cons	2339
loony	2339
protesting	2339
resulted	2339
wrestler	2339
dialect	2338
kangaroo	2338
rite	2338
counsellor	2336
incorrect	2336
locket	2336
parameters	2336
pilgrims	2336
risotto	2336
sorcerer	2336
tsunami	2336
unreliable	2336
agricultural	2335
geniuses	2335
marital	2335
willard	2335
hera	2333
scramble	2333
wilkes	2333
aquarium	2332
caste	2332
flavors	2332
roxanne	2332
sanity	2332
starvation	2332
summons	2332
swears	2332
wedge	2332
bedside	2330
experimenting	2330
tribunal	2330
truths	2330
automated	2329
darlene	2329
emerson	2329
explorer	2329
treachery	2329
amused	2328
dunk	2328
fishes	2328
greens	2328
kappa	2328
oleg	2328
appreciates	2326
commissioned	2326
disclose	2326
goblin	2326
lark	2326
politely	2326
reassuring	2326
seaside	2326
folly	2325
incense	2325
pear	2325
preoccupied	2325
vikings	2325
graceful	2323
grande	2323
irs	2323
lavender	2323
stretcher	2323
basin	2322
discussions	2322
disobey	2322
groovy	2322
lasers	2322
luncheon	2322
sacrificing	2322
simulation	2322
aide	2320
gruesome	2320
mil	2320
shen	2320
sinful	2320
snot	2320
yearning	2320
haha	2319
masculine	2319
banjo	2317
blazing	2317
camelot	2317
crowned	2317
dina	2317
dos	2317
extras	2317
gonzalo	2317
guides	2317
hopper	2317
mortimer	2317
painkillers	2317
cassette	2316
foley	2316
misplaced	2316
practising	2316
rave	2316
silvia	2316
sorting	2316
sprung	2316
sylvie	2316
designing	2314
enterprises	2314
howls	2314
patti	2314
prehistoric	2314
suspense	2314
japs	2313
paints	2313
relying	2313
renounce	2313
rendered	2311
circumstantial	2310
herald	2310
investing	2310
mugged	2310
protestant	2310
randomly	2310
smear	2310
spleen	2310
stylish	2310
artifact	2309
cursing	2309
erection	2309
flavour	2309
gravel	2309
guiding	2309
hollis	2309
pantry	2309
classics	2307
raccoon	2307
binding	2306
delivers	2306
enhance	2306
enlighten	2306
spinach	2306
goldman	2304
invalid	2304
touring	2304
fashioned	2303
gilmore	2303
johns	2303
ledger	2303
spilling	2303
containers	2301
frequencies	2301
historian	2301
majestic	2301
marisa	2301
meadows	2301
quieter	2301
zhou	2301
aryan	2300
diplomat	2300
wrinkles	2300
insulin	2298
natalia	2298
nationals	2298
pagan	2298
palestine	2298
para	2298
rudolph	2298
subtitling	2298
swimmer	2298
torpedoes	2298
accommodate	2297
bygones	2297
disgraced	2297
intellect	2297
adjusting	2295
giraffe	2295
peer	2295
petersburg	2295
posture	2295
audiences	2294
hammering	2294
religions	2294
gigs	2292
ruben	2292
biggie	2291
chewed	2291
colossal	2291
damaging	2291
dougie	2291
emile	2291
iceberg	2291
pietro	2291
renew	2291
vigilante	2291
bribed	2289
cellular	2289
dangerously	2289
duane	2289
indecent	2289
rascals	2289
chai	2288
grammar	2288
hutch	2288
pager	2288
ramona	2288
runners	2288
stumble	2288
thrash	2288
dispatcher	2287
iast	2287
stump	2287
thankyou	2287
wraps	2287
disconnect	2285
gator	2285
skye	2285
teammates	2285
weakest	2285
apiece	2284
cooperating	2284
distinguish	2284
feud	2284
melts	2284
morally	2284
passions	2284
strive	2284
theatrical	2284
flourish	2282
reeves	2281
unnecessarily	2281
accuracy	2279
bitterness	2279
cosmo	2279
janie	2279
perceive	2279
upstate	2279
circular	2278
fundraiser	2278
generated	2278
insolent	2278
reflects	2278
strauss	2278
manufacture	2276
mingle	2276
pilgrim	2276
purge	2276
rumble	2276
squirrels	2276
xander	2276
casually	2275
confinement	2275
firemen	2275
handler	2275
hobbs	2275
multiply	2275
phd	2275
slain	2275
alfonso	2273
divert	2273
patches	2273
adriana	2272
ambrose	2272
ia	2272
mit	2272
mustafa	2272
numbered	2272
protests	2272
versions	2272
youthful	2272
damian	2270
gunther	2270
herbal	2270
kathryn	2270
lawful	2270
reasonably	2270
stacked	2270
logged	2269
myra	2269
suzuki	2269
alimony	2267
mainstream	2267
prospects	2267
stating	2267
sykes	2267
budapest	2266
awakened	2265
curl	2265
curses	2265
nelly	2265
ore	2265
slices	2265
uprising	2265
badges	2263
boulder	2263
cabaret	2263
manpower	2263
manufacturer	2263
mush	2263
ration	2263
disarm	2262
elusive	2262
recycling	2262
snarls	2262
chiu	2260
considers	2260
flawless	2260
harmful	2260
youre	2260
admits	2259
helene	2259
horseback	2259
morales	2259
owens	2259
esteemed	2257
ethnic	2257
kono	2257
navigate	2257
pun	2257
recreate	2257
thankfully	2257
travelers	2257
dissolve	2256
duffy	2256
exterior	2256
gems	2256
iraqi	2256
licensed	2256
moira	2256
mutants	2256
robes	2256
testifying	2256
triad	2256
booby	2254
knack	2254
lodged	2254
nbc	2254
portfolio	2254
pussycat	2254
simms	2254
tossing	2254
wildest	2254
cpr	2253
lei	2253
mayo	2253
nato	2253
racism	2253
gillian	2251
stingy	2251
continents	2250
kaiser	2250
napkins	2250
registry	2250
shooters	2250
blinking	2248
duo	2248
fags	2248
gymnastics	2248
jag	2248
shah	2248
attachment	2247
bernadette	2247
exploited	2247
valiant	2247
administrative	2245
crave	2245
crispy	2245
hawks	2245
intruders	2245
mega	2245
owning	2245
persuasive	2245
qu	2245
reviewed	2245
trans	2245
bette	2244
elevators	2244
fulfilling	2244
promoting	2244
ronny	2244
shoving	2244
turmoil	2244
unworthy	2244
irma	2243
mcqueen	2243
rooting	2243
stoop	2243
demonstrated	2241
ee	2241
greer	2241
panels	2241
panicking	2241
berkeley	2240
cheats	2240
chord	2240
mattie	2240
myths	2240
oblige	2240
volleyball	2240
anticipation	2238
aroused	2238
daleks	2238
fibers	2238
radiant	2238
ferocious	2237
heinous	2237
paralysis	2237
compassionate	2235
emergencies	2235
enjoyable	2235
olaf	2235
roulette	2235
torso	2235
delegation	2234
softer	2234
alonso	2232
fangs	2232
moi	2232
plaque	2232
bowman	2231
buggy	2231
denies	2231
kristina	2231
neighs	2231
tally	2231
tibet	2231
unusually	2231
uterus	2231
charcoal	2228
fez	2228
healer	2228
weirdest	2228
camouflage	2226
eel	2226
hub	2226
mailman	2226
naw	2226
recordings	2226
seagulls	2226
shoulda	2226
tamil	2226
buckley	2225
furry	2225
pronto	2225
amir	2223
edible	2223
kermit	2223
sedan	2223
trifle	2223
calcutta	2222
colon	2222
crotch	2222
cubes	2222
delusion	2222
foundations	2222
costing	2221
leila	2221
resisted	2221
snail	2221
strippers	2221
tariq	2221
ursula	2221
fiend	2219
sorta	2219
ultra	2219
vista	2219
pinkie	2218
restrain	2218
voluntary	2218
widely	2218
blackie	2216
eiffel	2216
erika	2216
farrell	2216
infiltrate	2216
medallion	2216
radios	2216
ringo	2216
sophomore	2216
uncommon	2216
bailiff	2215
dyke	2215
wilder	2215
yamato	2215
assassinated	2213
bonnet	2213
emilia	2213
emptiness	2213
helmets	2213
normandy	2213
peril	2213
plaintiff	2213
transmitted	2213
cheetah	2212
clips	2212
saga	2212
thicker	2212
whiz	2212
accord	2210
bawk	2210
binoculars	2210
birmingham	2210
bullock	2210
diva	2210
duckman	2210
jeanette	2210
clams	2209
concierge	2209
questionable	2209
sita	2209
volunteering	2209
brook	2207
hereafter	2207
lunches	2207
pinpoint	2207
spooked	2207
verses	2207
weakened	2207
cleans	2206
deposited	2206
ironically	2206
marshals	2206
bodily	2204
civic	2204
distances	2204
dominion	2204
hypnosis	2204
secretive	2204
tori	2204
bursts	2203
cello	2203
sponsors	2203
streams	2203
tickles	2203
tights	2203
uncertainty	2203
vortex	2203
ab	2202
disability	2202
griffith	2202
herring	2202
hostility	2202
orchid	2202
conflicts	2200
housekeeping	2200
interrogated	2200
pans	2200
panthers	2200
ruiz	2200
wonderland	2200
andromeda	2199
broccoli	2197
garfield	2197
mussolini	2197
pottery	2197
premium	2197
shrapnel	2197
giuseppe	2196
jacked	2196
planner	2196
robyn	2196
rounded	2196
cactus	2194
defendants	2194
jia	2194
motherland	2194
wilt	2194
belinda	2193
executives	2193
spoons	2193
unbelievably	2193
catcher	2191
continuously	2191
fairness	2191
monarch	2191
narrative	2191
organisms	2191
regretted	2191
roth	2191
spices	2191
alejandro	2190
beginnings	2190
bonded	2190
controversy	2190
dictatorship	2190
dignified	2190
josef	2190
manu	2190
peaks	2190
tilt	2190
brownies	2188
dell	2188
diversity	2188
jeopardize	2188
osborne	2188
overdo	2188
pretentious	2188
shabby	2188
sharma	2188
tissues	2188
crunching	2187
harmon	2187
horrid	2187
marnie	2187
overrated	2187
rethink	2187
separating	2187
tel	2187
eww	2185
mastered	2185
reopen	2185
camels	2184
denis	2184
depended	2184
tak	2184
tux	2184
whine	2184
axis	2182
cherries	2182
craziest	2182
orchard	2182
pleasing	2182
rods	2182
unforgivable	2182
bubbling	2181
distressed	2181
interact	2181
manipulating	2181
blacked	2180
burgundy	2180
caucasian	2180
flushing	2180
onwards	2180
participation	2180
reservoir	2180
rewind	2180
trillion	2180
lao	2178
manhood	2178
serbian	2178
dinah	2177
exhale	2177
matilda	2177
blooming	2175
caramel	2175
drunkard	2175
identifying	2175
rinse	2175
slander	2175
stocking	2175
artwork	2174
catholics	2174
cor	2174
elisa	2174
refresh	2174
stormy	2174
afghan	2172
backside	2172
chilling	2172
congo	2172
expanded	2172
floats	2172
antarctica	2171
investigative	2171
sandals	2171
searches	2171
wills	2171
yawns	2171
collaboration	2169
hussein	2169
psyched	2169
untouched	2169
bummed	2168
compatible	2168
departments	2168
finer	2168
heinrich	2168
mak	2168
manure	2168
moor	2168
tuxedo	2168
dona	2166
ids	2166
keg	2166
monsignor	2166
peeled	2166
seeker	2166
stings	2166
watering	2166
aj	2165
lending	2165
malaria	2165
sinatra	2165
walters	2165
achievements	2163
braun	2163
dodgers	2163
excellence	2163
fortnight	2163
meddling	2163
overthrow	2163
postmortem	2163
reassure	2163
coppers	2162
dickens	2162
latch	2162
raids	2162
drifted	2160
leeds	2160
implants	2159
lynette	2159
midday	2159
oatmeal	2159
obsessive	2159
unmarried	2159
upwards	2159
bowie	2158
copying	2158
freya	2158
helga	2158
mercenary	2158
murat	2158
outrun	2158
perks	2158
sewers	2158
upload	2158
shu	2156
bumping	2155
humbly	2155
injections	2155
inland	2155
yorkshire	2155
cockroaches	2153
laurent	2153
participating	2153
python	2153
crumble	2152
puberty	2152
technologies	2152
clot	2150
exterminate	2150
miki	2150
rake	2150
roscoe	2150
toots	2150
augustus	2149
bottled	2149
charlene	2149
cholesterol	2149
deli	2149
fung	2149
sublime	2149
aches	2147
ahoy	2147
appendix	2147
dashing	2147
demolition	2147
distractions	2147
methane	2147
plank	2147
chevy	2146
invading	2146
makers	2146
medications	2146
zurich	2146
comm	2144
commando	2144
grissom	2144
loner	2144
mantle	2144
miner	2144
senile	2144
broth	2143
interaction	2143
lsd	2143
manufactured	2143
auschwitz	2141
sesame	2141
devour	2140
govern	2140
orb	2140
respiratory	2140
restraint	2140
sardines	2140
zachary	2140
consists	2138
elope	2138
lumber	2138
webber	2138
wreckage	2138
alps	2137
assassinate	2137
edinburgh	2137
faulty	2137
needless	2137
operates	2137
santo	2137
bologna	2136
jillian	2136
murmurs	2136
staggering	2136
unleashed	2136
brushing	2134
advancing	2133
celeste	2133
coffees	2133
commonly	2133
mentality	2133
surgeries	2133
trixie	2133
cordelia	2131
hammered	2131
luciano	2131
mastermind	2131
meltdown	2131
olsen	2131
rayna	2131
brow	2130
burrito	2130
galactic	2130
muriel	2130
strand	2130
tedious	2130
builders	2128
encrypted	2128
gill	2128
judd	2128
threads	2128
wronged	2128
collectors	2127
cremated	2127
disciplinary	2127
ferdinand	2127
handicap	2127
prosper	2127
sheppard	2127
terri	2127
alain	2125
export	2125
hardcore	2125
hens	2125
inventions	2125
vowed	2125
conceive	2124
cromwell	2124
kingdoms	2124
reacting	2124
snappy	2124
tj	2124
vocabulary	2124
sling	2122
transporting	2122
checkmate	2121
marius	2121
murderous	2121
patio	2121
baptized	2119
enable	2119
hooves	2119
jodie	2119
payday	2119
pranks	2119
rebound	2119
seizures	2119
bravely	2118
cyborg	2118
delirious	2118
gianni	2118
huey	2118
markings	2118
seaweed	2118
telephoned	2118
widows	2118
dibs	2116
fielding	2116
hologram	2116
triumphant	2116
washes	2116
buckingham	2115
hauling	2115
lexi	2115
processes	2115
steadily	2115
wilbur	2115
acquitted	2114
bey	2114
buts	2114
creed	2114
kwon	2114
meddle	2114
mink	2114
projection	2114
scoundrels	2114
blushing	2112
faye	2112
spectators	2112
barlow	2111
frigging	2111
horseman	2111
kato	2111
prescott	2111
torches	2111
avalanche	2109
fret	2109
marking	2109
vacations	2109
editorial	2108
eyeball	2108
fleas	2108
glasgow	2108
pacey	2108
bonfire	2106
insides	2106
micah	2106
trails	2106
anu	2105
bearer	2105
urgency	2105
capitalist	2103
chaplin	2103
clueless	2103
conner	2103
mercer	2103
provincial	2103
tempo	2103
bumpy	2102
cheeseburger	2102
chime	2102
didnt	2102
harass	2102
maternal	2102
stomp	2102
festive	2100
fleeting	2100
gags	2100
geezer	2100
mayhem	2100
oppression	2100
resembles	2100
thorns	2100
zodiac	2100
brutus	2099
cylinder	2099
freelance	2099
pouch	2099
sato	2099
scots	2099
teri	2099
whatnot	2099
fossils	2097
marko	2097
brushed	2096
crosby	2096
dai	2096
dax	2096
disgraceful	2096
encore	2096
holed	2096
ludwig	2096
plausible	2096
ceremonies	2095
entertained	2095
fascists	2095
impulses	2095
mckenzie	2095
refers	2095
resulting	2095
shatter	2095
takeoff	2095
lama	2093
rin	2093
specialists	2093
phenomena	2092
preventing	2092
affectionate	2090
blindfold	2090
contributed	2090
precedent	2090
raf	2090
schmuck	2090
bambi	2089
carefree	2089
gao	2089
hatchet	2089
offscreen	2089
statute	2089
bowel	2087
combo	2087
coping	2087
dialed	2087
endurance	2087
hallucinating	2087
hypothetically	2087
jana	2087
mayonnaise	2087
penitentiary	2087
pollen	2087
tam	2087
vineyard	2087
virtues	2087
advertise	2086
digits	2086
evolutionary	2086
francesco	2086
kabir	2086
myers	2086
ribbons	2086
barbarian	2084
brewing	2084
disrupt	2084
edgy	2084
girlie	2084
parental	2084
rao	2084
regained	2084
saline	2084
tat	2084
candice	2083
homesick	2083
implications	2083
scallops	2083
unanimous	2083
vibrations	2083
casanova	2081
stung	2081
tormented	2081
baptism	2080
harassed	2080
kwan	2080
leagues	2080
steamed	2080
thunderclap	2080
bows	2078
chimp	2078
consulted	2078
restoration	2078
retribution	2078
scripts	2078
velma	2078
adventurous	2077
afterward	2077
unforgettable	2077
expectation	2075
inevitably	2075
swab	2075
armand	2074
carcass	2074
lukas	2074
notary	2074
xu	2074
alphahff	2073
dazzling	2073
perverted	2073
snipers	2073
spat	2073
surrogate	2073
capabilities	2071
cartman	2071
gains	2071
lai	2071
midwife	2071
bleak	2070
grumbling	2070
houdini	2070
inquiries	2070
retainer	2070
berger	2068
expel	2068
markers	2068
reap	2068
specs	2068
adi	2067
carole	2067
coloured	2067
deceit	2067
degenerate	2067
morn	2067
petals	2067
accurately	2065
battered	2065
darlings	2065
dues	2065
mound	2065
patton	2065
starbuck	2065
tensed	2065
withdrew	2065
frenzy	2064
nemesis	2064
rocker	2064
saturdays	2064
senators	2064
whiff	2064
fearing	2062
tagged	2062
carey	2061
fringe	2061
peninsula	2061
radiator	2061
tolerated	2061
clucking	2059
reuben	2059
specimens	2059
stun	2059
tor	2059
accomplices	2058
assailant	2058
ke	2058
mutation	2058
somber	2058
capturing	2056
gaston	2056
paramedic	2056
reclaim	2056
spun	2056
straightaway	2056
biopsy	2055
colleges	2055
doubting	2055
funnier	2055
proportions	2055
theoretical	2055
disasters	2053
forwards	2053
indefinitely	2053
quo	2053
sen	2053
whee	2053
addressing	2052
iolaus	2052
blackjack	2051
felon	2051
inflation	2051
neon	2051
pakistani	2051
slurping	2051
stallion	2051
zordon	2051
hijacked	2049
irritated	2049
jingling	2049
macaroni	2049
manipulation	2049
milligrams	2049
passive	2049
pushy	2049
strips	2049
worldly	2049
bulldog	2048
checkpoint	2048
folding	2048
hateful	2048
maxim	2048
reduction	2048
rigid	2048
soothing	2048
achilles	2046
empathy	2046
frontal	2046
loaned	2046
undermine	2046
victories	2046
overload	2045
piercing	2045
topanga	2045
boils	2043
bristol	2043
crocodiles	2043
detection	2043
hypothetical	2043
potent	2043
snob	2043
stamped	2043
subjected	2043
unharmed	2043
coupons	2042
culinary	2042
mahjong	2042
fleur	2040
giddy	2040
lira	2040
niko	2040
nonstop	2040
seong	2040
teachings	2040
clinging	2039
disposition	2039
goodman	2039
ramen	2039
silenced	2039
enforce	2037
gunner	2037
ploy	2037
ragnar	2037
suburban	2037
catalog	2036
cheerleaders	2036
conception	2036
imply	2036
sleepover	2036
slutty	2036
werewolves	2036
aaaah	2034
biker	2034
paranormal	2034
shun	2034
adviser	2033
alerted	2033
commune	2033
granite	2033
jellyfish	2033
municipal	2033
ruckus	2033
defenseless	2031
fargo	2031
formalities	2031
fr	2031
innovation	2031
paradox	2031
proximity	2031
unavailable	2031
barrow	2030
infrastructure	2030
interns	2030
koreans	2030
taro	2030
trooper	2030
valleys	2030
walden	2030
bertha	2029
declan	2029
feminist	2029
hovering	2029
observations	2029
proctor	2029
prone	2029
spins	2029
ares	2027
conversion	2027
crazier	2027
dustin	2027
emerging	2027
goldie	2027
od	2027
sheffield	2027
blindly	2026
brownie	2026
bulbs	2026
rabies	2026
smurf	2026
barriers	2024
chastity	2024
desirable	2024
formerly	2024
grains	2024
hoops	2024
considerably	2023
anand	2021
baptist	2021
decorating	2021
lahey	2021
proposals	2021
staging	2021
baskets	2020
diabetic	2020
expressions	2020
footprint	2020
glacier	2020
hiroshima	2020
imitation	2020
macbeth	2020
muscular	2020
rehabilitation	2020
revolting	2020
beaumont	2018
commanders	2018
confirming	2018
displayed	2018
jacobs	2018
stupidest	2018
unborn	2018
dorian	2017
enlightened	2017
garment	2017
hel	2017
incision	2017
indonesia	2017
inquire	2017
latter	2017
ogre	2017
plight	2017
warnings	2017
apb	2015
butters	2015
dci	2015
hind	2015
kisser	2015
listener	2015
prophets	2015
rapping	2015
substances	2015
tampered	2015
tripp	2015
ulysses	2015
dublin	2014
meows	2014
minding	2014
mirage	2014
prediction	2014
preference	2014
backbone	2012
dodgy	2012
drenched	2012
sightings	2012
begs	2011
bessie	2011
earns	2011
enquiry	2011
floods	2011
goku	2011
grizzly	2011
juror	2011
monitored	2011
slob	2011
strained	2011
virtuous	2011
brethren	2009
contracted	2009
oblivion	2009
amnesty	2008
bookie	2008
cosmetics	2008
cot	2008
painters	2008
mortar	2007
adieu	2005
correspondent	2005
drunks	2005
friction	2005
gaga	2005
mann	2005
marlowe	2005
outskirts	2005
sparky	2005
veer	2005
wacky	2005
wilfred	2005
fulfil	2004
hamburgers	2004
informing	2004
interruption	2004
mediocre	2004
swung	2004
trina	2004
disposed	2002
pathologist	2002
schedules	2002
sinks	2002
excluded	2001
knit	2001
marcie	2001
scraps	2001
sob	2001
unhealthy	2001
borgia	1999
concubine	1999
prestigious	1999
rotate	1999
sanjay	1999
tracey	1999
ballot	1998
bugle	1998
complexion	1998
fischer	1998
gurney	1998
holocaust	1998
hoot	1998
humanitarian	1998
ridden	1998
sumo	1998
whit	1998
calcium	1996
fabio	1996
fern	1996
forbes	1996
hartley	1996
io	1996
salim	1996
servers	1996
sleepless	1996
yao	1996
frown	1995
deranged	1993
discomfort	1993
exhaustion	1993
legislation	1993
rebuilt	1993
sighting	1993
bermuda	1992
lacked	1992
saigon	1992
technological	1992
tru	1992
disperse	1990
entrepreneur	1990
kosher	1990
siu	1990
tyra	1990
wasrt	1990
wept	1990
worshipped	1990
connors	1989
drinker	1989
flanders	1989
melbourne	1989
romanian	1989
unauthorized	1989
europeans	1988
hedley	1988
hotshot	1988
joaquin	1988
myrtle	1988
wyoming	1988
cate	1986
deputies	1986
highlights	1986
musashi	1986
plateau	1986
remy	1986
ther	1986
placement	1985
quota	1985
sordid	1985
adjusted	1983
apparatus	1983
bartlett	1983
curves	1983
gringo	1983
hormone	1983
perceived	1983
rockefeller	1983
samaritan	1983
tuning	1983
vancouver	1983
catalogue	1982
escobar	1982
gall	1982
greeted	1982
luckiest	1982
thelma	1982
vending	1982
beverage	1980
fellowship	1980
housewives	1980
scoring	1980
thieving	1980
fetus	1979
genre	1979
tidal	1979
unfit	1979
entrust	1977
lanes	1977
outlaws	1977
oversight	1977
reflex	1977
rosalie	1977
socialism	1977
bev	1976
certificates	1976
exercising	1976
goldberg	1976
mercenaries	1976
prosperous	1976
symptom	1976
vacate	1976
detain	1974
inquisition	1974
larsen	1974
roadblock	1974
suffocate	1974
discrimination	1973
eater	1973
flapping	1973
paparazzi	1973
prefect	1973
qualifications	1973
callahan	1971
collects	1971
hodges	1971
incorporated	1971
productions	1971
publication	1971
rowdy	1971
strengths	1971
winslow	1971
astronomers	1970
museums	1970
nebraska	1970
prevents	1970
windsor	1970
inscription	1968
lobe	1968
outpost	1968
poses	1968
snuff	1968
contributions	1967
delilah	1967
documented	1967
luxurious	1967
purgatory	1967
showcase	1967
hendrix	1966
jurors	1966
lefty	1966
moisture	1966
replica	1966
unimportant	1966
esteban	1964
hampshire	1964
horoscope	1964
wondrous	1964
commodore	1963
departing	1963
disagreement	1963
humane	1963
instruct	1963
misguided	1963
morbid	1963
optimism	1963
traders	1963
calamity	1961
callin	1961
initiation	1961
judicial	1961
nectar	1961
operatives	1961
rink	1961
swarm	1961
annabelle	1960
drumming	1960
shithole	1960
spartacus	1960
bowels	1958
density	1958
denton	1958
garth	1958
iong	1958
meself	1958
researcher	1958
romania	1958
rowan	1958
theorists	1958
timid	1958
trolley	1958
earnings	1957
fours	1957
kel	1957
righteousness	1957
slaps	1957
stalk	1957
believers	1955
bravest	1955
confide	1955
fencing	1955
laurence	1955
masturbate	1955
painless	1955
triggers	1955
vale	1955
wiener	1955
dispatched	1954
eruption	1954
essex	1954
eternally	1954
mojo	1954
ness	1954
obligated	1954
repulsive	1954
billboard	1952
crucified	1952
customary	1952
devised	1952
donors	1952
exiled	1952
headlights	1952
impeccable	1952
oome	1952
carr	1951
costly	1951
definitive	1951
imitate	1951
pavel	1951
scolded	1951
separates	1951
simplicity	1951
waved	1951
kommandant	1949
lakh	1949
nichols	1949
setback	1949
bog	1948
brawl	1948
cdc	1948
civilizations	1948
clockwork	1948
liters	1948
pressures	1948
relics	1948
ventilation	1948
chills	1946
disable	1946
gob	1946
jars	1946
phrases	1946
pricks	1946
pussies	1946
rivera	1946
tex	1946
godfrey	1945
lancaster	1945
novelty	1945
pickled	1945
buffer	1944
capone	1944
castles	1944
doubtful	1944
equations	1944
sexist	1944
blueberry	1942
goodwin	1942
oskar	1942
reproduce	1942
ryu	1942
algeria	1941
bahamas	1941
bleating	1941
dumbest	1941
flo	1941
geometry	1941
horizontal	1941
potty	1941
assisted	1939
fertilizer	1939
indebted	1939
spook	1939
financing	1938
helium	1938
hinges	1938
idaho	1938
implied	1938
imposed	1938
restrictions	1938
techno	1938
zhu	1938
analyzing	1936
evident	1936
gogh	1936
implement	1936
lucious	1936
simplest	1936
skank	1936
supervise	1936
traits	1936
airfield	1935
bargaining	1935
coastal	1935
drooling	1935
matrimony	1935
princesses	1935
sensual	1935
takashi	1935
cycles	1933
feeble	1933
grimes	1933
hutton	1933
lennon	1933
moreno	1933
rugged	1933
spikes	1933
devious	1932
elton	1932
homage	1932
mimics	1932
postcards	1932
potassium	1932
reviewing	1932
tombs	1932
activist	1930
conditioner	1930
crimson	1930
quoting	1930
rowing	1930
rulers	1930
doses	1929
filmmaker	1929
outline	1929
perjury	1929
softball	1929
envelopes	1927
etiquette	1927
intestines	1927
joyous	1927
residential	1927
blasts	1926
completion	1926
davenport	1926
fetish	1926
heartbreak	1926
safari	1926
tortoise	1926
unjust	1926
boast	1924
brochure	1924
hiccups	1924
larson	1924
limousine	1924
portraits	1924
collapsing	1923
coupon	1923
escorted	1923
magnitude	1923
selina	1923
courting	1922
gourmet	1922
motions	1922
snore	1922
utility	1922
wrecking	1922
aldo	1920
apprehended	1920
blindness	1920
installation	1920
interface	1920
lian	1920
likeness	1920
meera	1920
metals	1920
prescribe	1920
sluts	1920
suicides	1920
thakur	1920
accelerator	1919
awol	1919
firms	1919
kale	1919
stretches	1919
auxiliary	1917
shelters	1917
swipe	1917
tack	1917
childbirth	1916
livelihood	1916
longed	1916
resourceful	1916
swordsman	1916
gaps	1914
harding	1914
incentive	1914
sabbath	1914
showdown	1914
stormed	1914
franky	1913
frosty	1913
henceforth	1913
molten	1913
petey	1913
ref	1913
renewed	1913
sitter	1913
catfish	1911
cocking	1911
fingertips	1911
handcuffed	1911
richardson	1911
charger	1910
como	1910
disciplined	1910
johann	1910
outing	1910
captioned	1908
firepower	1908
flawed	1908
glitch	1908
grants	1908
hampton	1908
porcelain	1908
remarried	1908
una	1908
arteries	1907
belgrade	1907
coded	1907
griff	1907
memorized	1907
negligence	1907
rips	1907
roach	1907
scarcely	1907
stairwell	1907
uno	1907
buttocks	1905
cedric	1905
forks	1905
loco	1905
mentions	1905
stunts	1905
toot	1905
adler	1904
audit	1904
bellows	1904
hymn	1904
mika	1904
pelvis	1904
snowy	1904
aloha	1902
calves	1902
frantic	1902
negroes	1902
pao	1902
slashed	1902
archaeologists	1901
freshly	1901
poodle	1901
sabotaged	1901
sahara	1901
gore	1900
horrifying	1900
maggots	1900
meatball	1900
boomer	1898
briefed	1898
cider	1898
coulson	1898
pompous	1898
prosecuted	1898
waiters	1898
abundance	1897
barricade	1897
gallon	1897
implies	1897
kali	1897
literal	1897
scrubbing	1897
almond	1895
chestnut	1895
contacting	1895
criteria	1895
discouraged	1895
kowalski	1895
syphilis	1895
trainee	1895
elvira	1894
farmhouse	1894
hallucination	1894
haskell	1894
heals	1894
lizards	1894
poe	1894
rad	1894
rambo	1894
samba	1894
paces	1892
reptiles	1892
silicon	1892
straws	1892
waldo	1892
fenton	1891
slugs	1891
accommodation	1889
bashed	1889
convicts	1889
freighter	1889
jerky	1889
leftover	1889
slag	1889
solemnly	1889
ze	1889
lemme	1888
lemons	1888
whitman	1888
fancied	1886
jethro	1886
partridge	1886
verified	1886
defiance	1885
hottie	1885
laila	1885
rohan	1885
ce	1883
dyson	1883
hypocrisy	1883
invaluable	1883
lyla	1883
mutton	1883
pant	1883
stripping	1883
akbar	1882
broads	1882
cbs	1882
endlessly	1882
hitchcock	1882
lucrative	1882
orchestral	1882
penal	1882
slows	1882
uploaded	1882
blender	1881
ceased	1881
dmv	1881
illegitimate	1881
redo	1881
accordance	1879
brandt	1879
dobbs	1879
enhanced	1879
makeover	1879
mow	1879
scanned	1879
unprofessional	1879
viagra	1879
whiskers	1879
confessions	1878
hounds	1878
illiterate	1878
jakob	1878
listeners	1878
patriots	1878
predicament	1878
rebirth	1878
tourism	1878
vendor	1878
cher	1876
extraterrestrials	1876
florist	1876
frail	1876
honda	1876
labyrinth	1876
malicious	1876
nathaniel	1876
psyche	1876
unthinkable	1876
diplomacy	1875
elle	1875
flair	1875
heavyweight	1875
hitched	1875
observatory	1875
planetary	1875
plato	1875
ruse	1875
caterpillar	1873
ev	1873
extravagant	1873
ideology	1873
nutty	1873
skeptical	1873
sri	1873
tonya	1873
chainsaw	1872
healthier	1872
linking	1872
pak	1872
prudent	1872
cutler	1870
hermann	1870
junkies	1870
laundering	1870
mugs	1870
ot	1870
rudder	1870
kaufman	1869
pints	1869
possesses	1869
succession	1869
urges	1869
administer	1867
atmospheric	1867
blizzard	1867
extracted	1867
fireball	1867
grimm	1867
lollipop	1867
meghan	1867
pinocchio	1867
sory	1867
stride	1867
structural	1867
weirder	1867
burgess	1866
flask	1866
hubble	1866
individually	1866
obeyed	1866
rohit	1866
swain	1866
bearded	1864
booster	1864
coffins	1864
erratic	1864
salami	1864
typed	1864
undergo	1864
hamptons	1863
marsha	1863
ports	1863
versa	1863
dementia	1861
domination	1861
downfall	1861
friendships	1861
oval	1861
ulcer	1861
warwick	1861
arthritis	1860
journals	1860
juvie	1860
performers	1860
refusal	1860
volatile	1860
beneficial	1859
carlson	1859
hui	1859
hysteria	1859
iranian	1859
mortality	1859
seaman	1859
sled	1859
sputtering	1859
beseech	1857
endings	1857
miscarriage	1857
shea	1857
hun	1856
moya	1856
patrons	1856
racer	1856
dojo	1854
hoop	1854
persecution	1854
plots	1854
slab	1854
unfamiliar	1854
vents	1854
carmichael	1853
celine	1853
coz	1853
foggy	1853
herpes	1853
himmler	1853
monarchy	1853
philosophical	1853
riddles	1853
soften	1853
specialized	1853
astronomy	1851
corridors	1851
deemed	1851
mikhail	1851
parvati	1851
beginner	1850
duet	1850
elect	1850
fascination	1850
fussy	1850
nebula	1850
reins	1850
viewed	1850
yous	1850
collier	1848
diameter	1848
evaluate	1848
hearty	1848
intoxicated	1848
mammoth	1848
microscopic	1848
oppressed	1848
photographic	1848
shocks	1848
tailing	1848
descending	1847
pioneers	1847
prostate	1847
stakeout	1847
submission	1847
towed	1847
aneurysm	1845
bids	1845
electrician	1845
gaius	1845
hr	1845
ointment	1845
recalled	1845
actively	1844
ey	1844
mortuary	1844
neha	1844
serenity	1844
sulking	1844
funded	1842
mixer	1842
mmmm	1842
pearce	1842
rockin	1842
shreds	1842
assurance	1841
bolted	1841
draining	1841
tania	1841
zapping	1841
beheaded	1839
bossy	1839
commentary	1839
unnoticed	1839
venezuela	1839
waffle	1839
branded	1838
cleanup	1838
cnn	1838
cosy	1838
onward	1838
rollins	1838
aft	1837
deluxe	1837
farley	1837
neurotic	1837
plow	1837
rani	1837
schneider	1837
chords	1835
settlers	1835
tanker	1835
tides	1835
berta	1834
bio	1834
extraordinarily	1834
geisha	1834
reflexes	1834
rosen	1834
snowman	1834
transactions	1834
assaulting	1832
chunks	1832
consultation	1832
obsolete	1832
shekhar	1832
agreeable	1831
brilliantly	1831
hattie	1831
impostor	1831
liberate	1831
lobo	1831
maturity	1831
selma	1831
sheik	1831
surfer	1831
wasp	1831
assumptions	1829
bridegroom	1829
capability	1829
defective	1829
delicacy	1829
joss	1829
leanne	1829
lowell	1829
mysteriously	1829
priors	1829
rach	1829
sameer	1829
silva	1829
snores	1829
tombstone	1829
tumble	1829
writings	1829
fidel	1828
fig	1828
hospitalized	1828
inflicted	1828
sha	1828
speculate	1828
yeh	1828
deuce	1826
engineered	1826
newcomer	1826
outs	1826
riddance	1826
seasoned	1826
sighted	1826
significantly	1826
stabilize	1826
violations	1826
youngster	1826
abc	1825
aziz	1825
insomnia	1825
jeeves	1825
mecca	1825
picket	1825
betcha	1823
dvds	1823
harmonica	1823
heartache	1823
ich	1823
intruding	1823
jace	1823
listing	1823
pendant	1823
proceeds	1823
ruthie	1823
trumpets	1823
viruses	1823
democrat	1822
horrified	1822
inspectors	1822
jameson	1822
lambs	1822
lovebirds	1822
neighborhoods	1822
pasture	1822
reddy	1822
rivalry	1822
sprained	1822
arsenic	1820
bret	1820
peeking	1820
rv	1820
stats	1820
talisman	1820
vial	1820
buchanan	1819
intake	1819
sheikh	1819
takeover	1819
acquaintances	1817
alphonse	1817
championships	1817
foreplay	1817
gareth	1817
lotte	1817
pines	1817
scanners	1817
thames	1817
brands	1816
cornell	1816
firearm	1816
infectious	1816
recession	1816
rewarding	1816
shepard	1816
squawks	1816
superboy	1816
swallows	1816
ukrainian	1816
morrow	1815
pious	1815
robertson	1815
yahoo	1815
brainwashed	1813
colourful	1813
jimbo	1813
milly	1813
quantities	1813
sedated	1813
societies	1813
wines	1813
bribery	1812
jacuzzi	1812
pours	1812
superheroes	1812
bathed	1810
bunnies	1810
crossword	1810
geological	1810
undead	1810
valuables	1810
comms	1809
grinder	1809
harem	1809
linger	1809
moods	1809
proxy	1809
rebuilding	1809
roster	1809
weber	1809
kincaid	1807
mendoza	1807
originated	1807
timed	1807
toxins	1807
tracing	1807
docking	1806
hauled	1806
ironing	1806
mar	1806
nemo	1806
quotes	1806
wham	1806
accelerate	1804
adjustments	1804
aggravated	1804
brushes	1804
downright	1804
rabb	1804
relive	1804
sciences	1804
chandi	1803
confessing	1803
hemisphere	1803
lucie	1803
paso	1803
quaint	1803
steaming	1803
wary	1803
xiang	1803
accordion	1801
aisha	1801
bailing	1801
cowardice	1801
cramped	1801
curt	1801
fo	1801
instagram	1801
magically	1801
cheesecake	1800
coil	1800
crummy	1800
discovers	1800
fend	1800
lise	1800
lumps	1800
lux	1800
stamina	1800
testosterone	1800
upbringing	1800
updates	1800
barbaric	1798
franny	1798
geronimo	1798
manolo	1798
thong	1798
transmitting	1798
ballerina	1797
casinos	1797
elegance	1797
genetics	1797
kenji	1797
lilies	1797
sats	1797
trespass	1797
yak	1797
anew	1796
cleaver	1796
marseille	1796
navigator	1796
odor	1796
paged	1796
streaming	1796
welles	1796
anesthesia	1794
crypt	1794
esteem	1794
raiders	1794
scandalous	1794
spam	1794
sprayed	1794
teeny	1794
twig	1794
benji	1793
breached	1793
carmine	1793
devi	1793
givin	1793
ripley	1793
spanking	1793
bb	1791
haunts	1791
kyoko	1791
selfie	1791
strategies	1791
thriving	1791
trot	1791
amidst	1790
coconuts	1790
compose	1790
hopping	1790
powering	1790
snails	1790
awakening	1788
bop	1788
exorcism	1788
hippies	1788
indigenous	1788
gamblers	1787
jd	1787
maddox	1787
scoob	1787
swiftly	1787
ample	1785
blinding	1785
brando	1785
clang	1785
comforts	1785
disqualified	1785
engraved	1785
hyo	1785
kahn	1785
labeled	1785
maude	1785
meteorite	1785
taels	1785
understatement	1785
alexei	1784
centimeters	1784
darnell	1784
fae	1784
flares	1784
gupta	1784
leukemia	1784
reconnaissance	1784
seok	1784
trio	1784
camper	1782
commandments	1782
din	1782
frankfurt	1782
isa	1782
kelsey	1782
optimus	1782
palermo	1782
shareholders	1782
smoker	1782
intentional	1781
jocelyn	1781
serene	1781
trolls	1781
bali	1779
fore	1779
gorge	1779
icing	1779
countrymen	1778
dosage	1778
fakes	1778
fictional	1778
hermit	1778
smuggler	1778
vibrant	1778
adores	1776
antonia	1776
ibrahim	1776
intolerable	1776
livia	1776
madge	1776
pavilion	1776
pretext	1776
runt	1776
skid	1776
wail	1776
barbed	1775
cunningham	1775
ecstatic	1775
galactica	1775
jekyll	1775
mtv	1775
phoning	1775
pledged	1775
swapped	1775
ancients	1774
genitals	1774
yee	1774
citizenship	1772
lowe	1772
perpetual	1772
responds	1772
terra	1772
turbulence	1772
typhoon	1772
weakly	1772
irons	1771
lash	1771
marshmallows	1771
shagging	1771
skis	1771
tipping	1771
trades	1771
abner	1769
enchanting	1769
jericho	1769
possum	1769
saxon	1769
sleazy	1769
amaze	1768
dis	1768
disobeyed	1768
fleischman	1768
imaging	1768
johannes	1768
kimono	1768
stefano	1768
upsets	1768
accomplishment	1766
complicate	1766
firsthand	1766
lifeguard	1766
mcbride	1766
smallpox	1766
traction	1766
vans	1766
voltage	1766
vu	1766
discarded	1765
goodbyes	1765
infiltrated	1765
romano	1765
swimsuit	1765
universities	1765
guillotine	1763
ipod	1763
nuke	1763
specifics	1763
chipped	1762
cleansing	1762
davidson	1762
katz	1762
khun	1762
lima	1762
limbo	1762
marketplace	1762
moto	1762
rehearsed	1762
rj	1762
auggie	1760
cholera	1760
dissolved	1760
migraine	1760
mockery	1760
packets	1760
pepperoni	1760
punctual	1760
rafe	1760
scientifically	1760
bends	1759
casserole	1759
cedar	1759
fallout	1759
fancies	1759
girly	1759
graft	1759
margie	1759
myung	1759
yvette	1759
arun	1757
benefactor	1757
boon	1757
chiang	1757
dottie	1757
fatherland	1757
lazarus	1757
participated	1757
stickers	1757
vendetta	1757
banish	1756
firefighter	1756
frightens	1756
gulps	1756
leavin	1756
lush	1756
pups	1756
soar	1756
talker	1756
washroom	1756
concepts	1754
desserts	1754
indicating	1754
infect	1754
stimulating	1754
wipes	1754
earnest	1753
sequel	1753
sherwood	1753
abomination	1752
compact	1752
disposable	1752
finnish	1752
lem	1752
noir	1752
sturdy	1752
traditionally	1752
wook	1752
chino	1750
forsaken	1750
grandkids	1750
hints	1750
hyderabad	1750
minerals	1750
rec	1750
samir	1750
shredded	1750
souvenirs	1750
anus	1749
diaries	1749
lucius	1749
pharmacist	1749
puffs	1749
rubles	1749
unannounced	1749
alarming	1747
assisting	1747
battleship	1747
bias	1747
blindfolded	1747
calculating	1747
durant	1747
estates	1747
exceptionally	1747
fatima	1747
honolulu	1747
kingsley	1747
pods	1747
presumed	1747
scouting	1747
topless	1747
airports	1746
believable	1746
fearsome	1746
molested	1746
offerings	1746
overrun	1746
parlour	1746
draper	1744
dummies	1744
endanger	1744
ticks	1744
versailles	1744
widower	1744
exploitation	1743
sook	1743
drool	1741
joanie	1741
piled	1741
plugs	1741
summary	1741
taelons	1741
authorize	1740
dover	1740
faithfully	1740
informal	1740
promptly	1740
robotnik	1740
stabler	1740
gemini	1738
leech	1738
phelps	1738
selfless	1738
perverts	1737
sentencing	1737
burr	1735
carton	1735
celebrations	1735
featuring	1735
heller	1735
lim	1735
machete	1735
micky	1735
nab	1735
nd	1735
provinces	1735
rebellious	1735
reconcile	1735
regroup	1735
sassy	1735
scapegoat	1735
technicians	1735
vegetation	1735
armenian	1734
aroma	1734
barred	1734
captivity	1734
crumbling	1734
eunuch	1734
manila	1734
merits	1734
pe	1734
prosecutors	1734
snowball	1734
unrelated	1734
atlas	1732
evasive	1732
penetrated	1732
piling	1732
volts	1732
watkins	1732
yolanda	1732
bimbo	1731
commodity	1731
cullen	1731
eisenhower	1731
riverside	1731
starbucks	1731
afternoons	1730
ballad	1730
cheerleading	1730
contamination	1730
dada	1730
dismissal	1730
haystack	1730
hye	1730
perv	1730
authors	1728
blurry	1728
gah	1728
lowlife	1728
malaysia	1728
recreation	1728
reddington	1728
fascism	1727
fridays	1727
outgoing	1727
penniless	1727
regulars	1727
scheming	1727
weaken	1727
wrongly	1727
wrongs	1727
birch	1725
colombian	1725
incompetence	1725
patiently	1725
sandoval	1725
spartan	1725
sweeney	1725
whirs	1725
gorillas	1724
kaos	1724
kobe	1724
lew	1724
oakland	1724
prohibition	1724
requirement	1724
skateboard	1724
zo	1724
accessories	1722
aviation	1722
despised	1722
diverse	1722
grazie	1722
inferno	1722
linden	1722
perished	1722
quill	1722
similarities	1722
swoop	1722
wilhelm	1722
brenner	1721
carpets	1721
hawking	1721
mambo	1721
megatron	1721
novelist	1721
patel	1721
payoff	1721
raines	1721
relevance	1721
retaliation	1721
whorehouse	1721
wigs	1721
amp	1719
cochran	1719
detecting	1719
grotesque	1719
jukebox	1719
minors	1719
oo	1719
shoplifting	1719
soho	1719
stewardess	1719
suffocated	1719
algae	1718
atheist	1718
establishing	1718
interfered	1718
pillars	1718
uni	1718
algebra	1716
conor	1716
energies	1716
haiti	1716
krista	1716
luka	1716
mouthful	1716
pandora	1716
berserk	1715
collections	1715
cortex	1715
disadvantage	1715
ganga	1715
headless	1715
nevermind	1715
punjab	1715
regan	1715
trojan	1715
valium	1715
adamant	1713
distinctly	1713
flack	1713
kimi	1713
ritz	1713
shortest	1713
transfers	1713
carts	1712
cords	1712
doorknob	1712
indoor	1712
millionaires	1712
ruptured	1712
arlene	1710
carmela	1710
celery	1710
conveniently	1710
foil	1710
jonesy	1710
ranking	1710
residency	1710
responses	1710
jaffa	1709
landry	1709
palestinian	1709
slum	1709
sweety	1709
troublemaker	1709
bucky	1708
carnage	1708
floss	1708
hap	1708
maw	1708
rapper	1708
shushing	1708
aditya	1706
compromising	1706
poole	1706
squeaky	1706
troopers	1706
undertaker	1706
vogue	1706
burrows	1705
daisuke	1705
emphasis	1705
encryption	1705
eureka	1705
hoist	1705
privy	1705
sacramento	1705
cincinnati	1703
elmo	1703
mainframe	1703
moderate	1703
retro	1703
sociopath	1703
aims	1702
cannabis	1702
delaney	1702
mads	1702
mistook	1702
namely	1702
nighttime	1702
spraying	1702
arlo	1700
ballistic	1700
craziness	1700
fussing	1700
rainforest	1700
salaam	1700
stares	1700
uncanny	1700
benito	1699
confederate	1699
ebay	1699
futures	1699
hunts	1699
kelvin	1699
lunatics	1699
ridicule	1699
flushes	1697
gregor	1697
nai	1697
unethical	1697
aeryn	1696
chronicle	1696
cooled	1696
crafty	1696
groot	1696
jer	1696
jingles	1696
manson	1696
monuments	1696
ringtone	1696
trademark	1696
vested	1696
yue	1696
alba	1694
brilliance	1694
cherished	1694
clem	1694
genocide	1694
ku	1694
mules	1694
persecuted	1694
persuasion	1694
piglet	1694
shang	1694
toledo	1694
trampled	1694
hes	1693
inability	1693
quincy	1693
shalom	1693
toil	1693
tuesdays	1693
weiss	1693
alexandria	1691
bosnia	1691
custard	1691
epi	1691
orthodox	1691
sdi	1691
cylon	1690
detonation	1690
evicted	1690
mondo	1690
wuss	1690
berg	1689
bland	1689
heirs	1689
liberties	1689
mailed	1689
martine	1689
newport	1689
osama	1689
praises	1689
untrue	1689
ancestral	1687
bras	1687
flattery	1687
medici	1687
relish	1687
romero	1687
seating	1687
toxin	1687
unspeakable	1687
bangalore	1686
characteristic	1686
cramps	1686
enjoyment	1686
evolving	1686
marin	1686
muster	1686
reincarnation	1686
schizophrenic	1686
britt	1684
casings	1684
employers	1684
painfully	1684
behaves	1683
canceling	1683
colette	1683
delays	1683
dreary	1683
mindless	1683
overweight	1683
poisons	1683
tragically	1683
unheard	1683
viola	1683
cinch	1681
cisco	1681
commend	1681
contractors	1681
flashy	1681
mater	1681
plucked	1681
presses	1681
pyjamas	1681
carriers	1680
conan	1680
faraway	1680
gen	1680
mackerel	1680
omaha	1680
participants	1680
payne	1680
repeats	1680
yawning	1680
descendant	1678
flakes	1678
fyi	1678
loki	1678
meyers	1678
nostalgia	1678
raincoat	1678
reilly	1678
sewn	1678
thereby	1678
bouncer	1677
handyman	1677
hopped	1677
lagoon	1677
lifeless	1677
merciless	1677
speck	1677
amish	1675
anarchist	1675
donner	1675
lancelot	1675
mart	1675
ophelia	1675
westminster	1675
acre	1674
animated	1674
croft	1674
decipher	1674
dwelling	1674
fad	1674
pointy	1674
shiver	1674
sneaked	1674
susanna	1674
sympathize	1674
tod	1674
conned	1672
ehh	1672
merrick	1672
penetration	1672
predictions	1672
queenie	1672
suk	1672
tampering	1672
unsafe	1672
ap	1671
chaperone	1671
clipped	1671
contractions	1671
loathe	1671
lurch	1671
manipulative	1671
masha	1671
outraged	1671
singular	1671
delegate	1669
directive	1669
pedophile	1669
ultimatum	1669
hurtful	1668
latino	1668
pleaded	1668
reducing	1668
smoothie	1668
traumatized	1668
wick	1668
channing	1667
fugitives	1667
herbie	1667
persona	1667
thermometer	1667
vines	1667
aargh	1665
arkansas	1665
ist	1665
marcello	1665
norfolk	1665
pritchard	1665
taping	1665
yamamoto	1665
askin	1664
congressional	1664
haze	1664
macau	1664
bazaar	1662
deserts	1662
eloped	1662
enabled	1662
mutilated	1662
steiner	1662
walnut	1662
doomsday	1661
excite	1661
pegasus	1661
plutonium	1661
swallowing	1661
talia	1661
asparagus	1659
cougar	1659
cycling	1659
guillaume	1659
moriarty	1659
quagmire	1659
spaniards	1659
blasphemy	1658
centauri	1658
continually	1658
donnelly	1658
nathalie	1658
rents	1658
sims	1658
thorpe	1658
adolescent	1656
crescent	1656
huddle	1656
newlyweds	1656
nu	1656
alternatives	1655
bleeds	1655
doves	1655
giulia	1655
gustavo	1655
interstate	1655
intoxication	1655
itinerary	1655
loch	1655
monsoon	1655
nudity	1655
saddest	1655
slipper	1655
spokesman	1655
turnout	1655
appetizers	1653
cackles	1653
coy	1653
kiddies	1653
lovable	1653
pilar	1653
pox	1653
rabid	1653
relaxation	1653
scripture	1653
termination	1653
unfold	1653
ceremonial	1652
eyelids	1652
insufficient	1652
leaned	1652
malt	1652
motorcycles	1652
muller	1652
bidder	1650
brewery	1650
displays	1650
hectic	1650
narrowed	1650
nba	1650
owls	1650
primal	1650
soames	1650
sudan	1650
asher	1649
breathtaking	1649
diagnostic	1649
dipped	1649
dormant	1649
galen	1649
saber	1649
selfridge	1649
specials	1649
apt	1647
winnings	1647
xo	1647
chapters	1646
embracing	1646
foxy	1646
georg	1646
gladiator	1646
homosexuality	1646
louvre	1646
scuba	1646
solace	1646
whinnying	1646
areyou	1645
brah	1645
cannibal	1645
chilled	1645
damsel	1645
deprive	1645
fender	1645
kessler	1645
leopold	1645
lui	1645
mags	1645
reckons	1645
atleast	1643
milwaukee	1643
reginald	1643
rightfully	1643
robotic	1643
shrinking	1643
supplying	1643
vandalism	1643
bilko	1642
garibaldi	1642
hiro	1642
hoyt	1642
judo	1642
karim	1642
krauts	1642
pj	1642
ragged	1642
rolf	1642
roma	1642
surplus	1642
accessible	1640
audi	1640
crazed	1640
doctrine	1640
estelle	1640
gunning	1640
ostrich	1640
oversee	1640
purposely	1640
sleet	1640
yugoslavia	1640
atrocities	1639
cheerio	1639
clangs	1639
fanatic	1639
generators	1639
holdings	1639
incriminating	1639
jap	1639
landmark	1639
stimulate	1639
unimaginable	1639
acoustic	1637
afloat	1637
ante	1637
dehydrated	1637
kapoor	1637
sewage	1637
surreal	1637
charisma	1636
constructive	1636
elk	1636
enormously	1636
exhaling	1636
genevieve	1636
iconic	1636
sadistic	1636
zeo	1636
admissions	1634
clubhouse	1634
declaring	1634
illustrious	1634
inexperienced	1634
mast	1634
meade	1634
misjudged	1634
nucleus	1634
prepping	1634
whomever	1634
camden	1633
councillor	1633
cowl	1633
curls	1633
mag	1633
townsend	1633
unsure	1633
chul	1631
colton	1631
costello	1631
cures	1631
henrietta	1631
marla	1631
prentiss	1631
swanson	1631
autographs	1630
borderline	1630
cadets	1630
nutrients	1630
occult	1630
perverse	1630
provocation	1630
browning	1628
cabot	1628
framing	1628
influences	1628
junkyard	1628
markham	1628
mio	1628
shawl	1628
socket	1628
twitch	1628
biography	1627
burps	1627
cooped	1627
demonstrations	1627
deserving	1627
dost	1627
goro	1627
jfk	1627
ludicrous	1627
rooted	1627
upward	1627
bridesmaid	1625
concludes	1625
cy	1625
murmur	1625
penicillin	1625
retreating	1625
satin	1625
accessed	1624
ashton	1624
avon	1624
blowjob	1624
canon	1624
deployment	1624
feeny	1624
martinis	1624
pence	1624
predecessor	1624
tian	1624
underlying	1624
biff	1623
blockade	1623
doreen	1623
driscoll	1623
jiffy	1623
kaplan	1623
mischievous	1623
repressed	1623
showered	1623
transfusion	1623
yarn	1623
astonished	1621
catchy	1621
dah	1621
deserter	1621
documentation	1621
explored	1621
guineas	1621
hotch	1621
maguire	1621
titanium	1621
blanca	1620
bom	1620
dunham	1620
explorers	1620
faraday	1620
feisty	1620
imam	1620
playoffs	1620
federico	1618
inadequate	1618
plainly	1618
theaters	1618
astounding	1617
borne	1617
caddy	1617
clans	1617
highlands	1617
hustler	1617
paternity	1617
washer	1617
andie	1615
attracting	1615
cabe	1615
disclosure	1615
gilles	1615
hagen	1615
indigestion	1615
mayer	1615
negotiated	1615
renegade	1615
schnapps	1615
spur	1615
barf	1614
barley	1614
cheapest	1614
complains	1614
foxes	1614
koji	1614
repairing	1614
sox	1614
spiked	1614
bitching	1612
featured	1612
humidity	1612
inquest	1612
keiko	1612
magicians	1612
midwest	1612
mythical	1612
paramount	1612
priscilla	1612
reptile	1612
unpaid	1612
abbie	1611
hippo	1611
neatly	1611
smacked	1611
volvo	1611
brigitte	1609
copyright	1609
dodger	1609
fallin	1609
frivolous	1609
hailey	1609
prepped	1609
rigby	1609
shepherds	1609
smokin	1609
swamped	1609
duly	1608
enclosed	1608
fai	1608
glide	1608
witnessing	1608
armando	1606
constellation	1606
electrons	1606
howe	1606
nameless	1606
rai	1606
agreements	1605
billing	1605
cornwall	1605
deformed	1605
implore	1605
inhabited	1605
johanna	1605
malice	1605
sketchy	1605
ci	1603
complimentary	1603
crusher	1603
hemingway	1603
janis	1603
newark	1603
orchids	1603
outdated	1603
provocative	1603
reinforced	1603
riker	1603
strains	1603
trainers	1603
yamada	1603
bethlehem	1602
bordeaux	1602
festivities	1602
geeks	1602
goodies	1602
suppressed	1602
brig	1601
checkers	1601
migration	1601
ashok	1599
bloodstream	1599
desolate	1599
distraught	1599
fiasco	1599
grasshopper	1599
hardships	1599
jem	1599
masturbation	1599
rudi	1599
tickling	1599
falsely	1598
gullible	1598
hereditary	1598
orient	1598
psychologically	1598
sufficiently	1598
abed	1596
friar	1596
gunpoint	1596
jiro	1596
luo	1596
realtor	1596
tuvok	1596
underwood	1596
vern	1596
attire	1595
clientele	1595
dreaded	1595
passages	1595
hardened	1593
hatched	1593
innovative	1593
navid	1593
chennai	1592
conclusive	1592
delgado	1592
guidelines	1592
juices	1592
kroner	1592
latex	1592
lockup	1592
patched	1592
rey	1592
slopes	1592
collapses	1590
dealership	1590
deathbed	1590
fuzz	1590
hearings	1590
imposing	1590
kei	1590
nationwide	1590
schoolgirl	1590
schoolteacher	1590
settings	1590
brightly	1589
dames	1589
drills	1589
manicure	1589
negotiator	1589
neutralize	1589
ninjas	1589
rosario	1589
atone	1587
dipping	1587
eavesdropping	1587
meditate	1587
mormon	1587
muzzle	1587
redneck	1587
richter	1587
seatbelt	1587
splits	1587
viewer	1587
envoy	1586
forgives	1586
hardworking	1586
highland	1586
improper	1586
niagara	1586
poorer	1586
sentiments	1586
sweeps	1586
tia	1586
chittering	1584
claps	1584
enlist	1584
gia	1584
medically	1584
outcast	1584
pappy	1584
scarred	1584
wilcox	1584
archaeologist	1583
breathed	1583
consensus	1583
faucet	1583
gobble	1583
maneuvers	1583
prepares	1583
taboo	1583
tolls	1583
weaponry	1583
darby	1582
gibbering	1582
hernandez	1582
maud	1582
rica	1582
rican	1582
smitty	1582
widespread	1582
boutique	1580
contradict	1580
ignite	1580
provider	1580
quake	1580
realities	1580
scraped	1580
serbia	1580
sprinkle	1580
valentina	1580
albany	1579
armory	1579
disorders	1579
electrocuted	1579
everytime	1579
indestructible	1579
powdered	1579
shaping	1579
silverware	1579
terence	1579
auditorium	1577
cyclops	1577
delegates	1577
floated	1577
inspires	1577
intrigue	1577
pathology	1577
poked	1577
scumbags	1577
doodle	1576
emery	1576
inspirational	1576
kashmir	1576
raisins	1576
sibling	1576
accelerated	1574
anomalies	1574
concession	1574
dormitory	1574
fluke	1574
forrester	1574
honorary	1574
midway	1574
reload	1574
sweaters	1574
bloated	1573
choreography	1573
dwarves	1573
exploiting	1573
kendra	1573
larkin	1573
middleton	1573
nutrition	1573
proclaim	1573
warlock	1573
detached	1571
endorsement	1571
fest	1571
gage	1571
intensely	1571
niki	1571
patriotism	1571
raced	1571
sash	1571
sprint	1571
carlisle	1570
chopsticks	1570
crowbar	1570
gauntlet	1570
groin	1570
guthrie	1570
hobo	1570
inseparable	1570
progressing	1570
prudence	1570
cavanaugh	1568
drains	1568
fiat	1568
foo	1568
saxophone	1568
thrusters	1568
complexity	1567
homicidal	1567
klara	1567
passionately	1567
rom	1567
scolding	1567
succeeds	1567
tink	1567
tiresome	1567
visibility	1567
wannabe	1567
alexa	1565
bondage	1565
indicted	1565
insider	1565
kamal	1565
moz	1565
prix	1565
uninvited	1565
baines	1564
campaigns	1564
chao	1564
compton	1564
gunn	1564
indifference	1564
resistant	1564
slang	1564
taser	1564
tending	1564
tum	1564
urged	1564
fidelity	1562
mcnally	1562
quickest	1562
rattled	1562
reacts	1562
snag	1562
stalls	1562
burma	1561
cashed	1561
copycat	1561
damnation	1561
dodging	1561
wilde	1561
canopy	1560
goof	1560
ilana	1560
macdonald	1560
ogden	1560
reckoned	1560
retching	1560
ridley	1560
rolex	1560
seriousness	1560
toothless	1560
twister	1560
airway	1558
butchered	1558
elsie	1558
esposito	1558
herds	1558
immensely	1558
lm	1558
orbiting	1558
overlooking	1558
propulsion	1558
rickshaw	1558
aeroplane	1557
checkup	1557
comprehensive	1557
confiscate	1557
coworkers	1557
fabian	1557
israelis	1557
journeys	1557
reckoning	1557
shelton	1557
thursdays	1557
wad	1557
daybreak	1555
endeavor	1555
estimates	1555
inflict	1555
innocents	1555
mandate	1555
shootings	1555
bellamy	1554
drapes	1554
notebooks	1554
socrates	1554
subspace	1554
unrest	1554
wolverine	1554
annika	1552
bearings	1552
cao	1552
cram	1552
exemplary	1552
hyuk	1552
infinitely	1552
lala	1552
perfected	1552
replicate	1552
salts	1552
shiro	1552
baboon	1551
completing	1551
medusa	1551
olympus	1551
reproach	1551
sewed	1551
abruptly	1549
adversary	1549
captions	1549
doyou	1549
ether	1549
extradition	1549
hoodie	1549
karev	1549
namaste	1549
rapes	1549
sioux	1549
stacks	1549
stitched	1549
teased	1549
vincenzo	1549
ange	1548
bozo	1548
cambodia	1548
clicked	1548
enrolled	1548
ion	1548
jeb	1548
relating	1548
tallest	1548
undertaking	1548
unison	1548
fink	1546
irwin	1546
projected	1546
secretaries	1546
sprouts	1546
turkeys	1546
zedd	1546
africans	1545
macarthur	1545
sipping	1545
alyssa	1543
borden	1543
jeffries	1543
kemp	1543
sie	1543
talkative	1543
unkind	1543
visionary	1543
blondes	1542
breather	1542
conservation	1542
diabolical	1542
heartfelt	1542
interrogating	1542
outlook	1542
pegged	1542
teleport	1542
valeria	1542
veto	1542
wrinkled	1542
auditioning	1540
barclay	1540
cantonese	1540
dae	1540
dearie	1540
desks	1540
dyed	1540
eyebrow	1540
franks	1540
hester	1540
nearing	1540
pharmaceuticals	1540
profoundly	1540
rashid	1540
sightseeing	1540
tut	1540
unwilling	1540
administered	1539
clarkson	1539
coincidences	1539
downside	1539
downward	1539
ito	1539
martina	1539
oats	1539
okinawa	1539
ortiz	1539
outright	1539
pika	1539
toki	1539
emmet	1538
enduring	1538
graduates	1538
jihad	1538
lucrezia	1538
martians	1538
nakamura	1538
nasal	1538
palate	1538
winged	1538
bernice	1536
dumber	1536
erich	1536
faggots	1536
musketeers	1536
petrified	1536
stature	1536
thrashing	1536
tumour	1536
vibration	1536
baht	1535
eunice	1535
hiss	1535
ieast	1535
lakshmi	1535
lightweight	1535
pharrell	1535
rah	1535
rematch	1535
attentive	1533
brooch	1533
dunbar	1533
equity	1533
fates	1533
ge	1533
negatives	1533
ringer	1533
tvs	1533
ado	1532
bangles	1532
delinquent	1532
inca	1532
netherlands	1532
odessa	1532
schizophrenia	1532
sculptor	1532
charismatic	1530
chokes	1530
comets	1530
coordinator	1530
garret	1530
guerrilla	1530
marisol	1530
neurological	1530
santana	1530
slums	1530
startling	1530
strife	1530
xev	1530
campfire	1529
castillo	1529
curator	1529
decaf	1529
funnel	1529
himalayas	1529
historically	1529
improvements	1529
jez	1529
looting	1529
marshmallow	1529
pinball	1529
storeroom	1529
tulip	1529
darla	1527
guitars	1527
hathaway	1527
leaping	1527
mckinley	1527
refreshments	1527
sharpen	1527
tensions	1527
greenwich	1526
isaiah	1526
reconciliation	1526
vou	1526
waterloo	1526
blueprint	1524
cortez	1524
cosmetic	1524
dalek	1524
grooming	1524
idols	1524
induce	1524
ofyou	1524
rejecting	1524
schooling	1524
wasteland	1524
analogy	1523
barkley	1523
biz	1523
dinging	1523
hoof	1523
leprechaun	1523
lon	1523
nostalgic	1523
smokey	1523
stomping	1523
timetable	1523
transmissions	1523
zulu	1523
bagels	1521
demolished	1521
judgmental	1521
levine	1521
meowing	1521
nightgown	1521
wallets	1521
bobbie	1520
calculation	1520
cones	1520
dreamy	1520
electron	1520
lafayette	1520
motherfuckin	1520
airs	1518
asgard	1518
bolivia	1518
burnett	1518
clones	1518
commitments	1518
companionship	1518
dangling	1518
paired	1518
pic	1518
rushes	1518
suppliers	1518
vigilant	1518
vogel	1518
withholding	1518
apprehend	1517
demented	1517
fda	1517
learner	1517
minions	1517
sandro	1517
scenarios	1517
toro	1517
tubbs	1517
bellies	1516
contradiction	1516
gregg	1516
nia	1516
overreacted	1516
vat	1516
fm	1514
horizons	1514
insolence	1514
mardi	1514
nominee	1514
puny	1514
rev	1514
wartime	1514
concede	1513
deodorant	1513
detectors	1513
grapefruit	1513
hendricks	1513
hierarchy	1513
homosexuals	1513
nachos	1513
remnants	1513
sever	1513
shing	1513
attitudes	1511
folds	1511
gyu	1511
jens	1511
munitions	1511
rochelle	1511
trailing	1511
acceleration	1510
chilli	1510
develops	1510
dries	1510
emerges	1510
gruber	1510
homicides	1510
hotline	1510
scrubbed	1510
stomachs	1510
surya	1510
twain	1510
ezekiel	1508
murph	1508
seduction	1508
trait	1508
asteroids	1507
chemotherapy	1507
defines	1507
hackers	1507
hazardous	1507
pancho	1507
taelon	1507
translating	1507
boobies	1505
collide	1505
flores	1505
iphone	1505
meatloaf	1505
mohan	1505
nephews	1505
salaries	1505
asa	1504
burglars	1504
cinematography	1504
coulda	1504
fergus	1504
maia	1504
milkshake	1504
newbie	1504
porky	1504
railways	1504
revoked	1504
sheltered	1504
stellar	1504
undertake	1504
variation	1504
abode	1502
clarice	1502
crucify	1502
dud	1502
elmer	1502
isles	1502
latitude	1502
salazar	1502
tiniest	1502
blurred	1501
consistently	1501
filet	1501
lexx	1501
locally	1501
menus	1501
nostrils	1501
shrewd	1501
sledge	1501
spatter	1501
annabel	1499
beige	1499
bumblebee	1499
hypnotized	1499
ingenuity	1499
juggling	1499
mccall	1499
oslo	1499
scriptures	1499
synchronized	1499
thrashed	1499
tres	1499
tutoring	1499
visualize	1499
bedford	1498
enigma	1498
lanterns	1498
marseilles	1498
memento	1498
prosecuting	1498
uphill	1498
albanian	1496
bagged	1496
cahill	1496
claudio	1496
contraband	1496
debating	1496
protesters	1496
ravine	1496
staten	1496
volumes	1496
baloney	1495
benevolent	1495
heroism	1495
nutcase	1495
prolonged	1495
squashed	1495
stalked	1495
sweatshirt	1495
sweethearts	1495
writ	1495
attain	1494
deity	1494
developer	1494
distributor	1494
housework	1494
hype	1494
jailed	1494
lecturing	1494
portions	1494
quebec	1494
shackles	1494
unni	1494
chandelier	1492
dubious	1492
ferret	1492
ghostly	1492
kiev	1492
mami	1492
snort	1492
albuquerque	1491
bubbly	1491
consuming	1491
follower	1491
jacky	1491
mammal	1491
mstoll	1491
smugglers	1491
starling	1491
sup	1491
suspecting	1491
burp	1489
explicit	1489
jams	1489
mathias	1489
neighboring	1489
titty	1489
alumni	1488
anwar	1488
bitchy	1488
boop	1488
dual	1488
edmond	1488
extends	1488
gums	1488
hearse	1488
madhouse	1488
nicotine	1488
plastered	1488
snickering	1488
tremendously	1488
wizards	1488
belfast	1486
holdup	1486
humankind	1486
mantis	1486
oaks	1486
partisans	1486
recollection	1486
baldy	1485
birthmark	1485
exclude	1485
fundamentally	1485
martyrs	1485
micki	1485
supporter	1485
traveller	1485
banter	1483
ichi	1483
ratted	1483
stabilized	1483
tucson	1483
unravel	1483
vp	1483
accelerating	1482
architects	1482
brides	1482
consecutive	1482
drilled	1482
inventing	1482
malloy	1482
nisha	1482
pesetas	1482
pew	1482
taxis	1482
trough	1482
untouchable	1482
wither	1482
chameleon	1480
embark	1480
nicholson	1480
selves	1480
spawn	1480
stalled	1480
taggart	1480
fatter	1479
quad	1479
rodent	1479
sellers	1479
soaring	1479
stevenson	1479
tendencies	1479
bolton	1477
commits	1477
kaylie	1477
measles	1477
schwartz	1477
slid	1477
tyrone	1477
yanks	1477
aligned	1476
benign	1476
charities	1476
charmer	1476
gnome	1476
topped	1476
vamos	1476
wholesale	1476
barging	1475
blitz	1475
boldly	1475
cylons	1475
dole	1475
laddie	1475
mildly	1475
paddles	1475
plunged	1475
reflecting	1475
staked	1475
sur	1475
tended	1475
cecile	1473
infidelity	1473
leung	1473
memoirs	1473
nugget	1473
vocation	1473
aki	1472
comedians	1472
dialysis	1472
lineage	1472
notions	1472
operators	1472
rejects	1472
securities	1472
swells	1472
wharf	1472
adopting	1470
annalise	1470
atta	1470
beetles	1470
complication	1470
hemorrhage	1470
nests	1470
polygraph	1470
puttin	1470
recipient	1470
recommendations	1470
reconstruct	1470
anesthetic	1469
chaz	1469
consort	1469
mats	1469
owing	1469
revived	1469
unorthodox	1469
carnegie	1467
cobbler	1467
damnit	1467
dion	1467
forthcoming	1467
freezes	1467
honours	1467
manually	1467
meticulous	1467
quark	1467
resigning	1467
seagull	1467
simpsons	1467
slop	1467
attila	1466
cranberry	1466
daffy	1466
erect	1466
fir	1466
gigolo	1466
hawke	1466
persist	1466
polishing	1466
puffy	1466
startle	1466
submarines	1466
swiped	1466
vibes	1466
wingman	1466
canine	1464
editors	1464
governess	1464
hors	1464
horton	1464
integrated	1464
kerosene	1464
lifeline	1464
lockers	1464
mutually	1464
prodigy	1464
reformed	1464
roadside	1464
achieving	1463
brighten	1463
chavez	1463
mondays	1463
scottie	1463
bouncy	1461
bueno	1461
hark	1461
hopelessly	1461
lag	1461
lug	1461
optical	1461
respecting	1461
spirited	1461
beirut	1460
davina	1460
hurried	1460
jong	1460
kimchi	1460
moretti	1460
mounting	1460
shilling	1460
slaughterhouse	1460
billings	1458
collars	1458
grinning	1458
kneeling	1458
mets	1458
overslept	1458
selfishness	1458
tarts	1458
unloading	1458
yuen	1458
bae	1457
dodo	1457
eliminating	1457
eviction	1457
jimi	1457
lobsters	1457
manhunt	1457
millimeter	1457
munna	1457
riviera	1457
rog	1457
sanderson	1457
straps	1457
whirlwind	1457
crabtree	1455
delaware	1455
detachment	1455
faction	1455
fished	1455
fragrant	1455
glands	1455
hasan	1455
hooper	1455
hurley	1455
ive	1455
legions	1455
marek	1455
mps	1455
palaces	1455
wield	1455
beka	1454
cabs	1454
casts	1454
cryin	1454
eloise	1454
gulp	1454
hairstyle	1454
marple	1454
nominees	1454
pastries	1454
rooney	1454
sleepwalking	1454
sobriety	1454
spotless	1454
synchro	1454
tijuana	1454
aesthetic	1453
briefs	1453
fixes	1453
heirloom	1453
intensifies	1453
merrily	1453
swarming	1453
theres	1453
unified	1453
campers	1451
cheered	1451
directory	1451
entertainer	1451
priestess	1451
tabitha	1451
whirl	1451
aspen	1450
bernstein	1450
chunky	1450
devastation	1450
discreetly	1450
evils	1450
guesses	1450
ipad	1450
lumpy	1450
pia	1450
podium	1450
squads	1450
wrinkle	1450
advising	1448
awoke	1448
cj	1448
custer	1448
discredit	1448
gadgets	1448
grammy	1448
ajax	1447
chucked	1447
compel	1447
furs	1447
lebanon	1447
mano	1447
messengers	1447
midtown	1447
ottoman	1447
parrish	1447
pawnee	1447
pulmonary	1447
ramos	1447
stumbling	1447
ammonia	1445
gibbons	1445
kitchens	1445
makoto	1445
markus	1445
ru	1445
swans	1445
walkers	1445
adama	1444
carousel	1444
checkbook	1444
commute	1444
drags	1444
fickle	1444
fronts	1444
jubilee	1444
lavon	1444
pretzels	1444
punctured	1444
rounding	1444
stronghold	1444
stutters	1444
visitation	1444
whips	1444
wholly	1444
yumi	1444
bergman	1442
civilised	1442
compulsive	1442
diagram	1442
egan	1442
lawsuits	1442
mould	1442
offenses	1442
parisian	1442
revival	1442
specialize	1442
cubic	1441
jennie	1441
pressured	1441
seasonal	1441
shui	1441
yogi	1441
alibis	1439
bosco	1439
exchanging	1439
friedrich	1439
hesitated	1439
kinder	1439
kryptonite	1439
proverb	1439
restart	1439
wanderer	1439
airlock	1438
depraved	1438
finalists	1438
gambled	1438
medicinal	1438
mimicking	1438
weaving	1438
bullshitting	1436
contemplate	1436
physicists	1436
roofs	1436
addictive	1435
advisors	1435
dynamics	1435
heartbreaking	1435
heathen	1435
outward	1435
rambling	1435
restoring	1435
solves	1435
urgh	1435
biologist	1433
boxed	1433
braddock	1433
camped	1433
clarissa	1433
cognitive	1433
conservatory	1433
defining	1433
diminished	1433
donating	1433
frisbee	1433
horsemen	1433
momo	1433
praising	1433
stoked	1433
tatiana	1433
topics	1433
appliances	1432
councilor	1432
elm	1432
fasting	1432
oww	1432
riff	1432
starr	1432
conspicuous	1431
gloom	1431
gopal	1431
muy	1431
pacing	1431
scrolls	1431
conquering	1429
creations	1429
crusaders	1429
errol	1429
fines	1429
frightful	1429
garza	1429
handcuff	1429
implanted	1429
intellectuals	1429
omelette	1429
shep	1429
soprano	1429
vanishing	1429
verma	1429
bolo	1428
chou	1428
cipher	1428
denounce	1428
hugely	1428
impersonating	1428
lowering	1428
ordinarily	1428
perceptive	1428
polka	1428
taxpayers	1428
tonnes	1428
travers	1428
wilkins	1428
activists	1426
affidavit	1426
anthrax	1426
moths	1426
notre	1426
paloma	1426
patrolling	1426
premeditated	1426
prescriptions	1426
shipyard	1426
adjacent	1425
bren	1425
cuter	1425
gloss	1425
koran	1425
mannequin	1425
nooo	1425
phoney	1425
pratap	1425
territorial	1425
toyota	1425
bel	1423
calming	1423
carp	1423
farnsworth	1423
fluent	1423
keepers	1423
lister	1423
minivan	1423
papal	1423
paxton	1423
rochester	1423
yearn	1423
yorker	1423
ahjussi	1422
descriptions	1422
enrico	1422
generating	1422
gowns	1422
hillbilly	1422
raghu	1422
takeout	1422
tiara	1422
unconditional	1422
unofficial	1422
clank	1420
clogged	1420
fiesta	1420
footing	1420
hearsay	1420
lax	1420
lucinda	1420
misled	1420
pastures	1420
pimps	1420
remington	1420
renovation	1420
securing	1420
twists	1420
degrading	1419
gs	1419
illicit	1419
jie	1419
lashes	1419
raffle	1419
repaid	1419
similarly	1419
sweetly	1419
tien	1419
adelaide	1417
delphine	1417
denzel	1417
dicky	1417
fuji	1417
homing	1417
mead	1417
nobleman	1417
stasis	1417
sulfur	1417
bins	1416
contraption	1416
dancin	1416
earp	1416
fester	1416
implicated	1416
maverick	1416
momentarily	1416
newt	1416
reece	1416
slender	1416
stairway	1416
cubicle	1414
flake	1414
flashed	1414
harrington	1414
indispensable	1414
mans	1414
rainer	1414
trivia	1414
alderman	1413
bickering	1413
bruv	1413
conspired	1413
dodged	1413
entourage	1413
hickey	1413
hurrying	1413
kimura	1413
manifesto	1413
mints	1413
pretzel	1413
prized	1413
wednesdays	1413
acquisition	1411
amigos	1411
conceited	1411
gutted	1411
imposter	1411
keypad	1411
leeches	1411
profiles	1411
tampa	1411
thaw	1411
unexplained	1411
unholy	1411
correctional	1410
defiant	1410
hewes	1410
infernal	1410
insanely	1410
landscapes	1410
mousse	1410
pubic	1410
pubs	1410
rated	1410
utopia	1410
bane	1409
dividing	1409
finder	1409
georgina	1409
greenland	1409
huff	1409
lyin	1409
merle	1409
naught	1409
puked	1409
puking	1409
veterinarian	1409
announcements	1407
corral	1407
crutches	1407
dredge	1407
gauze	1407
handgun	1407
infections	1407
rabble	1407
tribune	1407
vaginal	1407
archaeological	1406
augustine	1406
climbs	1406
ditto	1406
likelihood	1406
renata	1406
rommel	1406
universes	1406
coastline	1404
javi	1404
nestor	1404
rigor	1404
dolan	1403
donkeys	1403
glare	1403
hanuman	1403
imagery	1403
lucid	1403
majors	1403
masturbating	1403
misconduct	1403
ornament	1403
preservation	1403
presley	1403
shrunk	1403
skinned	1403
sneezing	1403
watchin	1403
accompanying	1401
aston	1401
exceeded	1401
flaps	1401
mahoney	1401
sami	1401
scrutiny	1401
sculptures	1401
aiding	1400
alms	1400
diverted	1400
domino	1400
ephram	1400
escorting	1400
garner	1400
invoice	1400
maris	1400
mime	1400
penises	1400
revelations	1400
shiv	1400
sprout	1400
tilly	1400
upgraded	1400
aspirations	1398
chimps	1398
furnished	1398
gunmen	1398
inserted	1398
oop	1398
roper	1398
smallville	1398
stressing	1398
temperament	1398
unprotected	1398
arouse	1397
caffrey	1397
cordon	1397
emir	1397
freeing	1397
limping	1397
lol	1397
madhu	1397
naina	1397
rejoin	1397
suitor	1397
tangible	1397
travellers	1397
architectural	1395
baylor	1395
bipolar	1395
chandra	1395
devout	1395
drinkin	1395
hurl	1395
killin	1395
monumental	1395
supervised	1395
unwind	1395
almonds	1394
appetizer	1394
crunchy	1394
decrease	1394
hamish	1394
larceny	1394
lear	1394
medina	1394
originals	1394
paved	1394
treasurer	1394
trilling	1394
abundant	1392
beatings	1392
calms	1392
elixir	1392
gots	1392
guatemala	1392
knicks	1392
knuckle	1392
miley	1392
miraculously	1392
perrine	1392
seein	1392
tenure	1392
unmarked	1392
waterfront	1392
bead	1391
goalie	1391
kebab	1391
milking	1391
nurture	1391
populated	1391
redundant	1391
salads	1391
tumbling	1391
uber	1391
yuko	1391
yusuf	1391
bernardo	1389
celtic	1389
cocoon	1389
giovanna	1389
landslide	1389
mako	1389
mileage	1389
shucks	1389
starlight	1389
superiority	1389
surrounds	1389
suture	1389
uncool	1389
valves	1389
bojack	1388
circled	1388
foyle	1388
hover	1388
marches	1388
mellie	1388
okey	1388
rainbows	1388
restrained	1388
rimmer	1388
terminator	1388
tinkling	1388
claudius	1387
galley	1387
gloat	1387
jodi	1387
lodging	1387
magma	1387
rupture	1387
thinker	1387
variations	1387
babs	1385
cannes	1385
chases	1385
corpus	1385
horrendous	1385
nein	1385
railing	1385
reproduction	1385
ridiculously	1385
strolling	1385
turin	1385
wayward	1385
wolfgang	1385
angrily	1384
bot	1384
bowler	1384
caterer	1384
cultivate	1384
fullest	1384
mcnamara	1384
naruto	1384
positioned	1384
rampage	1384
yeung	1384
damascus	1382
digestive	1382
extending	1382
forbids	1382
forsake	1382
holloway	1382
jerri	1382
mocked	1382
nightly	1382
odo	1382
petting	1382
retained	1382
severance	1382
ust	1382
varsity	1382
exploits	1381
firefighters	1381
jagger	1381
quoted	1381
scientology	1381
skips	1381
throbbing	1381
barrister	1379
bri	1379
christening	1379
deficit	1379
doggone	1379
dunes	1379
ethiopia	1379
evade	1379
gallo	1379
goner	1379
gothic	1379
pepsi	1379
reeks	1379
relied	1379
betrothed	1378
candid	1378
dingo	1378
justification	1378
relies	1378
scrabble	1378
shroud	1378
smacks	1378
spurs	1378
stimulation	1378
warped	1378
counselors	1376
dooley	1376
emissions	1376
evenly	1376
isobel	1376
koo	1376
liter	1376
vcr	1376
visually	1376
christa	1375
conqueror	1375
favorable	1375
hancock	1375
herriot	1375
holster	1375
marv	1375
mayan	1375
metre	1375
montague	1375
overturned	1375
putin	1375
qui	1375
revolutionaries	1375
tahiti	1375
tarp	1375
capri	1373
crowe	1373
faintly	1373
hawthorne	1373
realization	1373
statistically	1373
tuberculosis	1373
clary	1372
detest	1372
exceed	1372
flutter	1372
inhaling	1372
jackal	1372
modify	1372
odette	1372
plough	1372
tolerant	1372
andres	1370
duff	1370
fathom	1370
foresee	1370
kingston	1370
montecito	1370
odyssey	1370
pears	1370
premonition	1370
psychiatry	1370
rhys	1370
sapphire	1370
scariest	1370
seizing	1370
sexiest	1370
sy	1370
unsuccessful	1370
austen	1369
creak	1369
hani	1369
hoods	1369
hospice	1369
maniacs	1369
templar	1369
therese	1369
yip	1369
adaptation	1368
behavioral	1368
eyewitnesses	1368
indies	1368
intricate	1368
keaton	1368
mavis	1368
meatwad	1368
rotating	1368
subtitled	1368
swede	1368
aristotle	1366
cannibals	1366
cheques	1366
coloring	1366
cyprus	1366
danke	1366
devoured	1366
independently	1366
nirvana	1366
offline	1366
quail	1366
robust	1366
selena	1366
suh	1366
bombings	1365
carlin	1365
darrell	1365
deduction	1365
dependable	1365
duran	1365
extremes	1365
fives	1365
impolite	1365
introductions	1365
mitsuko	1365
mundane	1365
patrice	1365
pestering	1365
pledges	1365
zeb	1365
barack	1363
bison	1363
char	1363
claustrophobic	1363
closets	1363
dismantle	1363
entrances	1363
hick	1363
injunction	1363
jamaican	1363
lingering	1363
pebble	1363
rachael	1363
relapse	1363
reside	1363
retrieved	1363
windmill	1363
bonkers	1362
chivalry	1362
jest	1362
judah	1362
meena	1362
poseidon	1362
sanjana	1362
surfaces	1362
teammate	1362
antoinette	1360
bloodthirsty	1360
chants	1360
curved	1360
entries	1360
incarcerated	1360
juanita	1360
lager	1360
nightcap	1360
novice	1360
propeller	1360
scarier	1360
stylist	1360
toddler	1360
warms	1360
communal	1359
cornelius	1359
hemorrhaging	1359
pu	1359
rustle	1359
vertigo	1359
viceroy	1359
avi	1357
ballpark	1357
blazer	1357
consistency	1357
marino	1357
pedestrian	1357
plagued	1357
puzzled	1357
springtime	1357
syrian	1357
ahhhh	1356
bertrand	1356
bronson	1356
deena	1356
drivin	1356
grazing	1356
karthik	1356
paging	1356
plotted	1356
polluted	1356
recharge	1356
regretting	1356
relativity	1356
smoky	1356
untraceable	1356
aman	1354
bloodbath	1354
buggers	1354
cassius	1354
deepak	1354
katia	1354
mulligan	1354
nandu	1354
psychosis	1354
revered	1354
uss	1354
vittorio	1354
affections	1353
backgrounds	1353
cbi	1353
downing	1353
finley	1353
humping	1353
krang	1353
ramesh	1353
repercussions	1353
bub	1351
dietrich	1351
distortion	1351
emperors	1351
famished	1351
hornet	1351
meek	1351
mme	1351
publishers	1351
rhetorical	1351
shone	1351
unsettling	1351
vishnu	1351
wacko	1351
carotid	1350
chinaman	1350
competitions	1350
gayle	1350
lapse	1350
plump	1350
plunder	1350
reunite	1350
sears	1350
starsky	1350
telephones	1350
terrance	1350
tock	1350
trendy	1350
unloaded	1350
bureaucracy	1348
carlotta	1348
conspiring	1348
fins	1348
intending	1348
rhode	1348
vasquez	1348
aviv	1347
bicycles	1347
clinics	1347
condescending	1347
ese	1347
frigid	1347
incurable	1347
lenore	1347
mckenna	1347
moonshine	1347
nominate	1347
nottingham	1347
occurring	1347
orgasms	1347
pamphlet	1347
sadist	1347
sculpting	1347
seminary	1347
summertime	1347
termites	1347
thunderbird	1347
wholesome	1347
arabian	1346
bikers	1346
brood	1346
creamy	1346
dumpling	1346
eggman	1346
gaines	1346
goddam	1346
induced	1346
lacrosse	1346
missionaries	1346
rarity	1346
roadblocks	1346
skype	1346
supergirl	1346
weenie	1346
adrien	1344
annoys	1344
belches	1344
cabbie	1344
charly	1344
dimensional	1344
extinguisher	1344
hooligans	1344
lavatory	1344
lennie	1344
ornaments	1344
reverence	1344
seductive	1344
tintin	1344
wards	1344
audacity	1343
bewitched	1343
breeds	1343
cadaver	1343
fluff	1343
madagascar	1343
raina	1343
sicilian	1343
vader	1343
willpower	1343
yoshida	1343
aorta	1341
aqua	1341
candies	1341
cannonball	1341
defeating	1341
esta	1341
kruger	1341
penetrating	1341
quitter	1341
sampson	1341
sidelines	1341
calculus	1340
clinks	1340
hydraulic	1340
peeling	1340
pooped	1340
pulitzer	1340
tau	1340
trucker	1340
wil	1340
cartridge	1338
choppers	1338
cultured	1338
dears	1338
delights	1338
ell	1338
fainting	1338
filters	1338
historians	1338
honoring	1338
kobayashi	1338
langston	1338
magnets	1338
nuggets	1338
overtake	1338
sera	1338
shanti	1338
transforming	1338
bertram	1337
continuity	1337
gazette	1337
packaging	1337
pauly	1337
sheba	1337
soothe	1337
suns	1337
unhappiness	1337
alliances	1335
commie	1335
coyotes	1335
decorator	1335
eggplant	1335
enmity	1335
huts	1335
laird	1335
liner	1335
mansfield	1335
scorn	1335
singin	1335
sitcom	1335
staple	1335
toasted	1335
vary	1335
appealed	1334
articulate	1334
giulio	1334
gynecologist	1334
molecule	1334
mossad	1334
nudge	1334
os	1334
palestinians	1334
petite	1334
quilt	1334
stutter	1334
synagogue	1334
warhead	1334
atf	1332
bombshell	1332
booker	1332
brooding	1332
coordination	1332
jumong	1332
mathematician	1332
monaco	1332
mordecai	1332
therapeutic	1332
vertebrae	1332
amor	1331
avenger	1331
conduit	1331
dipper	1331
giselle	1331
kabul	1331
limestone	1331
mizuki	1331
prospective	1331
smeared	1331
stampede	1331
uncontrollable	1331
willoughby	1331
disapprove	1329
doubling	1329
impending	1329
intimidation	1329
lyric	1329
mishap	1329
orbits	1329
sachin	1329
scrapes	1329
sentry	1329
shamed	1329
shootin	1329
shrinks	1329
themes	1329
ahmad	1328
bonny	1328
caveman	1328
crumb	1328
faintest	1328
grandeur	1328
hawkes	1328
indications	1328
limitless	1328
senora	1328
tiberius	1328
contingency	1326
corroborate	1326
deke	1326
dildo	1326
executions	1326
prasad	1326
showering	1326
avenged	1325
bestow	1325
combinations	1325
defenders	1325
glaciers	1325
godforsaken	1325
mahal	1325
mila	1325
pedestal	1325
primo	1325
stout	1325
suri	1325
translates	1325
dishonor	1324
eminent	1324
moby	1324
otter	1324
supernova	1324
valentino	1324
cabins	1322
elastic	1322
flips	1322
java	1322
mani	1322
mooing	1322
pang	1322
populations	1322
presumptuous	1322
seasick	1322
subversive	1322
tokugawa	1322
weir	1322
accomplishments	1321
impaired	1321
lateral	1321
libya	1321
pristine	1321
remainder	1321
resides	1321
retreated	1321
sweats	1321
width	1321
yellowstone	1321
biased	1319
fisk	1319
hermes	1319
internally	1319
nickels	1319
prying	1319
remembrance	1319
rhoda	1319
smelt	1319
sphinx	1319
strangulation	1319
sympathies	1319
aladdin	1318
casablanca	1318
confessor	1318
danvers	1318
dara	1318
diseased	1318
douchebag	1318
downloading	1318
ekg	1318
eskimo	1318
galloping	1318
kraut	1318
lamar	1318
lotto	1318
rephrase	1318
sanitation	1318
ventilator	1318
brodie	1316
caged	1316
flashback	1316
imperfect	1316
plymouth	1316
quantico	1316
rearrange	1316
reconnect	1316
routines	1316
ruddy	1316
rutledge	1316
sanctioned	1316
synced	1316
vulnerability	1316
canister	1315
citadel	1315
enslaved	1315
forcibly	1315
guillermo	1315
insinuating	1315
intersect	1315
malignant	1315
nibble	1315
zeros	1315
britta	1313
candlelight	1313
clancy	1313
gunned	1313
meng	1313
mythbusters	1313
salesmen	1313
undefeated	1313
criticizing	1312
daisies	1312
hairdo	1312
maxie	1312
oblivious	1312
thad	1312
truffle	1312
vie	1312
yoda	1312
abduct	1310
cloning	1310
coronary	1310
crisps	1310
dazzle	1310
jive	1310
lard	1310
mathieu	1310
petit	1310
ranked	1310
shedding	1310
shootout	1310
stork	1310
strangling	1310
blackmailer	1309
bora	1309
buddhism	1309
endorse	1309
hefty	1309
immaculate	1309
linear	1309
massages	1309
mehmet	1309
monologue	1309
poaching	1309
satanic	1309
stocked	1309
swami	1309
bloodline	1307
categories	1307
enid	1307
graces	1307
hernia	1307
highways	1307
kimmie	1307
liege	1307
looky	1307
madden	1307
philosophers	1307
rapists	1307
recommending	1307
septic	1307
snip	1307
subsequent	1307
alonzo	1306
avocado	1306
corbett	1306
cummings	1306
hammers	1306
logically	1306
mueller	1306
mushy	1306
oaf	1306
prompt	1306
shinji	1306
yeast	1306
amaar	1304
auf	1304
beets	1304
bling	1304
campsite	1304
danes	1304
eels	1304
ei	1304
farted	1304
flex	1304
fruitcake	1304
fulton	1304
heiress	1304
izzie	1304
racetrack	1304
safeguard	1304
escorts	1303
ganesh	1303
gazing	1303
imprint	1303
leaps	1303
pap	1303
parson	1303
rajesh	1303
ach	1302
appalled	1302
birthplace	1302
constantinople	1302
coven	1302
discourage	1302
jigsaw	1302
lisbeth	1302
palin	1302
recycle	1302
sheesh	1302
unlawful	1302
wank	1302
archangel	1300
brianna	1300
briscoe	1300
clutches	1300
hepatitis	1300
hires	1300
insistent	1300
publicist	1300
schiller	1300
submerged	1300
tentacles	1300
thriller	1300
yves	1300
anastasia	1299
castor	1299
cliche	1299
crock	1299
hither	1299
intoxicating	1299
manuela	1299
rd	1299
enquiries	1297
governed	1297
healy	1297
hearst	1297
hypocritical	1297
manufacturers	1297
occurrence	1297
pilates	1297
proteins	1297
resurrected	1297
sharper	1297
timeless	1297
airtight	1296
butchers	1296
cushions	1296
dilated	1296
environments	1296
garbled	1296
halves	1296
louse	1296
menopause	1296
neutron	1296
ponytail	1296
preserving	1296
prognosis	1296
psychiatrists	1296
armageddon	1294
blazes	1294
bulgaria	1294
bulgarian	1294
compounds	1294
coney	1294
contributing	1294
inauguration	1294
jazzy	1294
lebeau	1294
restraints	1294
sinbad	1294
slicing	1294
ufos	1294
accents	1293
calculator	1293
cavern	1293
frederic	1293
kremlin	1293
militant	1293
newscaster	1293
nicknames	1293
objectives	1293
olly	1293
verne	1293
warship	1293
abuses	1291
daycare	1291
kiddie	1291
programmes	1291
replay	1291
righto	1291
tibetan	1291
yung	1291
zee	1291
darned	1290
dwarfs	1290
embryo	1290
frosting	1290
mono	1290
obituary	1290
rein	1290
snout	1290
susceptible	1290
tickled	1290
truffles	1290
braid	1288
brits	1288
canvass	1288
cherokee	1288
heaps	1288
neanderthals	1288
pebbles	1288
perk	1288
tingling	1288
tov	1288
twenties	1288
assaults	1287
bj	1287
chirp	1287
docked	1287
fleece	1287
mas	1287
moping	1287
pheasant	1287
sensory	1287
variables	1287
websites	1287
conventions	1285
craps	1285
distrust	1285
histories	1285
minefield	1285
popeye	1285
problematic	1285
smitten	1285
sp	1285
vigil	1285
yapping	1285
arose	1284
barnett	1284
coordinated	1284
corky	1284
discard	1284
eyelashes	1284
frannie	1284
giacomo	1284
googled	1284
invoke	1284
oily	1284
prejudiced	1284
ralphie	1284
rundown	1284
scrambling	1284
seams	1284
unconventional	1284
hijack	1283
ignacio	1283
masquerade	1283
purchasing	1283
yam	1283
arises	1281
dempsey	1281
eagerly	1281
fetching	1281
goebbels	1281
janeway	1281
logging	1281
maggot	1281
michiko	1281
orbital	1281
settlements	1281
wring	1281
alignment	1280
cheddar	1280
eatin	1280
emissary	1280
fats	1280
hangman	1280
heinz	1280
heterosexual	1280
irritate	1280
keel	1280
mana	1280
meryl	1280
narrows	1280
nationality	1280
taunting	1280
umbrellas	1280
bjorn	1278
bleeping	1278
comma	1278
cunts	1278
demonstrating	1278
format	1278
godspeed	1278
hitman	1278
peachy	1278
sony	1278
whimsical	1278
bestowed	1277
censorship	1277
fitch	1277
hispanic	1277
jove	1277
overflowing	1277
rizzo	1277
shuddering	1277
tully	1277
astronomical	1275
bachelorette	1275
bonaparte	1275
impartial	1275
mccann	1275
metabolism	1275
obsessing	1275
pathological	1275
seema	1275
silhouette	1275
sugars	1275
heresy	1274
homeboy	1274
newcomers	1274
preschool	1274
remake	1274
slurps	1274
tabloid	1274
vanquish	1274
willa	1274
zorro	1274
ag	1272
boca	1272
finesse	1272
minimize	1272
ravishing	1272
woodrow	1272
arraignment	1271
astronomer	1271
choo	1271
crawley	1271
nigh	1271
nil	1271
selective	1271
springer	1271
superpowers	1271
cath	1269
daniela	1269
equator	1269
gossiping	1269
hokkaido	1269
impenetrable	1269
incorporate	1269
jig	1269
poached	1269
sculpt	1269
sexier	1269
shivers	1269
underdog	1269
vinyl	1269
accumulated	1268
ascend	1268
blob	1268
determines	1268
ecosystem	1268
emilie	1268
etienne	1268
forefathers	1268
gladiators	1268
grit	1268
malpractice	1268
nylon	1268
snug	1268
soles	1268
vs	1268
avail	1266
clothed	1266
collaborate	1266
defied	1266
ellison	1266
gentry	1266
hem	1266
krusty	1266
ning	1266
parkinson	1266
prune	1266
stef	1266
uproar	1266
valentin	1266
cade	1265
fairfax	1265
hots	1265
lawfully	1265
mimic	1265
tumors	1265
ver	1265
aftermath	1263
blisters	1263
dod	1263
dusting	1263
gordo	1263
inhaler	1263
mermaids	1263
nacho	1263
ori	1263
residual	1263
sancho	1263
schoolboy	1263
shitload	1263
stems	1263
striped	1263
tabloids	1263
thoughtless	1263
thrice	1263
continuum	1262
csu	1262
dukes	1262
fused	1262
guan	1262
lube	1262
measurement	1262
neanderthal	1262
observant	1262
peng	1262
peppermint	1262
pierrot	1262
prima	1262
provoking	1262
qualifies	1262
reinforce	1262
uma	1262
authenticity	1261
duval	1261
ensemble	1261
forman	1261
motivate	1261
sergey	1261
soundtrack	1261
strut	1261
swagger	1261
taipei	1261
tantrum	1261
annihilate	1259
bale	1259
beale	1259
brandi	1259
clergy	1259
confided	1259
disrupted	1259
divorcing	1259
maui	1259
medics	1259
signore	1259
wreath	1259
advancement	1258
aida	1258
armpit	1258
bieber	1258
cavalier	1258
chong	1258
combing	1258
diligence	1258
districts	1258
genome	1258
hwan	1258
impertinent	1258
loops	1258
neela	1258
retaliate	1258
specializes	1258
tranquilizer	1258
vacancy	1258
adversity	1256
beneficiary	1256
bran	1256
buoy	1256
compulsion	1256
criticized	1256
mascara	1256
massa	1256
revised	1256
arne	1255
compression	1255
flowed	1255
graphics	1255
herod	1255
huntsmen	1255
incomprehensible	1255
interpreted	1255
kaoru	1255
lenient	1255
openings	1255
ozone	1255
perky	1255
punjabi	1255
retract	1255
unavoidable	1255
amid	1253
anonymously	1253
crocker	1253
demolish	1253
dispense	1253
generously	1253
occupational	1253
peabody	1253
prodigal	1253
roe	1253
telepathy	1253
youths	1253
hyena	1252
loudspeaker	1252
osgood	1252
roxie	1252
stardate	1252
torched	1252
yawn	1252
dal	1250
hillside	1250
imaginative	1250
mazel	1250
milkman	1250
prevention	1250
reiko	1250
toenails	1250
tout	1250
transcripts	1250
arithmetic	1249
cardassian	1249
clanks	1249
dramas	1249
heretic	1249
hives	1249
renewal	1249
repression	1249
squawk	1249
subsequently	1249
burbank	1247
deadbeat	1247
geology	1247
interval	1247
mooney	1247
nav	1247
performs	1247
proceeded	1247
prometheus	1247
quickie	1247
senorita	1247
shocker	1247
spectacles	1247
withdrawing	1247
feldman	1246
governors	1246
kennel	1246
marquise	1246
millennia	1246
sinus	1246
subscription	1246
thi	1246
unintelligible	1246
warlord	1246
zed	1246
dag	1244
gaia	1244
withheld	1244
boa	1243
brittle	1243
cutters	1243
involuntary	1243
massacred	1243
oils	1243
pelt	1243
reciting	1243
rosetta	1243
unprepared	1243
willingness	1243
bebe	1241
blaster	1241
coarse	1241
contemplating	1241
defeats	1241
frieda	1241
ins	1241
mala	1241
portrayed	1241
scrubs	1241
tricia	1241
walrus	1241
annihilation	1240
facade	1240
filipino	1240
filmmakers	1240
firewall	1240
hollering	1240
jawohl	1240
luv	1240
lyons	1240
ps	1240
simmer	1240
tennyson	1240
textbooks	1240
valencia	1240
weld	1240
conserve	1239
divulge	1239
gab	1239
khanna	1239
kieran	1239
quartet	1239
ravens	1239
sapna	1239
stepdad	1239
weirdos	1239
wiley	1239
breathless	1237
clocked	1237
conferences	1237
dusted	1237
epiphany	1237
joseon	1237
mantra	1237
motherhood	1237
silicone	1237
smacking	1237
tanning	1237
vests	1237
cherie	1236
decor	1236
flux	1236
maynard	1236
perch	1236
secluded	1236
smother	1236
totem	1236
bridesmaids	1234
dem	1234
informants	1234
jehovah	1234
keung	1234
mower	1234
patronize	1234
pediatrician	1234
anti	1233
dials	1233
exes	1233
gland	1233
harming	1233
pliers	1233
pooch	1233
reinstated	1233
stricken	1233
thunk	1233
tract	1233
zeta	1233
blabbering	1231
clerks	1231
coo	1231
curriculum	1231
disputes	1231
dizziness	1231
festivals	1231
firehouse	1231
frida	1231
groves	1231
grudges	1231
haines	1231
knowingly	1231
newcastle	1231
plural	1231
pug	1231
stalag	1231
tandy	1231
chopin	1230
dahlia	1230
dictated	1230
dios	1230
liras	1230
peking	1230
rebekah	1230
savvy	1230
siding	1230
valor	1230
affordable	1228
disorderly	1228
eulogy	1228
felonies	1228
gent	1228
gingerbread	1228
marlow	1228
misdemeanor	1228
psi	1228
scrawny	1228
unattractive	1228
accommodations	1227
cayman	1227
commons	1227
compressed	1227
crammed	1227
flagged	1227
mori	1227
mugging	1227
optimist	1227
possessive	1227
shutdown	1227
spaniard	1227
waitresses	1227
wanders	1227
archers	1225
aspiring	1225
autism	1225
commandment	1225
cremation	1225
crossbow	1225
czechoslovakia	1225
fateful	1225
geologist	1225
kovac	1225
leningrad	1225
lexington	1225
petroleum	1225
rooftops	1225
blooms	1224
clair	1224
debrief	1224
diem	1224
dysfunctional	1224
ifl	1224
lamborghini	1224
moped	1224
picturing	1224
pulses	1224
purchases	1224
antarctic	1222
atkins	1222
awaited	1222
barbershop	1222
beards	1222
chaser	1222
chatty	1222
condone	1222
crafts	1222
devin	1222
excitedly	1222
inez	1222
maintains	1222
manned	1222
rana	1222
subbing	1222
archibald	1221
baffled	1221
foolproof	1221
gunny	1221
insatiable	1221
jungles	1221
nutter	1221
probst	1221
readily	1221
sheng	1221
skater	1221
spacious	1221
upstanding	1221
abba	1219
confine	1219
daydreaming	1219
diablo	1219
exaggeration	1219
fam	1219
incest	1219
leone	1219
mathilde	1219
shorten	1219
unanswered	1219
alot	1218
americas	1218
biggs	1218
clarinet	1218
crusader	1218
cuddly	1218
garde	1218
graze	1218
guise	1218
middleman	1218
ramu	1218
scavenger	1218
altercation	1217
baa	1217
freckles	1217
furthest	1217
mcduck	1217
overhear	1217
propane	1217
sickening	1217
skaar	1217
thrills	1217
toothache	1217
tudor	1217
aagh	1215
ambassadors	1215
courtship	1215
enraged	1215
esmeralda	1215
fitzpatrick	1215
fuses	1215
grocer	1215
locating	1215
loomis	1215
ordinance	1215
superpower	1215
swamps	1215
unpopular	1215
zhen	1215
cabinets	1214
conjure	1214
cylinders	1214
glorified	1214
hustling	1214
pics	1214
ripple	1214
shipments	1214
smashes	1214
spied	1214
winch	1214
zak	1214
chlorine	1212
dui	1212
hadley	1212
ifwe	1212
mongrel	1212
oscars	1212
projections	1212
radiology	1212
soggy	1212
assumes	1211
banners	1211
boycott	1211
bradshaw	1211
consumers	1211
excursion	1211
germ	1211
klingons	1211
mesa	1211
pats	1211
progressed	1211
regal	1211
stafford	1211
telescopes	1211
unclean	1211
dun	1209
gm	1209
heartland	1209
initiating	1209
jenn	1209
mmhmm	1209
modifications	1209
spontaneously	1209
takeda	1209
alcoholics	1208
campaigning	1208
diaphragm	1208
droid	1208
feces	1208
fiver	1208
grips	1208
handbook	1208
horde	1208
obstinate	1208
outburst	1208
premise	1208
roderick	1208
scorpions	1208
trev	1208
croak	1206
derived	1206
executing	1206
interim	1206
rudolf	1206
serbs	1206
snowed	1206
adrift	1205
bisexual	1205
crore	1205
drowns	1205
eradicate	1205
expendable	1205
hyper	1205
inning	1205
pippi	1205
pointers	1205
rosary	1205
scourge	1205
snyder	1205
spunk	1205
tic	1205
addams	1203
alleys	1203
chandu	1203
clooney	1203
financials	1203
hanger	1203
hazy	1203
irritable	1203
kalinda	1203
neuro	1203
noelle	1203
ono	1203
relocate	1203
silky	1203
sunflower	1203
sutter	1203
tricking	1203
dink	1202
encyclopedia	1202
moroccan	1202
popsicle	1202
ptsd	1202
sermons	1202
stationary	1202
stripe	1202
urging	1202
yau	1202
callum	1200
compute	1200
consensual	1200
durga	1200
excruciating	1200
guinness	1200
harald	1200
helsinki	1200
liberals	1200
masterson	1200
mcguire	1200
nikhil	1200
overjoyed	1200
parched	1200
predicting	1200
ravioli	1200
trays	1200
warehouses	1200
cartridges	1199
commissar	1199
fruity	1199
rafa	1199
raiding	1199
soiled	1199
standpoint	1199
stayin	1199
stereotype	1199
sustainable	1199
whitaker	1199
alchemy	1197
antimatter	1197
creams	1197
drifter	1197
egon	1197
fairytale	1197
financed	1197
intimately	1197
keisha	1197
purest	1197
raisin	1197
saki	1197
spectator	1197
thereafter	1197
watcher	1197
withered	1197
wrapper	1197
curing	1196
deluded	1196
deprivation	1196
holling	1196
landon	1196
loren	1196
maki	1196
piers	1196
rutherford	1196
shovels	1196
wynn	1196
banzai	1195
binds	1195
botched	1195
botox	1195
caved	1195
eject	1195
immersed	1195
keating	1195
kouji	1195
mackey	1195
nailing	1195
nfl	1195
overcooked	1195
pinto	1195
qc	1195
rollo	1195
rumored	1195
supplement	1195
takeshi	1195
tinkle	1195
tragedies	1195
aristocrat	1193
asphalt	1193
bobbi	1193
bowed	1193
charred	1193
crucifix	1193
czar	1193
defects	1193
floorboards	1193
muppet	1193
seismic	1193
tamed	1193
tycoon	1193
vocals	1193
withhold	1193
balm	1192
cooker	1192
epilepsy	1192
garments	1192
nagasaki	1192
poachers	1192
recurring	1192
shakily	1192
swaying	1192
wakey	1192
welcomes	1192
weller	1192
fifi	1190
flunked	1190
georgetown	1190
mach	1190
moors	1190
nim	1190
pardoned	1190
quirky	1190
ritter	1190
sheds	1190
sparring	1190
steamer	1190
yeong	1190
yippee	1190
blackberry	1189
ceases	1189
fiercely	1189
impound	1189
lexie	1189
nesting	1189
sabina	1189
ucla	1189
bengal	1187
cache	1187
consequently	1187
creme	1187
daeso	1187
fluttering	1187
hallie	1187
hos	1187
larvae	1187
lifeboat	1187
revolutions	1187
rhine	1187
rosewood	1187
shim	1187
shyam	1187
yeti	1187
accessing	1186
aphrodite	1186
cools	1186
gregson	1186
hosted	1186
jeanie	1186
kicker	1186
lasse	1186
mandela	1186
misleading	1186
occupying	1186
ordained	1186
pre	1186
presiding	1186
riled	1186
sharona	1186
snuggle	1186
turnover	1186
brazen	1184
colonists	1184
cyclone	1184
eah	1184
hogs	1184
hombre	1184
lovingly	1184
nassau	1184
nook	1184
physicians	1184
prof	1184
researched	1184
splashes	1184
stitching	1184
unwise	1184
zheng	1184
affliction	1183
aspire	1183
bela	1183
carnal	1183
deirdre	1183
distressing	1183
dow	1183
generic	1183
hooch	1183
lacerations	1183
lifetimes	1183
melodramatic	1183
nepal	1183
pai	1183
projecting	1183
sentinel	1183
takahashi	1183
tasteless	1183
unattended	1183
unbreakable	1183
welch	1183
yelping	1183
chore	1181
dept	1181
efficiently	1181
emphasize	1181
gonzales	1181
hashtag	1181
hellhole	1181
lasalle	1181
melons	1181
recruitment	1181
reek	1181
renault	1181
wilhelmina	1181
wobbly	1181
aired	1180
busts	1180
chardonnay	1180
combining	1180
deactivate	1180
evasion	1180
goblins	1180
lowry	1180
meats	1180
merrier	1180
monetary	1180
napping	1180
nigeria	1180
notjust	1180
ofyour	1180
regrettable	1180
scat	1180
tac	1180
tormenting	1180
ugliest	1180
vixen	1180
alamo	1178
clementine	1178
communicator	1178
fuels	1178
halibut	1178
laced	1178
overworked	1178
phi	1178
pta	1178
salome	1178
seon	1178
supervising	1178
waterproof	1178
chakotay	1177
detonated	1177
femur	1177
garnish	1177
germaine	1177
implicate	1177
kam	1177
leper	1177
mendez	1177
nicknamed	1177
obeying	1177
ponder	1177
seducing	1177
situated	1177
slogans	1177
spruce	1177
technicality	1177
twit	1177
unpacking	1177
vindictive	1177
captures	1176
contender	1176
enlarged	1176
gallop	1176
glittering	1176
gopi	1176
hammock	1176
hypocrites	1176
illnesses	1176
larissa	1176
lieutenants	1176
lutz	1176
margaritas	1176
mural	1176
orpheus	1176
prolong	1176
shogunate	1176
waldorf	1176
woven	1176
bs	1174
centered	1174
chihuahua	1174
foes	1174
ie	1174
issuing	1174
pasadena	1174
proprietor	1174
rosita	1174
speciality	1174
stroller	1174
tehran	1174
tig	1174
whistler	1174
cardio	1173
delaying	1173
edwina	1173
fahrenheit	1173
fingernail	1173
gills	1173
granting	1173
hindus	1173
hubbard	1173
lolly	1173
mistresses	1173
puyo	1173
savoy	1173
sos	1173
starry	1173
anonymity	1171
barricades	1171
berth	1171
buttercup	1171
chaste	1171
clippings	1171
contests	1171
dia	1171
dodd	1171
hitter	1171
incriminate	1171
insecurity	1171
mod	1171
stoner	1171
variable	1171
abrupt	1170
browns	1170
celsius	1170
chloroform	1170
dislocated	1170
essays	1170
exodus	1170
gonzo	1170
hauser	1170
intervened	1170
kuwait	1170
poised	1170
proclaimed	1170
refinery	1170
rustic	1170
startin	1170
techs	1170
allegation	1168
confessional	1168
duped	1168
hoe	1168
lastly	1168
mane	1168
motorway	1168
mun	1168
pinching	1168
polio	1168
rupa	1168
sayonara	1168
sideshow	1168
spout	1168
tagging	1168
undergoing	1168
buick	1167
climber	1167
confronting	1167
diplomats	1167
exhibits	1167
garvey	1167
healthcare	1167
liberating	1167
mattresses	1167
micro	1167
nowt	1167
opal	1167
reba	1167
smothered	1167
sulu	1167
teapot	1167
toxicology	1167
cater	1165
contend	1165
disoriented	1165
insights	1165
lamont	1165
meditating	1165
nightclubs	1165
sana	1165
switchboard	1165
yap	1165
appetit	1164
blossomed	1164
creditors	1164
emeralds	1164
excel	1164
facilitate	1164
fraulein	1164
intervals	1164
lore	1164
plastics	1164
reggae	1164
resented	1164
revere	1164
vigorous	1164
activating	1162
baird	1162
bedding	1162
composite	1162
craven	1162
hindsight	1162
jolt	1162
locomotive	1162
mapped	1162
mummies	1162
plankton	1162
scented	1162
shitless	1162
songwriter	1162
ticked	1162
ahmet	1161
bishops	1161
calder	1161
conscientious	1161
dieter	1161
evey	1161
gucci	1161
logistics	1161
overcoat	1161
rampant	1161
reforms	1161
venetian	1161
waverly	1161
balancing	1159
benz	1159
canals	1159
carriages	1159
chrome	1159
dossier	1159
ein	1159
folklore	1159
hock	1159
infested	1159
kolchak	1159
oxen	1159
pikachu	1159
rogues	1159
sandman	1159
superhuman	1159
turban	1159
waxed	1159
whitehall	1159
ade	1158
alden	1158
amiss	1158
baptize	1158
bowing	1158
busiest	1158
courteous	1158
lanka	1158
pamphlets	1158
recycled	1158
ventura	1158
afflicted	1156
detergent	1156
dethklok	1156
hex	1156
insubordination	1156
michaela	1156
nazareth	1156
overalls	1156
pining	1156
reboot	1156
sputters	1156
swapping	1156
attendants	1155
binary	1155
dictates	1155
dungeons	1155
epstein	1155
excrement	1155
fined	1155
hesitating	1155
sanford	1155
slammer	1155
vices	1155
volkswagen	1155
boulders	1154
bucharest	1154
cardiff	1154
chimpanzee	1154
chitchat	1154
circulating	1154
cornelia	1154
envied	1154
ethic	1154
founders	1154
locksmith	1154
lockwood	1154
rattlesnake	1154
seine	1154
swims	1154
tb	1154
toying	1154
twos	1154
agile	1152
beastly	1152
blackadder	1152
bona	1152
clandestine	1152
cluck	1152
cuddy	1152
doctorate	1152
falco	1152
galleries	1152
hobson	1152
kindest	1152
moray	1152
nocturnal	1152
partisan	1152
peppino	1152
pressuring	1152
smudge	1152
sodas	1152
bakers	1151
bayou	1151
det	1151
granville	1151
harvesting	1151
integration	1151
litigation	1151
misa	1151
nabbed	1151
portia	1151
sorceress	1151
specter	1151
visas	1151
apostles	1149
arsonist	1149
bony	1149
diligent	1149
disguises	1149
disruption	1149
extermination	1149
gathers	1149
grasping	1149
handiwork	1149
kerala	1149
kraft	1149
morphin	1149
prakash	1149
refreshment	1149
shellfish	1149
tsui	1149
tubby	1149
tuttle	1149
betrays	1148
burdens	1148
darth	1148
installing	1148
intestine	1148
kolya	1148
malhotra	1148
md	1148
mont	1148
newer	1148
pecker	1148
plums	1148
repentance	1148
secular	1148
sneaks	1148
surrendering	1148
transvestite	1148
watery	1148
anticipating	1146
arden	1146
blunder	1146
cleavage	1146
detox	1146
goddamnit	1146
headmistress	1146
judgments	1146
panty	1146
recognizing	1146
scoffing	1146
sulk	1146
thyself	1146
astrology	1145
ditching	1145
dopey	1145
drummond	1145
loveliest	1145
reza	1145
spineless	1145
telepathic	1145
trusty	1145
cams	1143
cashmere	1143
chucky	1143
col	1143
dashed	1143
elly	1143
etcetera	1143
faber	1143
mistletoe	1143
pusher	1143
reassigned	1143
sisko	1143
delinda	1142
indicator	1142
innkeeper	1142
maidens	1142
mais	1142
mutated	1142
nutritious	1142
phaser	1142
rb	1142
seol	1142
sorcery	1142
teas	1142
tranquility	1142
varied	1142
blatant	1140
brit	1140
collin	1140
corvette	1140
emmanuel	1140
gaping	1140
guerrillas	1140
heightened	1140
ideally	1140
keepin	1140
oars	1140
proclamation	1140
scandals	1140
ticklish	1140
trident	1140
vengeful	1140
widowed	1140
announces	1139
evac	1139
exert	1139
poorest	1139
purify	1139
radically	1139
salted	1139
surpassed	1139
systematically	1139
vibrate	1139
addy	1137
generates	1137
illustrated	1137
lofty	1137
merrill	1137
nance	1137
nurturing	1137
sequences	1137
shudders	1137
transgender	1137
tulips	1137
unlocking	1137
aggressively	1136
asbestos	1136
disloyal	1136
ems	1136
haru	1136
improv	1136
skywalker	1136
andersen	1134
bowen	1134
crutch	1134
displaced	1134
hayat	1134
rubs	1134
semi	1134
silo	1134
thundering	1134
unpunished	1134
yokohama	1134
applauds	1133
counselling	1133
dipshit	1133
grievous	1133
homeroom	1133
inflammation	1133
kabaddi	1133
levy	1133
licorice	1133
nani	1133
nikola	1133
ortega	1133
rigorous	1133
symmetry	1133
tipsy	1133
trample	1133
unaccounted	1133
autobots	1132
bistro	1132
bottomless	1132
brewer	1132
chests	1132
chisel	1132
clifton	1132
combustion	1132
erupted	1132
forwarded	1132
hao	1132
hurdle	1132
kiran	1132
newkirk	1132
wainwright	1132
binge	1130
dix	1130
geiger	1130
howell	1130
katrine	1130
matchmaker	1130
moles	1130
mucho	1130
pelican	1130
piping	1130
stubbornness	1130
tidings	1130
centres	1129
enables	1129
hunchback	1129
irrigation	1129
margins	1129
penalties	1129
pitches	1129
provenza	1129
relocated	1129
tiff	1129
concerto	1127
fanatics	1127
filly	1127
gable	1127
hyacinth	1127
kemal	1127
matey	1127
putty	1127
revisit	1127
rupaul	1127
swirling	1127
unbeatable	1127
vaults	1127
align	1126
beeper	1126
carthage	1126
cookbook	1126
injure	1126
loophole	1126
replies	1126
sanctity	1126
spilt	1126
admirers	1124
fated	1124
ferrara	1124
fetal	1124
geographic	1124
mislead	1124
resurrect	1124
rina	1124
treadmill	1124
whence	1124
coca	1123
crept	1123
hoots	1123
keyes	1123
mania	1123
nona	1123
qaeda	1123
subordinate	1123
tampons	1123
unplug	1123
veggie	1123
accountants	1121
appropriately	1121
archaeology	1121
authorised	1121
brightness	1121
dinky	1121
freshmen	1121
genghis	1121
ivanovich	1121
katarina	1121
mikael	1121
nic	1121
nothingness	1121
proofs	1121
recap	1121
roo	1121
strangler	1121
telugu	1121
timely	1121
vendors	1121
bogart	1120
compromises	1120
compulsory	1120
corp	1120
cuckold	1120
defences	1120
dok	1120
famously	1120
gibraltar	1120
ibm	1120
maximus	1120
payson	1120
scanlon	1120
seasoning	1120
surfaced	1120
taft	1120
uneven	1120
urinating	1120
violets	1120
alligators	1118
bene	1118
blip	1118
dives	1118
frodo	1118
garry	1118
gizmo	1118
indulgence	1118
midori	1118
minneapolis	1118
reeling	1118
reopened	1118
similarity	1118
swindler	1118
topper	1118
valhalla	1118
wat	1118
adventurer	1117
bayonet	1117
bismarck	1117
dresden	1117
encoded	1117
endangering	1117
gist	1117
gonzalez	1117
julianne	1117
outlets	1117
paro	1117
prosthetic	1117
rupee	1117
siamese	1117
unrealistic	1117
calmer	1115
chestnuts	1115
luce	1115
overgrown	1115
parsley	1115
pollock	1115
rahl	1115
ruff	1115
storming	1115
supermodel	1115
abbas	1114
abominable	1114
alfa	1114
apaches	1114
arches	1114
condor	1114
empires	1114
inge	1114
ly	1114
maru	1114
monet	1114
ohhhh	1114
resilient	1114
revise	1114
sicker	1114
vets	1114
advertised	1112
bartholomew	1112
blackouts	1112
excavation	1112
flung	1112
francie	1112
ironed	1112
laboratories	1112
labored	1112
quixote	1112
riddled	1112
salud	1112
communicated	1111
licenses	1111
neurons	1111
nutshell	1111
sadder	1111
scofield	1111
yanked	1111
bedrock	1110
bunty	1110
callous	1110
cbc	1110
cleansed	1110
dawned	1110
favourites	1110
graph	1110
inconclusive	1110
kenzi	1110
pol	1110
rigging	1110
savor	1110
tempered	1110
twigs	1110
admittedly	1108
annex	1108
bannister	1108
bosch	1108
clusters	1108
decapitated	1108
embezzlement	1108
gimmick	1108
mccain	1108
royalties	1108
samuels	1108
seinfeld	1108
seville	1108
tyr	1108
abrasions	1107
andes	1107
clemens	1107
daggers	1107
distributing	1107
fightin	1107
frazer	1107
hailing	1107
hypnotic	1107
lobos	1107
mistaking	1107
neglecting	1107
stonehenge	1107
stow	1107
unchanged	1107
vapor	1107
verb	1107
blanchard	1105
bonuses	1105
buffoon	1105
cultivated	1105
grate	1105
hooded	1105
lavish	1105
obstructing	1105
olympia	1105
rapture	1105
seenu	1105
sunscreen	1105
waive	1105
armchair	1104
clement	1104
drainage	1104
floppy	1104
frisky	1104
inconsiderate	1104
loitering	1104
looted	1104
mongolia	1104
rubies	1104
scruples	1104
sho	1104
woodland	1104
aggie	1102
asha	1102
bachelors	1102
barons	1102
betrayer	1102
bribing	1102
cancellation	1102
forgetful	1102
ganges	1102
merged	1102
ofthis	1102
promoter	1102
punishable	1102
recovers	1102
regression	1102
sovereignty	1102
susana	1102
ugliness	1102
coals	1101
cryptic	1101
deceitful	1101
disgruntled	1101
fireflies	1101
iittle	1101
jefe	1101
marmalade	1101
mended	1101
misunderstandings	1101
monika	1101
movers	1101
pilate	1101
plating	1101
splat	1101
assert	1099
completes	1099
curled	1099
entities	1099
favored	1099
hoodlums	1099
ht	1099
ignores	1099
indie	1099
lesley	1099
measly	1099
pansy	1099
pelvic	1099
pim	1099
pounce	1099
requiring	1099
rhythms	1099
sculpted	1099
tenor	1099
tino	1099
vicente	1099
absorbing	1098
antics	1098
cretin	1098
denounced	1098
hailed	1098
hoi	1098
ladders	1098
lassiter	1098
lifesaver	1098
maritime	1098
mclaren	1098
meanest	1098
othello	1098
platonic	1098
profiling	1098
roaches	1098
sax	1098
shaker	1098
slurring	1098
splendor	1098
sprinkles	1098
swag	1098
tasteful	1098
trampoline	1098
autobiography	1096
camila	1096
comp	1096
harshly	1096
humorous	1096
hussy	1096
hyenas	1096
krypton	1096
nodding	1096
seamus	1096
stinkin	1096
alloy	1095
baltic	1095
champs	1095
clubbing	1095
comforted	1095
courtesan	1095
exorcist	1095
fiscal	1095
gracefully	1095
guitarist	1095
hallways	1095
keenan	1095
lyman	1095
promenade	1095
suede	1095
braver	1093
census	1093
flannel	1093
hysterically	1093
klan	1093
kun	1093
mata	1093
niche	1093
nyu	1093
plaid	1093
roasting	1093
rollers	1093
shriek	1093
simran	1093
verona	1093
aborted	1092
airspace	1092
atrocious	1092
augusta	1092
bathrobe	1092
borough	1092
brice	1092
calleigh	1092
chalice	1092
feverish	1092
frazier	1092
hesitant	1092
jeweler	1092
mla	1092
regeneration	1092
rhetoric	1092
saffron	1092
seamstress	1092
storing	1092
strickland	1092
algiers	1090
chantal	1090
dotty	1090
forbade	1090
governing	1090
hushed	1090
matured	1090
scorpio	1090
suitors	1090
swann	1090
threes	1090
trapping	1090
tropics	1090
dune	1089
extinguish	1089
goguryeo	1089
horseshit	1089
juggle	1089
mobilize	1089
slots	1089
trucking	1089
warrick	1089
yon	1089
attackers	1088
attenborough	1088
berman	1088
bitcoin	1088
chipper	1088
crusoe	1088
dario	1088
framework	1088
hakeem	1088
kan	1088
mortified	1088
orphaned	1088
parry	1088
prenup	1088
prerogative	1088
ramiro	1088
respective	1088
woulda	1088
apos	1086
archery	1086
axes	1086
blanc	1086
cauldron	1086
estranged	1086
flammable	1086
glucose	1086
gorman	1086
hardison	1086
henchmen	1086
kickin	1086
leicester	1086
muff	1086
pickpocket	1086
purses	1086
roundabout	1086
talon	1086
whims	1086
aang	1085
ascension	1085
banning	1085
bennie	1085
brothels	1085
crybaby	1085
fueled	1085
goth	1085
jitters	1085
navel	1085
notification	1085
phobia	1085
piazza	1085
projectile	1085
upstream	1085
vanishes	1085
watchers	1085
ambulances	1083
autistic	1083
circulate	1083
ck	1083
dominance	1083
fabricated	1083
grumbles	1083
inga	1083
ish	1083
realism	1083
regis	1083
sac	1083
sickly	1083
siri	1083
textile	1083
atop	1082
aztec	1082
dimes	1082
emailed	1082
fliers	1082
forwarding	1082
hartman	1082
itches	1082
mcgarrett	1082
meningitis	1082
prowl	1082
quot	1082
recreational	1082
spiritually	1082
suburb	1082
tetanus	1082
accursed	1080
alexandre	1080
defying	1080
dmitri	1080
ducking	1080
halley	1080
improvised	1080
kern	1080
launcher	1080
mitt	1080
mocha	1080
mohammad	1080
sarajevo	1080
sofie	1080
taurus	1080
uglier	1080
warheads	1080
apps	1079
bengali	1079
counties	1079
grampa	1079
humid	1079
inspected	1079
perm	1079
shifu	1079
shuffling	1079
takumi	1079
touya	1079
undoing	1079
vanya	1079
weakling	1079
annulment	1077
barman	1077
blackboard	1077
booger	1077
cutlery	1077
decode	1077
eyed	1077
infants	1077
mapping	1077
probes	1077
qiu	1077
spotting	1077
straits	1077
umbilical	1077
zing	1077
aristocracy	1076
bleedin	1076
bongo	1076
deanna	1076
exterminator	1076
farnon	1076
fittest	1076
gloucester	1076
glum	1076
hasta	1076
hue	1076
morgana	1076
perilous	1076
redeemed	1076
replacements	1076
shoelaces	1076
snooze	1076
wavelength	1076
abhi	1074
ascertain	1074
commandos	1074
commencing	1074
deadliest	1074
dislikes	1074
instinctively	1074
jimmie	1074
mined	1074
pendleton	1074
processor	1074
prophecies	1074
reassured	1074
reproductive	1074
wasps	1074
armada	1073
curling	1073
feller	1073
jokers	1073
kits	1073
monoxide	1073
overreact	1073
phasers	1073
rankin	1073
strayed	1073
templeton	1073
twirl	1073
winthrop	1073
xin	1073
arbitrary	1071
coos	1071
fabrics	1071
firefly	1071
fountains	1071
hanks	1071
interstellar	1071
libraries	1071
massimo	1071
petrov	1071
poldark	1071
ratchet	1071
sawdust	1071
simulate	1071
subdue	1071
vascular	1071
ahjumma	1070
bluebell	1070
bounces	1070
charissa	1070
dawes	1070
deem	1070
dub	1070
handmade	1070
higgs	1070
nicaragua	1070
obesity	1070
reigns	1070
sensations	1070
ultraviolet	1070
antelope	1069
basque	1069
boardwalk	1069
burrow	1069
discord	1069
fantasize	1069
henna	1069
magdalena	1069
offending	1069
overkill	1069
pawned	1069
poultry	1069
roswell	1069
scrapbook	1069
shrek	1069
sodom	1069
watered	1069
aristocrats	1067
chez	1067
dashboard	1067
downstream	1067
inconsistent	1067
pigsty	1067
undies	1067
wickedness	1067
bok	1066
cauliflower	1066
disagreed	1066
fiddler	1066
ivo	1066
matteo	1066
oxide	1066
pauper	1066
piccolo	1066
roxton	1066
soto	1066
susannah	1066
vila	1066
branson	1064
cardinals	1064
cosette	1064
enquire	1064
extinguished	1064
fiji	1064
guacamole	1064
lik	1064
nitro	1064
pawns	1064
prude	1064
rikers	1064
tailed	1064
vd	1064
verde	1064
arrivals	1063
boundless	1063
climbers	1063
combed	1063
corresponding	1063
durham	1063
genoa	1063
grownups	1063
hefner	1063
hula	1063
kindred	1063
laundromat	1063
laxmi	1063
nik	1063
overdoing	1063
pil	1063
repel	1063
romantically	1063
shopkeeper	1063
showroom	1063
sou	1063
squish	1063
strands	1063
warts	1063
annihilated	1061
atticus	1061
barrage	1061
bligh	1061
blockhead	1061
cheery	1061
dreadfully	1061
encourages	1061
hbo	1061
humanoid	1061
masons	1061
rhythmically	1061
ronaldo	1061
sealing	1061
shards	1061
shenanigans	1061
std	1061
castile	1060
clippers	1060
cv	1060
exhilarating	1060
flirted	1060
foreboding	1060
glover	1060
harvested	1060
maman	1060
menacing	1060
narc	1060
overloaded	1060
persia	1060
schematics	1060
ser	1060
spiderman	1060
spills	1060
tact	1060
taxpayer	1060
timo	1060
trisha	1060
tulsa	1060
understudy	1060
anchovies	1058
doghouse	1058
housed	1058
manga	1058
mccartney	1058
milhouse	1058
ny	1058
provision	1058
roseanne	1058
smarts	1058
abandonment	1057
applicants	1057
canadians	1057
commemorate	1057
compressions	1057
critters	1057
fab	1057
ghouls	1057
huntington	1057
nerdy	1057
ofcourse	1057
stringer	1057
theology	1057
tigger	1057
topher	1057
vantage	1057
warbling	1057
yemen	1057
aegisshi	1055
argentine	1055
consciously	1055
frenchmen	1055
gulls	1055
ld	1055
nourishment	1055
nursed	1055
oan	1055
raleigh	1055
sender	1055
tenner	1055
waiver	1055
dickinson	1054
dysfunction	1054
hamper	1054
hijacking	1054
hooligan	1054
magnetism	1054
mcallister	1054
microphones	1054
mobility	1054
nils	1054
provisional	1054
rafi	1054
remission	1054
vanquished	1054
widen	1054
woodwork	1054
anarchists	1052
dissatisfied	1052
gabriella	1052
hahaha	1052
hearted	1052
horst	1052
lecturer	1052
maxi	1052
membrane	1052
sanatorium	1052
scab	1052
succumb	1052
tampon	1052
tangle	1052
bashir	1051
binder	1051
boating	1051
butting	1051
cali	1051
eichmann	1051
hypothermia	1051
lain	1051
nietzsche	1051
presentable	1051
prompted	1051
relates	1051
sasquatch	1051
swedes	1051
trumps	1051
unlocks	1051
yuk	1051
bohemian	1049
canterbury	1049
cris	1049
excites	1049
factions	1049
ilya	1049
insure	1049
irreplaceable	1049
jester	1049
lookie	1049
petrovich	1049
pied	1049
potions	1049
regulate	1049
shank	1049
skylar	1049
smithers	1049
uniquely	1049
unofficially	1049
alpine	1048
blower	1048
boasting	1048
carlyle	1048
charades	1048
croissant	1048
depicted	1048
dined	1048
disturbs	1048
fernandez	1048
homies	1048
kilograms	1048
mali	1048
mince	1048
mussels	1048
prowess	1048
sigma	1048
tenderly	1048
trashy	1048
altering	1047
elevation	1047
ferengi	1047
figaro	1047
hyperspace	1047
insurgents	1047
litres	1047
nitrate	1047
passageway	1047
pastime	1047
pharaohs	1047
pixie	1047
ranting	1047
trends	1047
xanax	1047
yiddish	1047
abolished	1045
activation	1045
albino	1045
attributes	1045
baekje	1045
brie	1045
downey	1045
earthlings	1045
evict	1045
fricking	1045
gerda	1045
janeiro	1045
mending	1045
nessa	1045
pesky	1045
pricey	1045
spec	1045
turbulent	1045
ussr	1045
ambiguous	1044
analyse	1044
bashing	1044
dominican	1044
eggnog	1044
elka	1044
expulsion	1044
flamingo	1044
flattened	1044
granddaddy	1044
kensington	1044
lor	1044
mba	1044
polling	1044
reversal	1044
untimely	1044
verity	1044
chakra	1042
clouded	1042
diagnose	1042
emblem	1042
frylock	1042
glock	1042
housewarming	1042
lookit	1042
lum	1042
percival	1042
perseverance	1042
posterity	1042
sundae	1042
thermos	1042
tortures	1042
bulge	1041
crossfire	1041
exterminated	1041
forsyte	1041
garrity	1041
greased	1041
grrr	1041
hamid	1041
mariano	1041
mayfield	1041
midge	1041
myron	1041
optic	1041
pasquale	1041
ridges	1041
ridin	1041
sheen	1041
topping	1041
twitching	1041
untied	1041
vivien	1041
bloods	1039
esme	1039
gravely	1039
hei	1039
impudent	1039
kwang	1039
lupe	1039
manifestation	1039
moat	1039
noticeable	1039
prefecture	1039
algorithms	1038
alrighty	1038
aphrodisiac	1038
bergen	1038
catalyst	1038
checkout	1038
claudette	1038
concessions	1038
consignment	1038
daddies	1038
dangle	1038
dotted	1038
firecracker	1038
grilling	1038
jobless	1038
knackered	1038
laces	1038
lacy	1038
lok	1038
mausoleum	1038
muir	1038
promotions	1038
rhea	1038
smartass	1038
successes	1038
tarot	1038
tonsils	1038
wrongful	1038
zeppelin	1038
airways	1036
conjecture	1036
croissants	1036
crowning	1036
deficiency	1036
destroyers	1036
expresses	1036
firecrackers	1036
launches	1036
neelix	1036
parrots	1036
quarrels	1036
saucy	1036
snare	1036
sores	1036
utensils	1036
vicodin	1036
walnuts	1036
worships	1036
coerced	1035
craze	1035
digestion	1035
imaginable	1035
kraang	1035
metaphors	1035
pornographic	1035
swindle	1035
taffy	1035
terrors	1035
watt	1035
critique	1033
depleted	1033
har	1033
hooky	1033
ooooh	1033
potts	1033
presto	1033
sarcophagus	1033
shapiro	1033
slump	1033
veterinary	1033
warships	1033
armani	1032
decadent	1032
devise	1032
fiddling	1032
gaul	1032
hellish	1032
henning	1032
humbled	1032
improves	1032
keegan	1032
lordy	1032
navarro	1032
probie	1032
ruxin	1032
saroyan	1032
thunderstorm	1032
trickster	1032
triplets	1032
workings	1032
asians	1030
bombardment	1030
cabo	1030
compensated	1030
devoid	1030
dubbed	1030
gout	1030
johnston	1030
karel	1030
pacino	1030
rika	1030
triumphs	1030
attributed	1029
frightfully	1029
licks	1029
multiplied	1029
orchestrated	1029
overflow	1029
piero	1029
pimple	1029
quench	1029
rendering	1029
salvo	1029
slasher	1029
spores	1029
stubbs	1029
uncharted	1029
confer	1027
deduct	1027
disks	1027
domingo	1027
fares	1027
giver	1027
hayward	1027
impure	1027
keyhole	1027
khalid	1027
oar	1027
perpetrators	1027
pertinent	1027
purcell	1027
purring	1027
rapids	1027
sm	1027
stockton	1027
summat	1027
sunil	1027
ulterior	1027
yelp	1027
acapulco	1026
alaikum	1026
albright	1026
danube	1026
dar	1026
femme	1026
groupie	1026
inadvertently	1026
inexplicable	1026
integral	1026
interruptions	1026
lingo	1026
loins	1026
maja	1026
progression	1026
radish	1026
standstill	1026
undeniable	1026
untold	1026
vroom	1026
wickham	1026
alto	1025
bonehead	1025
crushes	1025
exceedingly	1025
flustered	1025
herc	1025
illogical	1025
kravitz	1025
rishi	1025
shindo	1025
sieg	1025
snows	1025
stint	1025
thefts	1025
violinist	1025
yosemite	1025
fawn	1023
fontaine	1023
lomax	1023
melville	1023
optional	1023
osman	1023
passwords	1023
playback	1023
sanctions	1023
spinster	1023
spouting	1023
staking	1023
vials	1023
albania	1022
anubis	1022
chas	1022
conversing	1022
dinnertime	1022
disfigured	1022
excalibur	1022
harboring	1022
hippy	1022
intuitive	1022
jessi	1022
orville	1022
reefs	1022
refreshed	1022
ronin	1022
scarves	1022
stooges	1022
takers	1022
watanabe	1022
xing	1022
asano	1020
bonsoir	1020
denim	1020
derivative	1020
froggy	1020
grievances	1020
injecting	1020
kao	1020
loyalties	1020
messin	1020
productivity	1020
scams	1020
shayne	1020
sparing	1020
stub	1020
teo	1020
undetected	1020
unresolved	1020
wichita	1020
wouid	1020
amalia	1019
cicero	1019
converting	1019
eloquent	1019
inventive	1019
noone	1019
quicksand	1019
rugs	1019
soot	1019
subjective	1019
transformer	1019
umpire	1019
bitterly	1017
britches	1017
contraction	1017
extremists	1017
fondue	1017
georgian	1017
intergalactic	1017
longevity	1017
lupus	1017
physiology	1017
remi	1017
removes	1017
sloth	1017
sms	1017
succeeding	1017
advert	1016
burdened	1016
cartels	1016
conditioned	1016
confetti	1016
dab	1016
debs	1016
experimented	1016
gaza	1016
gazelle	1016
golfing	1016
gurgles	1016
inconceivable	1016
lithium	1016
murky	1016
myka	1016
racers	1016
ros	1016
rusted	1016
sacrificial	1016
sayid	1016
siddharth	1016
tapestry	1016
typhoid	1016
artemis	1014
baldrick	1014
bores	1014
canton	1014
ceramic	1014
chilean	1014
concealing	1014
cubans	1014
divinity	1014
enzyme	1014
harker	1014
hybrids	1014
improbable	1014
jailer	1014
juliana	1014
kosovo	1014
manuscripts	1014
multitude	1014
obese	1014
prays	1014
repetition	1014
scepter	1014
silencer	1014
warranty	1014
aimee	1013
augie	1013
branding	1013
bureaucratic	1013
catheter	1013
contusions	1013
dao	1013
declares	1013
dragonfly	1013
fenner	1013
halifax	1013
holographic	1013
indirectly	1013
killian	1013
pedigree	1013
pompeii	1013
revolving	1013
trippin	1013
wexler	1013
zoya	1013
beaming	1011
blowout	1011
carbs	1011
defends	1011
dill	1011
dismount	1011
dutchman	1011
friedman	1011
hitomi	1011
lorelei	1011
puzzling	1011
scarface	1011
scenic	1011
stardust	1011
stationery	1011
testicle	1011
amit	1010
bronco	1010
caper	1010
chink	1010
correspond	1010
cranes	1010
decorative	1010
def	1010
dory	1010
fortified	1010
geraldine	1010
graciously	1010
hewitt	1010
karla	1010
lengthy	1010
mangy	1010
marquez	1010
masseuse	1010
practised	1010
psychics	1010
sectors	1010
shipwreck	1010
suites	1010
thierry	1010
trustee	1010
absolve	1008
aerobics	1008
alexx	1008
arkady	1008
bellowing	1008
bogey	1008
buyeo	1008
discs	1008
dismal	1008
eros	1008
forte	1008
goofing	1008
melrose	1008
mor	1008
telegrams	1008
ut	1008
vagabond	1008
vomited	1008
wren	1008
bashful	1007
bohannon	1007
conroy	1007
forging	1007
gauri	1007
guesthouse	1007
harlot	1007
helmut	1007
hodja	1007
lebanese	1007
nandini	1007
regency	1007
coached	1005
committees	1005
debates	1005
demi	1005
enron	1005
evacuating	1005
geordie	1005
olson	1005
rommie	1005
saito	1005
shambles	1005
striker	1005
vietcong	1005
wentworth	1005
woodward	1005
yoghurt	1005
abstinence	1004
antidepressants	1004
boomerang	1004
bourne	1004
brainless	1004
circumcised	1004
deva	1004
dumbo	1004
ieft	1004
inherent	1004
maniacally	1004
pellets	1004
readiness	1004
realms	1004
reluctantly	1004
trombone	1004
vibrator	1004
acp	1003
astrologer	1003
attribute	1003
coding	1003
ghoul	1003
hatches	1003
latimer	1003
magnifying	1003
noona	1003
pampered	1003
rump	1003
sparkly	1003
stinker	1003
torah	1003
angelic	1001
barged	1001
caruso	1001
emt	1001
greener	1001
humpty	1001
ives	1001
kanan	1001
midsummer	1001
mittens	1001
pessimistic	1001
quartz	1001
remus	1001
snowflake	1001
stalingrad	1001
willows	1001
wrecks	1001
alcatraz	1000
benches	1000
concur	1000
dougal	1000
enforced	1000
grazed	1000
iggy	1000
kee	1000
mesh	1000
narayan	1000
negligent	1000
playwright	1000
psychopaths	1000
pulsing	1000
striving	1000
stupidly	1000
temptations	1000
wishful	1000
corabeth	998
disrupting	998
gaulle	998
geologists	998
gould	998
grits	998
hymns	998
intermission	998
musk	998
musket	998
nukes	998
redirect	998
rem	998
renoir	998
sable	998
svetlana	998
treasured	998
zara	998
adjourn	997
armoured	997
bile	997
blackbird	997
connelly	997
demoted	997
erupt	997
eveything	997
hinder	997
lackey	997
sanction	997
shao	997
stank	997
suarez	997
sunken	997
surfers	997
woes	997
antichrist	995
cleanliness	995
commendable	995
costas	995
doofus	995
irishman	995
jolie	995
madras	995
manfred	995
maroon	995
misaki	995
possessing	995
pounded	995
prematurely	995
sedate	995
skim	995
sprain	995
stephan	995
swayed	995
tok	995
uganda	995
upfront	995
disengage	994
disturbances	994
foolishly	994
hurricanes	994
jolene	994
kilometer	994
landfill	994
momentous	994
moreau	994
oink	994
radicals	994
rigs	994
sheena	994
une	994
zi	994
faulkner	992
inbound	992
lula	992
paralysed	992
partake	992
pinot	992
romulan	992
shakin	992
stetson	992
adrianna	991
beagle	991
commies	991
constitutes	991
culprits	991
emi	991
fawlty	991
fro	991
gretel	991
indisposed	991
katerina	991
momentary	991
musicals	991
plumb	991
pyo	991
ria	991
sanitary	991
skyler	991
subdued	991
weeps	991
asphyxiation	989
consented	989
fresno	989
gita	989
installments	989
lecter	989
lolita	989
peri	989
robs	989
studs	989
swimmers	989
unsuspecting	989
voter	989
xbox	989
abdullah	988
arlington	988
benoit	988
dopamine	988
dowager	988
evilly	988
extensions	988
garnet	988
glimmer	988
grr	988
heartburn	988
imaginations	988
khrushchev	988
leaflets	988
mccabe	988
modelling	988
rajiv	988
resonance	988
severity	988
shudder	988
taker	988
twerp	988
vex	988
bavaria	986
beryl	986
entrees	986
expire	986
hess	986
koenig	986
lindy	986
lyndon	986
mcgill	986
mer	986
miao	986
nr	986
presenter	986
sas	986
sasaki	986
ticker	986
bacterial	985
bitty	985
connolly	985
crazies	985
dozed	985
duress	985
frenchy	985
groundbreaking	985
jocks	985
kepler	985
locusts	985
lodgings	985
milt	985
networking	985
sabotaging	985
signorina	985
sunbae	985
bala	983
bazooka	983
bikinis	983
britannia	983
cappie	983
checklist	983
daktari	983
devilish	983
frederik	983
hospitable	983
imports	983
matador	983
niels	983
octavia	983
paintball	983
sociable	983
staples	983
transylvania	983
unfriendly	983
uranus	983
weirdly	983
absolution	982
alcoholism	982
arman	982
compliance	982
droppings	982
electoral	982
flexibility	982
flier	982
floral	982
matinee	982
minotaur	982
narcissistic	982
nielsen	982
pathway	982
peralta	982
scorching	982
splashed	982
toads	982
violins	982
adolescence	981
birkoff	981
cuss	981
dalai	981
disarmed	981
disclosed	981
disobedience	981
ergo	981
fodder	981
franck	981
fruitful	981
icebox	981
interestingly	981
juries	981
mistrial	981
pacemaker	981
persistence	981
remand	981
revolves	981
transports	981
unconditionally	981
welding	981
christophe	979
converse	979
ebola	979
essentials	979
examinations	979
galilee	979
goran	979
graders	979
jugs	979
lament	979
lorne	979
mccord	979
puree	979
rayburn	979
trustees	979
turnip	979
tweets	979
uttered	979
vishal	979
weatherman	979
albeit	978
armpits	978
beecher	978
cardigan	978
chatted	978
chuckie	978
corset	978
dorms	978
famed	978
farrow	978
hedges	978
icarus	978
installment	978
latent	978
leaky	978
leprosy	978
midterm	978
queasy	978
registrar	978
scorched	978
sickle	978
slew	978
sophistication	978
surpass	978
tada	978
thrones	978
viki	978
akiko	976
birthright	976
conflicted	976
descends	976
eiji	976
fortitude	976
happenin	976
helpers	976
kwai	976
lawman	976
lynne	976
onset	976
sparked	976
suraj	976
tragg	976
wastes	976
yourjob	976
acids	975
albatross	975
beret	975
busboy	975
delirium	975
dianne	975
feathered	975
frock	975
groping	975
latrine	975
luftwaffe	975
maury	975
platforms	975
queers	975
rookies	975
sawing	975
shyness	975
trapeze	975
voight	975
croc	973
dominating	973
dribble	973
forearm	973
glances	973
holdin	973
juniors	973
microsoft	973
ob	973
olden	973
rheumatism	973
ripples	973
sharpened	973
tosh	973
trickery	973
vasu	973
barter	972
daimon	972
elevate	972
freedoms	972
godless	972
gourd	972
lev	972
scatting	972
tier	972
trespasses	972
zhi	972
appease	970
auditioned	970
autopilot	970
bleachers	970
catacombs	970
crackpot	970
entrepreneurs	970
itunes	970
jeering	970
kazakhstan	970
mechanisms	970
minx	970
playtime	970
rygel	970
thunderbolt	970
tidying	970
vc	970
abracadabra	969
alvaro	969
births	969
bollywood	969
charlatan	969
dentists	969
fibre	969
gummy	969
herrmann	969
luminous	969
marlin	969
microbes	969
millicent	969
mums	969
observers	969
opposites	969
sacrilege	969
sanitarium	969
shinjuku	969
shoemaker	969
unicorns	969
vee	969
admiralty	967
alchemist	967
babble	967
buttermilk	967
capt	967
coupled	967
divorces	967
docket	967
ducked	967
gilligan	967
inflatable	967
invisibility	967
janek	967
klaxon	967
mailing	967
overcame	967
palanquin	967
pancreas	967
redding	967
sized	967
spaced	967
specify	967
adverse	966
croatia	966
dirtbag	966
eastwood	966
ep	966
gastric	966
koala	966
nodded	966
noriko	966
pinnacle	966
stinger	966
tweeting	966
uneducated	966
yoshi	966
booms	964
gassed	964
kazuo	964
kites	964
melodrama	964
mhm	964
pained	964
parchment	964
proverbial	964
reardon	964
rodents	964
spielberg	964
stirs	964
tobin	964
toolbox	964
trotter	964
vasectomy	964
zucchini	964
auld	963
brainiac	963
braking	963
cad	963
dehydration	963
donahue	963
hematoma	963
impacts	963
insufferable	963
jugular	963
kiosk	963
magnesium	963
munching	963
nola	963
organising	963
oye	963
prada	963
roped	963
rudeness	963
tuba	963
yeo	963
chem	962
chugging	962
clutching	962
cues	962
defuse	962
droids	962
englishmen	962
instances	962
knowledgeable	962
leif	962
lewd	962
mcclaren	962
nieces	962
prawns	962
ravaged	962
roamed	962
soundly	962
spanked	962
squatting	962
surveyor	962
tramps	962
tryouts	962
usage	962
bowers	960
braxton	960
clipping	960
farthest	960
hansel	960
inquisitive	960
kajal	960
leased	960
longitude	960
nappy	960
parliamentary	960
retrospect	960
shard	960
shes	960
skillful	960
stabs	960
talyn	960
transponder	960
anointed	959
comparable	959
coworker	959
didier	959
kamikaze	959
lmpossible	959
looker	959
meh	959
milestone	959
preeti	959
tablecloth	959
vanguard	959
waxing	959
anson	957
comprehension	957
deceptive	957
determining	957
diminish	957
doesnt	957
druid	957
enroll	957
erected	957
expiration	957
fixer	957
fondness	957
fulfillment	957
iguana	957
kendrick	957
landings	957
petrie	957
segregation	957
snoopy	957
tempest	957
voss	957
annabeth	956
cavendish	956
exiting	956
hobbes	956
izumi	956
kleenex	956
lowers	956
mongol	956
nos	956
packer	956
pogue	956
pores	956
sisterhood	956
stepson	956
thinkers	956
wobble	956
aliases	954
aristocratic	954
backdoor	954
bilal	954
boing	954
capsules	954
celebrates	954
corkscrew	954
figs	954
flatten	954
gregorio	954
playbook	954
policing	954
respiration	954
suki	954
versatile	954
wakefield	954
beatriz	953
daren	953
dias	953
foghorn	953
gusto	953
libel	953
lourdes	953
mayfair	953
pappu	953
psychologists	953
sandi	953
scorned	953
banshee	951
chit	951
critter	951
galapagos	951
mistreated	951
mockingbird	951
nando	951
referendum	951
rube	951
sacrament	951
scot	951
shears	951
starch	951
tremors	951
uhhh	951
vastly	951
vitality	951
agha	950
alia	950
birdsong	950
blanco	950
bureaucrats	950
complement	950
cornerstone	950
geetha	950
indy	950
juarez	950
lesions	950
liftoff	950
pendulum	950
rapport	950
spokesperson	950
statistical	950
tinny	950
uplifting	950
warhol	950
williamson	950
wiz	950
zeal	950
acne	948
anchored	948
antibodies	948
bawling	948
buford	948
canning	948
collaborator	948
cordial	948
crowing	948
ebony	948
homophobic	948
kellerman	948
landline	948
ouija	948
portray	948
scratchy	948
slingshot	948
submissive	948
torque	948
traci	948
ageing	947
antlers	947
axle	947
brochures	947
chadwick	947
checkpoints	947
chummy	947
crete	947
critically	947
embryos	947
girdle	947
goldilocks	947
janelle	947
malls	947
minerva	947
otherworldly	947
parcels	947
protectors	947
prussian	947
winifred	947
amethyst	945
blockbuster	945
bose	945
collided	945
decreased	945
decreed	945
forceful	945
infidel	945
invoices	945
iodine	945
lieu	945
mir	945
prussia	945
roc	945
rogelio	945
smog	945
wart	945
wildfire	945
adoptive	944
calais	944
clout	944
duffel	944
expires	944
gandalf	944
hairline	944
hassling	944
karina	944
lakers	944
limelight	944
mau	944
mj	944
scruffy	944
shafts	944
theatres	944
wreak	944
autographed	942
backfired	942
conniving	942
consultants	942
coveted	942
deportation	942
flagship	942
hasten	942
objected	942
oda	942
ofthem	942
parmesan	942
pumpkins	942
sicko	942
stead	942
teamed	942
tunisia	942
vida	942
vive	942
assembling	941
astute	941
bonner	941
bulldozer	941
flunk	941
gp	941
hep	941
heretics	941
hormonal	941
imbalance	941
priesthood	941
ridiculed	941
stapler	941
tins	941
towering	941
tranquil	941
wallow	941
whoring	941
akash	940
allez	940
aurelie	940
bla	940
blended	940
catwoman	940
conjugal	940
croaking	940
crusty	940
faxed	940
gertie	940
imprison	940
incognito	940
jenner	940
laverne	940
leviathan	940
mindset	940
rhubarb	940
safekeeping	940
sparkles	940
specified	940
triage	940
workmen	940
yorkers	940
anthropology	938
beamed	938
cleverly	938
ecuador	938
gladstone	938
gordy	938
greyhound	938
hermione	938
jacking	938
luscious	938
overlap	938
particulars	938
placenta	938
roost	938
spouses	938
unforeseen	938
unspoken	938
augusto	937
coachman	937
dainty	937
daley	937
embarked	937
escalate	937
foyer	937
inhabit	937
inhibitions	937
knave	937
miser	937
palette	937
rant	937
rarest	937
serenade	937
stills	937
tiki	937
trask	937
uday	937
wiedersehen	937
worshipping	937
zion	937
atwood	935
batty	935
billboards	935
cheon	935
coordinating	935
deejay	935
dinars	935
disobeying	935
downer	935
foxtrot	935
holli	935
implication	935
keats	935
leblanc	935
lis	935
manchuria	935
migraines	935
nike	935
participant	935
raph	935
renato	935
rizzoli	935
sabre	935
scholarships	935
senpai	935
sous	935
spoiler	935
superstitions	935
urinate	935
wisest	935
avalon	934
baja	934
barbeque	934
cally	934
connoisseur	934
craigslist	934
diners	934
displaying	934
dutchy	934
inadmissible	934
mixes	934
mutations	934
radioactivity	934
scrotum	934
smoother	934
woodstock	934
addie	932
automobiles	932
birdy	932
breakers	932
coincidentally	932
comanche	932
conform	932
dazed	932
deactivated	932
defies	932
degraded	932
devereaux	932
fazio	932
horseshoe	932
huxley	932
ingested	932
lund	932
mamie	932
miserably	932
ofa	932
overwhelm	932
pathways	932
roddy	932
sailboat	932
tahoe	932
vidal	932
watchdog	932
acupuncture	931
blot	931
constitute	931
cossacks	931
delinquents	931
displeased	931
eyeing	931
haynes	931
heathrow	931
hells	931
kayo	931
keane	931
koichi	931
loosely	931
nannies	931
prawn	931
reduces	931
runny	931
tot	931
calhoun	929
canvassing	929
clamps	929
conceivable	929
conjunction	929
dede	929
entangled	929
exalted	929
exited	929
gander	929
heo	929
hordes	929
ibiza	929
misread	929
moshe	929
necktie	929
royals	929
scheduling	929
sexes	929
stumped	929
undressing	929
vaccines	929
vomits	929
chien	928
clerical	928
confucius	928
dawkins	928
enlarge	928
gash	928
grubby	928
holders	928
intolerant	928
malfunctioning	928
mangled	928
nautical	928
neurologist	928
pesticides	928
privates	928
pushover	928
reconciled	928
sao	928
shimmering	928
tackled	928
twelfth	928
urinal	928
wag	928
apostle	926
bastille	926
bluebird	926
bowled	926
brotherly	926
calligraphy	926
camaro	926
euphoria	926
ignited	926
jessup	926
nationalist	926
retake	926
shagged	926
solstice	926
temperance	926
therein	926
asuka	925
beavers	925
byrd	925
clingy	925
documentaries	925
eoraha	925
eren	925
frisk	925
gymnasium	925
insulation	925
jordi	925
outhouse	925
scones	925
shakira	925
splinters	925
storyteller	925
subscribe	925
swirl	925
tingle	925
appliance	923
astro	923
buzzed	923
bystander	923
consummate	923
cruelly	923
draught	923
gopher	923
hing	923
lp	923
marcella	923
paola	923
raptor	923
reprimand	923
taint	923
vigilance	923
yuu	923
appendicitis	922
australians	922
befriend	922
busan	922
cashing	922
choreographer	922
condos	922
countenance	922
empowered	922
foretold	922
indianapolis	922
indict	922
interacting	922
jails	922
leary	922
massively	922
neutralized	922
obliterated	922
outlive	922
ph	922
sachs	922
syracuse	922
tatsuya	922
zhong	922
admin	920
airship	920
ake	920
astral	920
bagpipes	920
bulkhead	920
clasp	920
constituents	920
contingent	920
delicately	920
dialogues	920
dimples	920
fife	920
illuminate	920
manoeuvre	920
mea	920
pimples	920
precarious	920
pus	920
renal	920
sic	920
topside	920
ur	920
vane	920
burkhalter	919
equilibrium	919
flimsy	919
harpoon	919
phases	919
photographing	919
pimping	919
rei	919
relentlessly	919
torments	919
vocalist	919
wesen	919
yul	919
antiquities	918
baddest	918
burglaries	918
canisters	918
chipping	918
corona	918
flicks	918
frostbite	918
jetson	918
joni	918
kath	918
linc	918
mes	918
mortgages	918
nami	918
plumbers	918
selim	918
silvio	918
teeming	918
tsai	918
wilkinson	918
workforce	918
wrestlers	918
yearly	918
alleyway	916
ciro	916
dermot	916
desist	916
disliked	916
dissect	916
doggett	916
ejected	916
fowl	916
jb	916
physique	916
recount	916
rune	916
showbiz	916
sparta	916
stirling	916
sutra	916
vo	916
abetting	915
afoot	915
aram	915
cassio	915
chrysler	915
engagements	915
feral	915
fide	915
hague	915
haters	915
hobbit	915
irreversible	915
manon	915
milner	915
offences	915
remarry	915
reportedly	915
sixes	915
stacking	915
stifling	915
beverages	913
brokers	913
catapult	913
chimpanzees	913
chowder	913
coated	913
coherent	913
curd	913
delenn	913
fennel	913
formations	913
gambit	913
gushing	913
jerked	913
josiah	913
kimber	913
laborers	913
lavinia	913
leann	913
lill	913
mistrust	913
neo	913
newsreel	913
peddling	913
questionnaire	913
retches	913
saheb	913
sedatives	913
selecting	913
shoppers	913
varieties	913
butthole	912
ceilings	912
coldest	912
cossack	912
cuddling	912
expeditions	912
ft	912
helplessness	912
instability	912
ketamine	912
layman	912
nosebleed	912
policewoman	912
satchel	912
yuka	912
airing	910
bundles	910
eyre	910
firstborn	910
flanagan	910
goethe	910
gory	910
haywire	910
hildy	910
hodge	910
hypnotize	910
kanye	910
lestrade	910
luckier	910
mathis	910
peruvian	910
pippa	910
pryor	910
rallies	910
rouse	910
socialize	910
beckham	909
beet	909
citation	909
faceless	909
finely	909
fraudulent	909
grange	909
grownup	909
handsomely	909
hatter	909
kaleido	909
kaori	909
laceration	909
lovemaking	909
minh	909
nitwit	909
nt	909
periscope	909
shimmy	909
sutures	909
venison	909
abrams	907
alina	907
arf	907
ascent	907
cited	907
destitute	907
flak	907
flirty	907
frobisher	907
homeworld	907
hoodlum	907
hoshi	907
inclination	907
reinforcement	907
shielding	907
shrew	907
taunt	907
toothpick	907
vasco	907
wankers	907
adapting	906
amplified	906
cheeseburgers	906
consumes	906
creamed	906
deliverance	906
dispersed	906
expo	906
geeta	906
gramophone	906
heats	906
immortals	906
intellectually	906
milena	906
necessities	906
nifty	906
ninny	906
noooo	906
piracy	906
pretense	906
seam	906
unwelcome	906
acquiring	904
ambient	904
brant	904
broader	904
cloned	904
coincidental	904
deux	904
duce	904
fairbanks	904
fairest	904
guinevere	904
hartford	904
hou	904
illustrate	904
internationally	904
katja	904
kellogg	904
offends	904
radcliffe	904
rhinoceros	904
sandhya	904
snatching	904
socialists	904
sorely	904
southampton	904
anxiously	903
bebop	903
blimp	903
chillin	903
crematorium	903
donaldson	903
lal	903
leopards	903
misfortunes	903
municipality	903
papaya	903
partition	903
pestilence	903
podcast	903
prickly	903
puma	903
sheryl	903
slaying	903
trenton	903
troublemakers	903
unruly	903
yagyuu	903
cissy	901
craftsman	901
gnarly	901
hanukkah	901
holodeck	901
jurassic	901
khloe	901
mobster	901
saucers	901
skimming	901
snapshot	901
stuntman	901
thom	901
fastened	900
ismail	900
lexus	900
longtime	900
looming	900
reps	900
requisition	900
sander	900
santi	900
tenacious	900
unpacked	900
bewildered	898
centurion	898
chau	898
contented	898
dissertation	898
entice	898
integrate	898
koko	898
nao	898
octave	898
padded	898
pandey	898
plait	898
playmate	898
realising	898
saddled	898
shorthand	898
abolish	897
cabal	897
censor	897
crass	897
eaters	897
einar	897
fatalities	897
lightening	897
norah	897
nostradamus	897
outreach	897
oxy	897
sasuke	897
skippy	897
soaps	897
tanned	897
thickness	897
acorn	896
alana	896
antibiotic	896
aquaman	896
baber	896
bard	896
burlesque	896
cale	896
collaborators	896
craftsmanship	896
desiree	896
gaelic	896
glaring	896
gnomes	896
gutters	896
industrialist	896
maitre	896
mgm	896
motels	896
nicht	896
osiris	896
professionalism	896
proposes	896
remedies	896
sabbatical	896
shana	896
snagged	896
strays	896
alberta	894
arcadia	894
blackness	894
calamari	894
cheaters	894
compares	894
eavesdrop	894
ensuring	894
exclamation	894
fryer	894
golfer	894
manger	894
nomad	894
rectify	894
seniority	894
snotty	894
subterranean	894
sweeten	894
thomson	894
aaaaah	893
clogs	893
cucumbers	893
databases	893
decepticons	893
eruptions	893
experimentation	893
gilly	893
heartily	893
heaviest	893
iook	893
jagged	893
metaphorically	893
milos	893
newfound	893
nhs	893
ovaries	893
protons	893
rasputin	893
relaxes	893
sardine	893
shauna	893
spatial	893
tarek	893
tweed	893
unbalanced	893
av	891
baptiste	891
chaudhary	891
erosion	891
freshwater	891
goldstein	891
hideo	891
joxer	891
leyla	891
marigold	891
masseur	891
mite	891
partied	891
quarantined	891
rallo	891
soph	891
admires	890
approximate	890
ballast	890
clairvoyant	890
compartments	890
configuration	890
cosby	890
darken	890
doh	890
ewan	890
gangway	890
hairpin	890
hanky	890
idly	890
itjust	890
knucklehead	890
montenegro	890
mopping	890
oversized	890
payal	890
pearly	890
pout	890
quiche	890
reactionary	890
rousseau	890
subpoenaed	890
trapper	890
vamp	890
viggo	890
ama	888
angered	888
bragg	888
commissions	888
compiled	888
conflicting	888
heartbeats	888
hortense	888
ingram	888
magnolia	888
mg	888
pero	888
playstation	888
primed	888
sprang	888
stoke	888
unearthed	888
walkie	888
ahab	887
appreciative	887
approves	887
balu	887
bolsheviks	887
frontline	887
grovel	887
gutless	887
habib	887
headset	887
hostiles	887
kasey	887
litre	887
lnspector	887
snowstorm	887
stuffs	887
tami	887
tata	887
transplants	887
urchin	887
utilize	887
ventured	887
vita	887
accuses	885
ans	885
berk	885
contradictions	885
crewman	885
finnegan	885
fondly	885
forger	885
gilda	885
gleaming	885
informs	885
kissinger	885
mansions	885
newsletter	885
pistachio	885
poppins	885
railroads	885
rayyan	885
relinquish	885
standin	885
subordinates	885
truckers	885
yaah	885
analysts	884
baboons	884
chibs	884
crikey	884
daydream	884
ducts	884
gangsta	884
jansen	884
kudos	884
luau	884
mahir	884
michal	884
midgets	884
nix	884
outcasts	884
parades	884
pubes	884
repairman	884
reversing	884
sae	884
schubert	884
shindig	884
simplify	884
snooker	884
southfork	884
sped	884
starfish	884
styling	884
surgically	884
susanne	884
terrorizing	884
whittaker	884
agonizing	882
apex	882
bibi	882
carmel	882
comedies	882
composing	882
congratulated	882
deserters	882
engulfed	882
fetched	882
fibres	882
induction	882
inscribed	882
koi	882
malia	882
systematic	882
terrorized	882
xia	882
abortions	881
ankara	881
congresswoman	881
cosimo	881
flinch	881
garter	881
goddard	881
hourly	881
liquids	881
luxuries	881
miyuki	881
mongolian	881
multinational	881
narration	881
neurosurgeon	881
operas	881
oppressive	881
programmer	881
receptive	881
revoke	881
robo	881
rummy	881
toddy	881
unforgiving	881
bots	879
cmdr	879
counterattack	879
couture	879
glenda	879
gymnast	879
hearth	879
judaism	879
kiwi	879
pail	879
procure	879
rages	879
sacha	879
scaffolding	879
sigmund	879
spud	879
toffee	879
viewpoint	879
wharton	879
airmen	878
anakin	878
avert	878
blossoming	878
booths	878
caterina	878
cellphones	878
cobwebs	878
conveyor	878
decaying	878
gaurav	878
godsend	878
hacks	878
helsing	878
incarceration	878
infallible	878
jammer	878
mumble	878
nobunaga	878
problemo	878
ranges	878
thirds	878
transforms	878
arguably	876
baggy	876
bettina	876
boardroom	876
faa	876
flaunt	876
frye	876
gradient	876
highlighted	876
instantaneous	876
intubate	876
kimball	876
mma	876
paternal	876
proton	876
retrace	876
salinger	876
stockholders	876
stowaway	876
tt	876
ulrich	876
atrocity	875
bangladesh	875
brim	875
chats	875
crouch	875
duster	875
enforcer	875
entree	875
escalating	875
foie	875
halftime	875
hpd	875
ideological	875
isnt	875
mallard	875
nimble	875
planks	875
preached	875
reincarnated	875
rowena	875
sans	875
spender	875
thane	875
thumps	875
tre	875
trumpeting	875
whacking	875
blending	874
cramping	874
ginseng	874
intrepid	874
janus	874
jumpin	874
juniper	874
ligature	874
maxed	874
mystique	874
prism	874
putz	874
reflections	874
regenerate	874
rhett	874
rigsby	874
scarring	874
soulful	874
sundance	874
supremacy	874
swish	874
warlords	874
whoopee	874
aaargh	872
angrier	872
anklets	872
assad	872
attractions	872
bodega	872
callers	872
corned	872
eep	872
fairchild	872
gluten	872
jacko	872
methadone	872
mongols	872
pegs	872
prose	872
rainfall	872
sampling	872
stereotypes	872
therapists	872
vesuvius	872
abuela	871
aoi	871
athos	871
azul	871
centimetres	871
chernobyl	871
commoner	871
corrigan	871
feride	871
gustave	871
hilt	871
implemented	871
inquiring	871
jud	871
justifies	871
lib	871
luxembourg	871
minna	871
montage	871
norse	871
photon	871
reb	871
regionals	871
rumba	871
averted	869
bourgeoisie	869
coils	869
degradation	869
differential	869
endearing	869
eraser	869
exempt	869
freestyle	869
fuentes	869
hammerhead	869
kook	869
monstrosity	869
nomads	869
ozzie	869
patented	869
pawnshop	869
peeps	869
renfield	869
rong	869
sauerkraut	869
slaughtering	869
sonata	869
spheres	869
strides	869
trimmed	869
trinkets	869
ts	869
veritable	869
weakening	869
wildcat	869
bookkeeper	868
dayton	868
dismantled	868
doable	868
fer	868
forefront	868
fray	868
granada	868
groupies	868
indiscreet	868
jumpers	868
khaled	868
mangoes	868
probing	868
siegel	868
svu	868
tarmac	868
uv	868
yoshiko	868
antisocial	866
apparition	866
battled	866
caw	866
correcting	866
criminally	866
economical	866
expedite	866
furnish	866
hallmark	866
holm	866
kinks	866
lute	866
meringue	866
mozzarella	866
nasser	866
negativity	866
pheromones	866
raccoons	866
sachiko	866
scooped	866
shareholder	866
subaru	866
benjy	865
constructing	865
daresay	865
docile	865
escalated	865
humanly	865
loafers	865
miso	865
poignant	865
relieving	865
remanded	865
rotted	865
rubin	865
stahl	865
tether	865
vaudeville	865
accumulate	863
angelique	863
avenging	863
bargained	863
buildup	863
clinically	863
continuation	863
cranking	863
cubby	863
dalia	863
etched	863
flashlights	863
giveaway	863
hazards	863
indonesian	863
irena	863
keeler	863
landlords	863
loon	863
lumberjack	863
oozing	863
paddling	863
paroled	863
registering	863
seiji	863
smokers	863
tenacity	863
vidya	863
violates	863
wheelbarrow	863
whiny	863
whooshes	863
advisory	862
appetites	862
armistice	862
atonement	862
bakersfield	862
baz	862
bristow	862
byrne	862
clowning	862
developers	862
dyin	862
fundraising	862
headstrong	862
kolkata	862
laszlo	862
levin	862
mccormick	862
nak	862
nightstand	862
northwestern	862
prevailed	862
shinichi	862
singsong	862
streetcar	862
taiwanese	862
tightening	862
upped	862
belmont	860
birthing	860
burnin	860
businesswoman	860
daredevil	860
debriefing	860
demonstrates	860
ecological	860
figment	860
goddesses	860
grievance	860
hungover	860
kush	860
leapt	860
megumi	860
minorities	860
ola	860
organizer	860
peddler	860
perfumes	860
punctuality	860
ringleader	860
shelling	860
simulated	860
smalls	860
stagecoach	860
sulphur	860
tal	860
aaa	859
ang	859
anthropologist	859
bungee	859
captives	859
celibacy	859
chloride	859
crippling	859
deviant	859
fashions	859
foresight	859
gunfight	859
hemp	859
hummer	859
idealist	859
inkling	859
jib	859
libido	859
modification	859
musa	859
pensions	859
pests	859
pram	859
registers	859
ressler	859
tantrums	859
barbra	857
blissful	857
breen	857
comical	857
consolidated	857
daunting	857
disagreeable	857
europa	857
gan	857
hanley	857
innate	857
jerrod	857
jimenez	857
moderation	857
moly	857
naps	857
necklaces	857
patents	857
physiological	857
slipstream	857
tr	857
valdez	857
varies	857
viii	857
ware	857
yoke	857
adhere	856
alessandro	856
balboa	856
benefited	856
billiard	856
bingham	856
budding	856
carburetor	856
constipated	856
cooke	856
decently	856
dima	856
dugan	856
expands	856
fixation	856
guantanamo	856
homestead	856
klutz	856
longs	856
loosened	856
outlawed	856
pompey	856
protestants	856
soju	856
suresh	856
traffickers	856
unveiling	856
watergate	856
aftershave	855
aided	855
animosity	855
booted	855
bup	855
burroughs	855
chrissake	855
comatose	855
epileptic	855
glows	855
greets	855
lilac	855
lombard	855
malta	855
marika	855
marwan	855
meteors	855
mowing	855
ocd	855
rockwell	855
whisk	855
yuji	855
altman	853
contention	853
dentures	853
fictitious	853
greats	853
grendizer	853
hadji	853
kelp	853
nobu	853
predatory	853
resin	853
sentries	853
slush	853
swindled	853
tnt	853
atropine	852
brawn	852
chamomile	852
compress	852
emptying	852
fdr	852
navigational	852
pacifist	852
pairing	852
putt	852
quart	852
spirituality	852
spiteful	852
unser	852
wgbh	852
amour	850
aragon	850
associations	850
brainwashing	850
bureaucrat	850
cervical	850
cps	850
dupont	850
embroidery	850
formulas	850
glaze	850
gratifying	850
gui	850
hackett	850
harden	850
helo	850
hoon	850
jiggle	850
poacher	850
porters	850
rammed	850
relocation	850
reputable	850
seer	850
sufferings	850
symbolizes	850
symmetrical	850
tyrants	850
unites	850
valedictorian	850
westen	850
wikipedia	850
wrestled	850
yume	850
ak	849
auctioneer	849
bajoran	849
chiana	849
elemental	849
fixated	849
flickering	849
hellfire	849
juju	849
lurcio	849
mistakenly	849
mothership	849
promotional	849
runaways	849
shielded	849
sumner	849
terrier	849
tweak	849
usable	849
voyages	849
chassis	847
cheeses	847
craters	847
defibrillator	847
disdain	847
hazmat	847
idling	847
incomparable	847
isolde	847
locator	847
merlyn	847
mitts	847
mosaic	847
padding	847
paz	847
receding	847
sickbay	847
sporty	847
turbine	847
tutu	847
underestimating	847
yielded	847
ablaze	846
affinity	846
cardiologist	846
celibate	846
corresponds	846
crowder	846
danni	846
getup	846
gulping	846
hounding	846
illuminated	846
inflamed	846
inflated	846
inverted	846
irv	846
metamorphosis	846
mucus	846
polyester	846
realises	846
rosalind	846
schanke	846
sforza	846
shifty	846
signe	846
snotlout	846
suspiciously	846
tourniquet	846
treading	846
triggering	846
wedlock	846
whitechapel	846
artiste	844
bookshop	844
chevalier	844
doberman	844
giuliano	844
gro	844
highs	844
impotence	844
jus	844
lindbergh	844
mogo	844
muted	844
responsive	844
stepdaughter	844
tambourine	844
tc	844
transient	844
unhand	844
venerable	844
wanton	844
attagirl	843
bajor	843
befall	843
blister	843
bray	843
deteriorating	843
doubly	843
escrow	843
exchanges	843
faust	843
greendale	843
invasive	843
islanders	843
ofhis	843
porcupine	843
psychedelic	843
rots	843
saracen	843
sprinklers	843
supermarkets	843
wimps	843
ajob	841
anterior	841
apricot	841
backfire	841
brisk	841
cai	841
dhs	841
gifford	841
kondo	841
kunal	841
mahogany	841
massey	841
microchip	841
nativity	841
notoriously	841
pac	841
passover	841
spar	841
spidey	841
tokens	841
venomous	841
admissible	840
ailing	840
amin	840
ardent	840
braids	840
bridger	840
caws	840
clitoris	840
detailing	840
jumpsuit	840
magdalene	840
orin	840
patronizing	840
poppa	840
psychos	840
resumed	840
rustles	840
scandinavian	840
specifications	840
standoff	840
stinging	840
triads	840
uther	840
verification	840
woolly	840
bracket	838
brainstorm	838
breakout	838
childress	838
crucifixion	838
cruisers	838
darkened	838
decorum	838
dei	838
gumbo	838
huffs	838
icons	838
ima	838
insidious	838
piranha	838
protagonist	838
pyre	838
ratty	838
scrappy	838
somalia	838
stifled	838
tangerine	838
townspeople	838
tzu	838
watchful	838
zoning	838
airstrip	837
almeida	837
amore	837
applejack	837
ballots	837
bayonets	837
bloc	837
changer	837
chipmunk	837
clog	837
converge	837
decomposition	837
dmitry	837
dreamers	837
paisley	837
raindrops	837
shat	837
taoist	837
tinder	837
voucher	837
wrought	837
algerian	835
backdrop	835
bff	835
buenas	835
counters	835
cuffed	835
deport	835
lien	835
lightman	835
lucio	835
molasses	835
molester	835
optics	835
perps	835
pester	835
qualification	835
repertoire	835
rosebud	835
statutory	835
stoker	835
stomped	835
tolstoy	835
transference	835
waterfalls	835
attachments	834
baltar	834
borneo	834
considerations	834
cranial	834
drastically	834
feasible	834
flourished	834
gospels	834
haw	834
header	834
inhaled	834
marci	834
mastery	834
ngo	834
pokemon	834
priced	834
purified	834
quigley	834
renovations	834
sixties	834
strengthened	834
summoning	834
towing	834
ville	834
agitation	833
armin	833
bilfran	833
escalator	833
fairer	833
glazed	833
heathens	833
indiscretion	833
mcgregor	833
meaner	833
moot	833
nonexistent	833
opus	833
outsmart	833
paulette	833
poncho	833
sheriffs	833
trav	833
undying	833
vino	833
alight	831
barr	831
bartlet	831
beaut	831
charmaine	831
dori	831
downed	831
enema	831
femoral	831
flicker	831
forcefully	831
goto	831
holla	831
krieger	831
mikado	831
overseeing	831
pediatric	831
platt	831
pleas	831
polaroid	831
ransacked	831
rector	831
rosalee	831
shortcomings	831
skyscrapers	831
slacks	831
sparrows	831
stomachache	831
stony	831
wedged	831
weirdness	831
woozy	831
aloof	830
assurances	830
billiards	830
botanical	830
churning	830
cooperated	830
coupe	830
cui	830
dimwit	830
existential	830
extremist	830
faculties	830
gull	830
hanover	830
incorrigible	830
inexcusable	830
infatuation	830
kingpin	830
llama	830
loudest	830
mortgaged	830
nodes	830
nurtured	830
overprotective	830
pastrami	830
plentiful	830
quarreled	830
sixpence	830
subtlety	830
tasked	830
tlhe	830
tremor	830
tuscany	830
wearin	830
burritos	828
drat	828
epa	828
fie	828
flipper	828
hp	828
instructors	828
interferes	828
kristy	828
livingstone	828
racks	828
recklessly	828
scaffold	828
stroking	828
thereof	828
thyroid	828
whiplash	828
yagyu	828
zhan	828
ancestry	827
babcock	827
becks	827
beginners	827
brahms	827
conspirators	827
dictation	827
dramafever	827
euphemism	827
hops	827
infidels	827
liqueur	827
lode	827
mcmanus	827
mullet	827
napalm	827
outbursts	827
pedals	827
protestors	827
ramifications	827
renard	827
shrimps	827
skydiving	827
squeamish	827
steamy	827
tarnished	827
teyla	827
tosser	827
tracer	827
tribeca	827
tripod	827
tris	827
yukiko	827
alleviate	825
avoids	825
blowtorch	825
cheekbones	825
cloaking	825
complicity	825
conservatives	825
crayons	825
departs	825
duds	825
endowed	825
gettysburg	825
meanings	825
quivering	825
rationally	825
veggies	825
bagging	824
bram	824
clemency	824
clutter	824
cob	824
coon	824
endeavour	824
hoses	824
infatuated	824
jackals	824
kishan	824
leona	824
mahmoud	824
mallet	824
tamper	824
tightened	824
anaesthetic	822
assigning	822
cornish	822
gar	822
husky	822
ikea	822
imperialism	822
incapacitated	822
jase	822
juanito	822
nugent	822
plummer	822
pointer	822
precedes	822
prejudices	822
robotics	822
saturated	822
shik	822
shoddy	822
sinai	822
skyscraper	822
smooches	822
strapping	822
suffocation	822
validate	822
amputate	821
apprehension	821
attained	821
bharat	821
boning	821
calibre	821
computing	821
confuses	821
dwyer	821
evidences	821
objectively	821
sanskrit	821
shhhh	821
sprinkler	821
unfairly	821
unused	821
adulthood	819
amjad	819
amorous	819
balkans	819
begone	819
confines	819
cynicism	819
deserting	819
ditches	819
footballer	819
innings	819
lessen	819
luanne	819
lun	819
melodies	819
pesticide	819
pitied	819
reinvent	819
renovated	819
revision	819
robb	819
screwy	819
seedy	819
soulless	819
tuppence	819
waged	819
acquittal	818
anja	818
antiquity	818
banal	818
broadcasts	818
chomping	818
constables	818
coughed	818
crawls	818
custodian	818
cynic	818
dinghy	818
handover	818
hornblower	818
knowles	818
korsak	818
paulson	818
peaked	818
portals	818
punishments	818
reigning	818
rihanna	818
shortcuts	818
sociology	818
unparalleled	818
amazes	816
caresses	816
clipper	816
confesses	816
flowery	816
hastily	816
impressionable	816
jayne	816
launchpad	816
lipton	816
manhole	816
marksman	816
matisse	816
merc	816
nosey	816
ofhere	816
omg	816
petal	816
preferable	816
retrieval	816
stimulus	816
sultry	816
timers	816
transparency	816
vaginas	816
absorbs	815
adalind	815
alluring	815
browsing	815
clad	815
demographic	815
drips	815
foa	815
gondola	815
henson	815
hooters	815
matti	815
pecking	815
rockford	815
schwarzenegger	815
strategically	815
zorn	815
aberdeen	813
adjoining	813
brunt	813
cite	813
cleary	813
disagreements	813
filmmaking	813
forthwith	813
gooey	813
grapevine	813
inaccurate	813
lint	813
luz	813
lyndsey	813
malachi	813
nae	813
occupants	813
oft	813
parachutes	813
periodic	813
piggyback	813
scamp	813
schnell	813
screened	813
seekers	813
shalini	813
simultaneous	813
slacking	813
speculating	813
sponges	813
suffolk	813
womanizer	813
acknowledging	812
anchors	812
bartowski	812
clack	812
declining	812
dobson	812
drafts	812
enlightening	812
gradual	812
impatience	812
ineffective	812
ludo	812
mariko	812
migrants	812
primate	812
protested	812
rena	812
rourke	812
secondhand	812
stooge	812
syllable	812
symbolism	812
terrorize	812
titled	812
utilities	812
verbally	812
wrongdoing	812
adhesive	811
aquarius	811
atari	811
bern	811
bookies	811
chalet	811
congratulation	811
crease	811
disgusts	811
dorrit	811
greenberg	811
kia	811
lout	811
miyamoto	811
nicks	811
pax	811
persuading	811
racked	811
resists	811
revert	811
sarcastically	811
stratton	811
understandably	811
unfolding	811
amend	809
anemia	809
aptitude	809
bello	809
carelessness	809
carina	809
chewy	809
cu	809
daze	809
dekker	809
disbanded	809
dominoes	809
dorky	809
hutchinson	809
icelandic	809
indigo	809
kafka	809
lll	809
mahesh	809
nom	809
ojai	809
ovens	809
recapture	809
simpleton	809
spasm	809
todo	809
trini	809
tweeted	809
candidacy	808
cantor	808
cardassians	808
caribou	808
cockney	808
coliseum	808
dunne	808
foon	808
foreseen	808
gangrene	808
imbeciles	808
lawless	808
muffler	808
negotiable	808
pertaining	808
playa	808
rectum	808
salutations	808
sludge	808
sondra	808
splatter	808
squirm	808
tegan	808
tripe	808
unfulfilled	808
willful	808
zimmerman	808
caracas	806
clemenza	806
contaminate	806
discriminate	806
embraces	806
enclosure	806
flaky	806
gagged	806
grader	806
gully	806
ichabod	806
koto	806
mcneil	806
moldy	806
muad	806
nines	806
spaceships	806
sweeper	806
syllables	806
tabatha	806
warmest	806
warmly	806
wicker	806
bingley	805
buttered	805
decimated	805
deflect	805
docs	805
feeder	805
indulging	805
invader	805
inward	805
kryten	805
lange	805
lanie	805
piety	805
pomp	805
rebelled	805
romances	805
sandbox	805
takeaway	805
wer	805
zapped	805
adorned	803
ailment	803
behead	803
carpool	803
cloths	803
defer	803
forceps	803
jeju	803
legislative	803
mutilation	803
pla	803
quarterly	803
reinstate	803
reliving	803
reopening	803
secretariat	803
shrill	803
topple	803
veg	803
zest	803
assures	802
conspire	802
contagion	802
corrine	802
desertion	802
dollhouse	802
edict	802
egghead	802
farkle	802
fuehrer	802
goatee	802
impetuous	802
notable	802
parading	802
sensibility	802
shalimar	802
simulator	802
sledgehammer	802
stimulated	802
succumbed	802
sustenance	802
temperamental	802
tightrope	802
bibles	800
bulky	800
carelessly	800
eduard	800
endo	800
eugenia	800
gait	800
grisly	800
headway	800
hemlock	800
incinerated	800
lobbying	800
midsomer	800
quint	800
raking	800
salisbury	800
scoops	800
sneezed	800
sono	800
stethoscope	800
tigress	800
unscathed	800
zinc	800
academics	799
bigelow	799
bonanza	799
boyz	799
burmese	799
commonplace	799
constabulary	799
crick	799
deadlines	799
dieu	799
distasteful	799
egos	799
erickson	799
exclaim	799
farid	799
finlay	799
hookup	799
leveled	799
morley	799
nozzle	799
owt	799
patronage	799
prod	799
ranjit	799
resentful	799
somethings	799
strait	799
supersonic	799
vipers	799
xiii	799
aoki	797
aramis	797
attends	797
betel	797
buzzard	797
cancelling	797
citrus	797
cleave	797
crapped	797
darrow	797
dazzled	797
discourse	797
disrespected	797
dogg	797
electra	797
expanse	797
expectancy	797
henshaw	797
jutsu	797
madmen	797
magna	797
marlo	797
needlessly	797
overcoming	797
philanthropist	797
remo	797
seared	797
singularity	797
truckload	797
typhus	797
unsettled	797
waller	797
wessex	797
yasmin	797
yow	797
artificially	796
athletics	796
barring	796
bridgette	796
cahoots	796
chartered	796
competed	796
contradictory	796
copped	796
cuthbert	796
decidedly	796
dropout	796
faux	796
gecko	796
godson	796
knobs	796
lac	796
noo	796
polk	796
schoolwork	796
spanner	796
thaddeus	796
trois	796
venting	796
audacious	794
barmaid	794
cartilage	794
commendation	794
couscous	794
delores	794
drago	794
enchantment	794
headstone	794
helix	794
hikari	794
icky	794
ina	794
juno	794
madre	794
mucking	794
mumps	794
napa	794
pecan	794
plume	794
reprieve	794
ronda	794
sherri	794
siberian	794
skylight	794
sultana	794
suppression	794
twinkling	794
twittering	794
uhtred	794
zola	794
badminton	793
bolshevik	793
breakin	793
disowned	793
doormat	793
graff	793
guevara	793
halstead	793
idealistic	793
informative	793
karp	793
lander	793
pajama	793
prentice	793
stair	793
suave	793
unmanned	793
yoshioka	793
adorn	791
aku	791
conquests	791
consist	791
differentiate	791
disbelief	791
discontent	791
executor	791
glider	791
gulliver	791
hartmann	791
hoarding	791
hurdles	791
hydrant	791
inquisitor	791
leans	791
leases	791
leonid	791
perversion	791
pronunciation	791
racehorse	791
raceman	791
scallop	791
shadowy	791
slashing	791
slaving	791
twas	791
tyrell	791
vaughan	791
baseline	790
breezy	790
capped	790
converts	790
crackhead	790
deja	790
deter	790
eluded	790
erasing	790
ifhe	790
knowwhat	790
landmarks	790
lioness	790
merging	790
mogul	790
neighbouring	790
outback	790
overthere	790
paella	790
pbs	790
piccadilly	790
pleasantly	790
ponds	790
primates	790
prius	790
puffed	790
quan	790
robson	790
satomi	790
shotguns	790
sided	790
simeon	790
squaw	790
ter	790
tetsu	790
tupac	790
upholstery	790
veranda	790
aron	789
balthazar	789
blackwell	789
bosnian	789
brahma	789
bumpkin	789
dawning	789
droning	789
emit	789
enoch	789
fernand	789
gant	789
gunter	789
insightful	789
katharine	789
kibbutz	789
laborer	789
letty	789
likeable	789
moonlighting	789
prancing	789
rancid	789
scorsese	789
setbacks	789
stockbroker	789
trouser	789
velcro	789
whatyou	789
wherein	789
zhaan	789
bellevue	787
bryn	787
dams	787
eleventh	787
enzymes	787
geraldo	787
grotto	787
hahn	787
pt	787
santini	787
tatum	787
ummm	787
unconsciously	787
unscrupulous	787
updating	787
vhs	787
vick	787
crises	786
darnley	786
disruptive	786
dov	786
electrodes	786
goulash	786
killjoy	786
lawton	786
littered	786
loathsome	786
payload	786
picnics	786
resembling	786
ruffian	786
singsongy	786
sunburn	786
supplemental	786
tartar	786
barbados	784
blackpool	784
brainy	784
bung	784
carte	784
downton	784
franc	784
grappling	784
haruko	784
hater	784
hourglass	784
meteorites	784
misfits	784
mobilized	784
molesting	784
mover	784
pasty	784
patrik	784
solitaire	784
strumming	784
suze	784
turnaround	784
apparel	783
batgirl	783
brava	783
chaney	783
coincide	783
combs	783
drivel	783
gatherings	783
gawd	783
ged	783
honky	783
hummus	783
lia	783
looney	783
maniacal	783
mariah	783
memos	783
microfilm	783
mockingly	783
ordnance	783
ponce	783
resorts	783
rodgers	783
sediment	783
solange	783
squint	783
tyrannosaurus	783
vips	783
voltaire	783
amputation	781
bustle	781
cloaked	781
constituency	781
deluca	781
exhibited	781
golem	781
jaclyn	781
jockeys	781
khalil	781
plagues	781
proudest	781
regimen	781
sandstorm	781
sapiens	781
setsuko	781
squander	781
toru	781
vickie	781
yanking	781
blakely	780
blinked	780
bloomed	780
creators	780
despises	780
destinies	780
extracting	780
flavours	780
francoise	780
genji	780
gouge	780
hitchhiking	780
huntley	780
lashed	780
legislature	780
lows	780
lynda	780
masterpieces	780
otters	780
ove	780
pooper	780
positioning	780
purification	780
spector	780
squishy	780
stigma	780
storytelling	780
strenuous	780
toasting	780
uniting	780
xiu	780
afro	778
arya	778
babette	778
balki	778
banger	778
biologically	778
caspar	778
centipede	778
computerized	778
curiously	778
fresher	778
interactions	778
kasper	778
liven	778
matthias	778
nintendo	778
orgies	778
outdone	778
pantyhose	778
perpetrated	778
saab	778
scavengers	778
stavros	778
stickler	778
ulcers	778
vickers	778
warns	778
wasteful	778
arses	777
bitchin	777
blueberries	777
bugsy	777
cartons	777
cheapskate	777
daedalus	777
edema	777
exceeds	777
feudal	777
frisco	777
guerrero	777
humbug	777
kaya	777
kaz	777
kowloon	777
moronic	777
null	777
ovation	777
overbearing	777
paradigm	777
patriarch	777
plunger	777
rancher	777
rosenberg	777
sakamoto	777
semper	777
sportsman	777
structured	777
tongs	777
toupee	777
visor	777
arterial	775
chutney	775
deo	775
douse	775
dupree	775
explicitly	775
givens	775
guten	775
henchman	775
hisself	775
horsey	775
hummingbird	775
interrogations	775
intestinal	775
kaboom	775
launder	775
methodical	775
molest	775
ooze	775
proletariat	775
prowling	775
rasmus	775
recollect	775
riggins	775
saver	775
scuffle	775
spaz	775
thayer	775
tootsie	775
undertaken	775
yolk	775
amazons	774
angelus	774
angola	774
bearable	774
beehive	774
chechnya	774
copernicus	774
covet	774
desdemona	774
elroy	774
finite	774
frontiers	774
gatsby	774
gazebo	774
kiyoshi	774
korra	774
lull	774
luring	774
marys	774
mathews	774
monogamous	774
mortis	774
nascar	774
nautilus	774
petersen	774
platypus	774
pringle	774
ranchers	774
recluse	774
refuel	774
remnant	774
ric	774
skyline	774
smirk	774
spotter	774
tonto	774
travesty	774
veronika	774
waging	774
wretches	774
affiliated	772
analysed	772
beaucoup	772
blockage	772
coasters	772
commodities	772
dumont	772
haas	772
landscaping	772
laughingstock	772
mayans	772
navajo	772
omer	772
pleasurable	772
routed	772
sandrine	772
seeming	772
smithsonian	772
tush	772
unknowingly	772
uns	772
ventriloquist	772
yams	772
astor	771
bunkers	771
cannae	771
christened	771
consisted	771
doings	771
embalming	771
exercised	771
hercule	771
hinting	771
hol	771
johansson	771
politeness	771
quotation	771
reimburse	771
revolve	771
rsvp	771
screenwriter	771
scylla	771
stalks	771
supplements	771
torrance	771
ugo	771
uncalled	771
unfounded	771
virile	771
visiontext	771
winking	771
woodhouse	771
battering	770
cecily	770
celebratory	770
crud	770
debauchery	770
demeaning	770
extort	770
hankmed	770
hipster	770
identifies	770
individuality	770
insignia	770
jangling	770
loin	770
mercilessly	770
moritz	770
mork	770
motivational	770
nominations	770
patching	770
pate	770
phineas	770
plucking	770
puta	770
raider	770
reels	770
spotty	770
tranquilizers	770
triangles	770
upto	770
anklet	768
broaden	768
compost	768
cosmopolitan	768
employing	768
expressive	768
gook	768
halle	768
hoskins	768
hurled	768
macabre	768
migrate	768
obtaining	768
pino	768
riffraff	768
sass	768
singled	768
surly	768
toured	768
toxie	768
validation	768
varnish	768
wack	768
adjutant	767
adventurers	767
buzzers	767
cannibalism	767
chimneys	767
demetrius	767
embroidered	767
flogged	767
furlough	767
gimp	767
gonorrhea	767
hibernation	767
mortars	767
nefarious	767
nome	767
overpower	767
paprika	767
pickin	767
piston	767
reluctance	767
rioting	767
shakti	767
sharif	767
sia	767
swabs	767
yields	767
boathouse	765
breeder	765
brimstone	765
chilton	765
condemning	765
cookin	765
credited	765
disintegrate	765
eights	765
endgame	765
ethereal	765
evading	765
farmland	765
fouled	765
gautam	765
inger	765
jafar	765
manageable	765
margherita	765
mouthpiece	765
phonograph	765
preferences	765
reflective	765
sizzle	765
whitmore	765
workload	765
alaric	764
antwerp	764
armadillo	764
arming	764
bittersweet	764
carnations	764
compadre	764
concorde	764
defenceless	764
farrah	764
hairless	764
iranians	764
lawns	764
magpie	764
manta	764
memoir	764
narcissist	764
pleads	764
plunging	764
prowler	764
reappear	764
regulated	764
sarin	764
scissor	764
sig	764
sponsoring	764
tanked	764
tusk	764
undisturbed	764
wealthiest	764
whisperer	764
alterations	762
attentions	762
ayesha	762
chae	762
coating	762
crafted	762
crunches	762
fable	762
fabrication	762
felton	762
halliwell	762
impersonate	762
impromptu	762
ljust	762
mediocrity	762
metric	762
nog	762
photocopy	762
printers	762
pryce	762
rims	762
salamander	762
scurvy	762
seatbelts	762
sedation	762
striptease	762
succubus	762
suppressing	762
yukon	762
zapata	762
barracuda	761
bumble	761
conga	761
daniella	761
frm	761
huddled	761
hyeon	761
incarnation	761
kiera	761
liberator	761
lighted	761
maxime	761
mirza	761
misbehave	761
mizuno	761
parma	761
racking	761
repetitive	761
rotary	761
shimizu	761
shined	761
soliciting	761
stupendous	761
tillman	761
undermining	761
vulcans	761
alaskan	759
amuses	759
chronicles	759
cobalt	759
decked	759
devouring	759
diddle	759
ducats	759
emancipation	759
enthusiast	759
fatality	759
forthat	759
happend	759
harmonious	759
headman	759
interactive	759
jailhouse	759
kooky	759
lidocaine	759
noi	759
pinning	759
pouting	759
restrict	759
rudely	759
scorpius	759
scour	759
shih	759
virgo	759
whereby	759
aimlessly	758
bulging	758
calendars	758
classrooms	758
craftsmen	758
erwin	758
firefight	758
grog	758
gugu	758
harv	758
hepburn	758
hothead	758
ijust	758
infiltration	758
kaitlin	758
kohl	758
ladybug	758
leia	758
linens	758
lukewarm	758
midas	758
monogamy	758
pooping	758
pulpit	758
purged	758
rousing	758
steered	758
wherefore	758
wholeheartedly	758
wynonna	758
advisers	756
archaic	756
demeanor	756
destinations	756
dissection	756
falter	756
fremont	756
iceman	756
lazar	756
louisville	756
minion	756
opie	756
paulina	756
reactors	756
realistically	756
sentient	756
thrift	756
ultraman	756
uninhabited	756
uploading	756
windscreen	756
yourfather	756
broots	755
creeper	755
dade	755
delko	755
disappearances	755
disbarred	755
disconnects	755
eee	755
eppes	755
fathered	755
gr	755
inspecting	755
mcgrath	755
posterior	755
rackets	755
shel	755
shoveling	755
sideline	755
smythe	755
snapper	755
stace	755
stryker	755
tote	755
trailers	755
unveil	755
waltzing	755
wheezes	755
willed	755
autonomy	753
binky	753
caro	753
chekov	753
cronies	753
crusades	753
dysentery	753
feline	753
felons	753
handwritten	753
harcourt	753
insistence	753
jas	753
lunacy	753
mnh	753
nadya	753
nous	753
township	753
vegeta	753
vetted	753
warring	753
whiter	753
alla	752
aussie	752
bacchus	752
bhavani	752
buggered	752
cemeteries	752
chrissie	752
drowsy	752
fluorescent	752
footwear	752
frauds	752
freda	752
konrad	752
mcleod	752
mindful	752
nutmeg	752
oona	752
overture	752
pasa	752
pretender	752
rami	752
sawmill	752
shunned	752
tolliver	752
tuan	752
westinghouse	752
aversion	750
bathhouse	750
circuitry	750
conning	750
correlation	750
derelict	750
eames	750
elwood	750
embodiment	750
excavated	750
gripping	750
hatching	750
hideaway	750
jamison	750
kaput	750
lends	750
marshes	750
mcnulty	750
mongoose	750
overturn	750
pinkerton	750
powerhouse	750
rapunzel	750
recommends	750
turquoise	750
twila	750
anvil	749
aquatic	749
avenues	749
baroque	749
carvings	749
catwalk	749
confederacy	749
darkroom	749
depict	749
harms	749
inaccessible	749
jangle	749
lahore	749
lingers	749
livingston	749
lorena	749
maximize	749
mediation	749
nuremberg	749
sikes	749
spaceman	749
systolic	749
tater	749
terrify	749
tots	749
visuals	749
arbor	748
belize	748
bestseller	748
cesspool	748
cheney	748
futon	748
hangout	748
hazing	748
headin	748
kes	748
larrabee	748
mariachi	748
melancholic	748
messer	748
nudist	748
saltwater	748
salve	748
tournaments	748
tweedle	748
ventures	748
westchester	748
als	746
ambience	746
austrians	746
castrated	746
congressmen	746
deposed	746
enabling	746
entirety	746
flog	746
genital	746
gripped	746
hella	746
leisurely	746
loafer	746
mis	746
olds	746
opted	746
pickings	746
picturesque	746
pivotal	746
preserves	746
signaling	746
sil	746
sleepin	746
surfboard	746
thermostat	746
unis	746
accelerant	745
alyosha	745
arty	745
capricorn	745
caressing	745
clipboard	745
electrified	745
flagpole	745
footwork	745
gaz	745
gennaro	745
grouse	745
hinge	745
houseboat	745
incubator	745
jot	745
konstantin	745
methinks	745
miko	745
mohawk	745
nigerian	745
pave	745
promiscuous	745
satya	745
seminars	745
swahili	745
vaccinated	745
awkwardly	743
blindsided	743
bod	743
caption	743
carlito	743
catdog	743
chickened	743
chiropractor	743
confound	743
demonstrators	743
ders	743
dispensary	743
hogging	743
incite	743
iraqis	743
megaphone	743
mugger	743
nutcracker	743
ramses	743
shortened	743
tackling	743
tundra	743
turds	743
unjustly	743
abbs	742
balances	742
budgets	742
cabana	742
cato	742
civilisations	742
clung	742
cyst	742
dismembered	742
extracurricular	742
hangers	742
illustrations	742
laughable	742
leipzig	742
lemur	742
orry	742
perchance	742
porterhouse	742
prob	742
renovating	742
unification	742
vilma	742
bogged	740
boudoir	740
caligula	740
collarbone	740
crayon	740
deduce	740
dynamo	740
extremities	740
familiarity	740
fernanda	740
frustrations	740
hakim	740
hanne	740
hinted	740
housemaid	740
jarrod	740
lithuania	740
motif	740
omens	740
perrin	740
pfeiffer	740
pom	740
pullman	740
reeds	740
shipwrecked	740
somerset	740
sponsorship	740
suis	740
transformers	740
apophis	739
assorted	739
druids	739
dwells	739
falcone	739
finalize	739
gul	739
mounts	739
nishi	739
overdone	739
pedicure	739
popov	739
publications	739
pym	739
seaboard	739
tubs	739
unplugged	739
varun	739
whitley	739
yui	739
anchorage	737
ashby	737
capitalists	737
captivated	737
cavities	737
chlamydia	737
cyndi	737
damning	737
disinfectant	737
doolittle	737
dreading	737
fifties	737
finalized	737
foothold	737
gruntlng	737
immaterial	737
kinetic	737
krystal	737
loom	737
mope	737
mormons	737
postage	737
rothschild	737
saddened	737
stainless	737
storybrooke	737
superstars	737
trolling	737
turnips	737
umberto	737
webs	737
whitehead	737
akemi	736
alienated	736
ascended	736
bannerman	736
barnabas	736
blackburn	736
bodie	736
childs	736
debit	736
dimple	736
dips	736
displacement	736
grasped	736
harlow	736
hoes	736
holliday	736
lovey	736
mays	736
molding	736
monotonous	736
myles	736
newsstand	736
nucky	736
satoshi	736
shrouded	736
signify	736
symposium	736
tidied	736
wop	736
advisable	734
cinematic	734
competence	734
djaro	734
effie	734
ephraim	734
feats	734
homely	734
hungarians	734
madder	734
midlife	734
overpriced	734
parishioners	734
ry	734
saiyan	734
scribbling	734
sienna	734
skateboarding	734
slumming	734
sniffed	734
suzette	734
tapioca	734
undermined	734
vineyards	734
whimper	734
zit	734
battalions	733
beaks	733
bucking	733
choosy	733
cocked	733
crapper	733
defiled	733
dolce	733
ec	733
enslave	733
flabby	733
heathcliff	733
kelley	733
koch	733
langford	733
megazord	733
motorcade	733
narcotic	733
paraguay	733
perched	733
repellent	733
sleek	733
spartans	733
vics	733
vividly	733
bleeps	731
blogs	731
carpenters	731
cascade	731
classification	731
cramer	731
dented	731
dunkirk	731
easton	731
economically	731
eloping	731
esperanza	731
esquire	731
evaporate	731
frees	731
gilroy	731
heroics	731
injun	731
judi	731
mew	731
mookie	731
nitrous	731
regrettably	731
remodeling	731
rie	731
shabbat	731
unsuitable	731
vouchers	731
wagging	731
walled	731
winger	731
winona	731
withdrawals	731
catchphrase	730
confounded	730
crowding	730
cupboards	730
dwellers	730
everglades	730
faruk	730
fib	730
fizz	730
fusco	730
haircuts	730
hoarse	730
kinch	730
manifests	730
myriad	730
ofthat	730
oldie	730
overdid	730
pardons	730
pelham	730
recognizable	730
roomie	730
seawater	730
subconsciously	730
wetting	730
agility	728
consenting	728
corrupting	728
domesticated	728
eveyone	728
filippo	728
flamenco	728
hardball	728
inflate	728
ir	728
kinney	728
molded	728
mph	728
oates	728
pane	728
panzer	728
rakesh	728
reena	728
repugnant	728
reston	728
rodolfo	728
supple	728
trachea	728
winery	728
ails	727
bigot	727
bitte	727
cheaply	727
dahl	727
devotee	727
drax	727
entrails	727
ester	727
fido	727
flocks	727
formaldehyde	727
foundry	727
gesundheit	727
gunnery	727
hayashi	727
judea	727
keepsake	727
kilt	727
liquidate	727
mycroft	727
niklas	727
orhan	727
outcomes	727
prepaid	727
reassurance	727
romi	727
stepan	727
trillions	727
versed	727
villager	727
wordy	727
allahu	726
alternating	726
autonomous	726
awry	726
batmobile	726
bedbugs	726
coax	726
cometh	726
commissary	726
cr	726
detach	726
distinguishing	726
freshness	726
goya	726
hopin	726
kalle	726
lashing	726
lorenz	726
matsumoto	726
morph	726
mumbo	726
ontario	726
osbourne	726
outnumber	726
preceded	726
radley	726
sorrowful	726
spooks	726
tilted	726
unbroken	726
veiled	726
volker	726
zillion	726
accommodating	724
ariadne	724
bettie	724
cellars	724
chopra	724
chuen	724
debacle	724
drab	724
ethiopian	724
exonerated	724
fastball	724
gleason	724
gutierrez	724
impractical	724
junko	724
knowed	724
letterman	724
manuals	724
morsel	724
musically	724
nawab	724
nymph	724
reputations	724
roughed	724
samar	724
sima	724
sown	724
springsteen	724
sternum	724
subatomic	724
sunsets	724
tonino	724
tweezers	724
zora	724
apologising	723
bapu	723
befriended	723
bequeath	723
clacks	723
craves	723
disillusioned	723
eldridge	723
enticing	723
fabrizio	723
fletch	723
gloating	723
gust	723
halted	723
healey	723
hymie	723
ibn	723
insecurities	723
irritation	723
karol	723
lubricant	723
makings	723
martyrdom	723
monterey	723
overdosed	723
pivot	723
sandal	723
satoru	723
sergeants	723
simulations	723
soren	723
ultron	723
wilshire	723
yada	723
alphabetical	721
amputated	721
apu	721
archimedes	721
ascending	721
bavarian	721
blackened	721
cafes	721
cami	721
coffers	721
compels	721
crenshaw	721
crepe	721
divides	721
duckula	721
educating	721
empties	721
fingered	721
gpa	721
habitable	721
improvising	721
incantation	721
juana	721
kevlar	721
leniency	721
margaux	721
offset	721
pandas	721
photoshop	721
rams	721
rebelling	721
rendition	721
slugger	721
smarty	721
som	721
squishing	721
tome	721
uri	721
uruguay	721
viscount	721
besieged	720
congratulating	720
cutthroat	720
cyclist	720
drizzle	720
elin	720
ely	720
epitome	720
esp	720
gargoyle	720
gentleness	720
impacted	720
incarnate	720
incinerator	720
insurrection	720
jabbar	720
kerr	720
leapinlar	720
meager	720
millimeters	720
moonlit	720
nappies	720
pontiac	720
replicators	720
reroute	720
seclusion	720
serpents	720
sor	720
tano	720
tranny	720
unanimously	720
wicket	720
akane	718
basing	718
cadence	718
chica	718
davide	718
diff	718
dissolving	718
doa	718
dominguez	718
estrogen	718
falk	718
fleed	718
forthis	718
ght	718
guilders	718
heaving	718
ied	718
impudence	718
kala	718
nazir	718
obeys	718
precedence	718
presumption	718
severide	718
shirin	718
temps	718
trashing	718
ulrik	718
vermouth	718
wesson	718
yoshio	718
althea	717
arduous	717
braves	717
brung	717
consortium	717
dandelion	717
desi	717
economist	717
emp	717
gnawing	717
goalkeeper	717
gohan	717
goosebumps	717
impounded	717
inhalation	717
ludlow	717
netflix	717
ohm	717
rappers	717
raspberries	717
seamen	717
skeeter	717
sockets	717
starred	717
tractors	717
validity	717
ackerman	715
acrobat	715
allure	715
assassinations	715
bubs	715
calloway	715
choy	715
cicely	715
corleone	715
dabble	715
disappointments	715
disrespecting	715
envisioned	715
flemish	715
hone	715
households	715
iga	715
impediment	715
kwok	715
leng	715
malory	715
masculinity	715
mishra	715
misinformed	715
niro	715
peripheral	715
quiver	715
realist	715
rpg	715
shaq	715
stiffs	715
sweatpants	715
twine	715
anika	714
bingum	714
brewed	714
cajun	714
doctored	714
flashbacks	714
giddyup	714
guzman	714
hoard	714
masao	714
merlot	714
milano	714
nita	714
noa	714
pinhead	714
pioneering	714
predecessors	714
primordial	714
psychoanalysis	714
reminisce	714
retards	714
salman	714
saskia	714
scorch	714
seward	714
spares	714
squandered	714
telemetry	714
televised	714
ulla	714
allende	712
apprehensive	712
botany	712
caliph	712
camaraderie	712
chucking	712
claudine	712
collectively	712
cushy	712
fluctuations	712
hennessy	712
highlander	712
inexpensive	712
inherently	712
intrigues	712
misuse	712
morten	712
munchies	712
nanites	712
oj	712
prat	712
precipice	712
prozac	712
relays	712
sodding	712
strategist	712
tripled	712
vandals	712
violette	712
aced	711
anselmo	711
apologizes	711
beyonce	711
blythe	711
bobbing	711
brittas	711
caterpillars	711
closeness	711
disorganized	711
dispenser	711
diwali	711
fillet	711
frolic	711
invulnerable	711
knope	711
koh	711
lasso	711
maximilian	711
mediator	711
memorabilia	711
mightn	711
optimal	711
photogenic	711
recourse	711
redecorating	711
referral	711
sodomy	711
tunic	711
applauded	709
arnaud	709
bleats	709
bleu	709
blight	709
bombarded	709
copilot	709
glutton	709
heung	709
ieyasu	709
mouthwash	709
oren	709
perfectionist	709
picker	709
pitchfork	709
putnam	709
quacking	709
raged	709
sanctum	709
stillness	709
thwarted	709
twentieth	709
unwittingly	709
whirlpool	709
xian	709
yuriko	709
allowances	708
angst	708
armitage	708
attest	708
barrymore	708
columnist	708
davie	708
eonni	708
feminism	708
fiends	708
gaff	708
geographical	708
inhumane	708
innuendo	708
jeepers	708
jian	708
lobes	708
loosing	708
madsen	708
mather	708
molotov	708
overdrive	708
piotr	708
poppin	708
priory	708
retina	708
schoolyard	708
sluice	708
suntan	708
tandem	708
teleportation	708
tireless	708
trimming	708
unresponsive	708
vadim	708
wheeled	708
bilbo	706
chatsworth	706
comer	706
counterpart	706
felice	706
flyin	706
gim	706
groomed	706
grumble	706
hemorrhoids	706
infamy	706
infuriating	706
karsten	706
misinterpreted	706
montalbano	706
node	706
og	706
philips	706
phipps	706
rejoicing	706
renzo	706
res	706
siam	706
suspenders	706
sutherland	706
swelled	706
thruster	706
uzi	706
wikileaks	706
wooster	706
accountability	705
boozing	705
corday	705
croatian	705
dishonesty	705
florian	705
gutsy	705
hatcher	705
heywood	705
ichiro	705
instinctive	705
kipling	705
martino	705
masako	705
misconception	705
nath	705
nordic	705
sanna	705
saree	705
sei	705
sleepyhead	705
soapy	705
solvent	705
spoonful	705
thatyou	705
tiptoe	705
undergone	705
workshops	705
zu	705
ambrosia	704
aztecs	704
batista	704
belittle	704
biceps	704
bluetooth	704
caterers	704
chews	704
chiaki	704
chromosome	704
classify	704
cog	704
cokes	704
exports	704
figuratively	704
gardeners	704
haji	704
impersonal	704
inoue	704
leda	704
reinhardt	704
sieve	704
thang	704
trickle	704
bolder	702
candlestick	702
capricious	702
carney	702
chappelle	702
earpiece	702
finney	702
flogging	702
gert	702
gisborne	702
horne	702
hoyle	702
lodger	702
mundo	702
oedipus	702
ong	702
poly	702
renounced	702
rockers	702
sgt	702
smithy	702
spasms	702
tibia	702
unrequited	702
wooing	702
yuuki	702
zeroes	702
zimmer	702
akiyama	701
bankroll	701
beowulf	701
biryani	701
cellmate	701
checkin	701
chemically	701
combines	701
corbin	701
corcoran	701
drape	701
editions	701
fanatical	701
glades	701
goodie	701
guerilla	701
hannes	701
illuminating	701
imagines	701
impaled	701
judiciary	701
largo	701
masa	701
nara	701
newsroom	701
nissan	701
noggin	701
nothings	701
patrolman	701
pulsating	701
richness	701
rollie	701
romana	701
sideburns	701
smut	701
sprinkled	701
squadrons	701
tamsin	701
treaties	701
tupperware	701
valjean	701
appraisal	699
belch	699
bois	699
compatriots	699
cong	699
conn	699
constellations	699
dulcinea	699
evaluations	699
fausto	699
filtered	699
flourishing	699
galore	699
grouchy	699
idiocy	699
imogen	699
impoverished	699
incurred	699
inter	699
invariably	699
kal	699
kareem	699
kerrigan	699
kunta	699
laos	699
loaves	699
maimed	699
maltese	699
pellet	699
pomegranate	699
porthos	699
quince	699
rotterdam	699
segments	699
springing	699
stepmom	699
stools	699
superfluous	699
surrey	699
thrives	699
toshio	699
unguarded	699
vagrant	699
abductions	698
adept	698
attica	698
bayliss	698
carne	698
corals	698
crumbled	698
cully	698
depravity	698
drafting	698
drumroll	698
drunkenness	698
enigmatic	698
ensured	698
eons	698
equinox	698
estimation	698
fluttershy	698
grundy	698
mounds	698
paychecks	698
plantations	698
quacks	698
shibuya	698
solly	698
toulouse	698
trinket	698
withers	698
absinthe	696
aeroplanes	696
bountiful	696
busier	696
colds	696
couriers	696
definitively	696
discrepancy	696
estonia	696
fresco	696
gendarmes	696
lauderdale	696
lunchbox	696
mares	696
mauled	696
moines	696
montoya	696
murthy	696
och	696
ora	696
psychopathic	696
replaces	696
rhyming	696
ricci	696
satire	696
schoolmaster	696
splendidly	696
squirming	696
stewed	696
strudel	696
tachibana	696
terrifies	696
toshi	696
undue	696
unmistakable	696
afforded	695
clergyman	695
foryour	695
giraffes	695
glanced	695
gritty	695
hiroko	695
ilsa	695
indignation	695
irregularities	695
krueger	695
lobotomy	695
lucian	695
makeshift	695
mightiest	695
nyet	695
originality	695
pissy	695
query	695
replicator	695
riveting	695
srjanapala	695
summarize	695
undesirable	695
unpleasantness	695
amaya	693
appa	693
ashram	693
backstabbing	693
bandaged	693
brisket	693
bullpen	693
childrens	693
collisions	693
cripples	693
culmination	693
darhk	693
debated	693
documenting	693
durable	693
etta	693
floozy	693
focal	693
inefficient	693
jiminy	693
judson	693
maserati	693
merritt	693
mitzi	693
obscurity	693
oncologist	693
plaything	693
pollack	693
rallying	693
reformation	693
rockies	693
sheath	693
sluggish	693
spatula	693
splattered	693
subtract	693
tash	693
thingies	693
vegetarians	693
wristwatch	693
affront	692
blowin	692
contenders	692
dandruff	692
disagrees	692
dishonorable	692
doubtless	692
eaton	692
eoe	692
evaporated	692
kelli	692
lactose	692
laure	692
lebron	692
lollipops	692
marcellus	692
morelli	692
norbert	692
poltergeist	692
shou	692
silvery	692
slinging	692
stringing	692
tardy	692
tinted	692
treads	692
unsaid	692
zilch	692
zou	692
adonis	690
apprenticeship	690
arno	690
arrhythmia	690
avec	690
bixby	690
bogeyman	690
ciccio	690
discrete	690
enriched	690
flowering	690
foal	690
ginza	690
hanoi	690
harrow	690
holger	690
indulged	690
jezebel	690
kyushu	690
legitimacy	690
lehman	690
messieurs	690
muddled	690
noches	690
pda	690
pina	690
remodel	690
restitution	690
roundup	690
tailored	690
theyre	690
walkman	690
workaholic	690
camillo	689
chickenshit	689
composure	689
deteriorated	689
flavia	689
gearbox	689
jizz	689
mcpherson	689
ode	689
poise	689
pondering	689
reconvene	689
rewriting	689
subxpacio	689
swastika	689
unconfirmed	689
vigilantes	689
beech	687
bower	687
cayenne	687
cuppa	687
impossibility	687
inspections	687
lentils	687
livid	687
odour	687
overheated	687
pandit	687
persevere	687
petri	687
plop	687
sahil	687
serviced	687
tatsuo	687
tomboy	687
tron	687
vigorously	687
arrivederci	686
ballgame	686
bootleg	686
broomstick	686
brutes	686
circumcision	686
continuance	686
coordinators	686
danton	686
diffuse	686
discounts	686
expressly	686
eyeliner	686
frak	686
glories	686
hollister	686
incompatible	686
infestation	686
katana	686
kidnappings	686
lar	686
leach	686
lurks	686
obsess	686
pesto	686
reared	686
rearranged	686
shashi	686
spinner	686
stamping	686
templars	686
transcend	686
whup	686
yonkers	686
amino	684
applicant	684
aravind	684
bystanders	684
cristal	684
cyrano	684
duckling	684
falsified	684
futuristic	684
fyodor	684
germain	684
guam	684
hobart	684
hostilities	684
hussain	684
inept	684
journeyed	684
marsden	684
noor	684
packard	684
parody	684
pierson	684
recited	684
termite	684
trending	684
tse	684
unraveling	684
urko	684
adoring	683
annulled	683
baffling	683
causton	683
contracting	683
croquet	683
dissent	683
dorset	683
dressmaker	683
farsi	683
fattening	683
gorbachev	683
infusion	683
israelites	683
kojak	683
lottie	683
mails	683
matias	683
minbari	683
mui	683
patting	683
rougher	683
rudimentary	683
ryland	683
securely	683
sevens	683
shakedown	683
souffle	683
spanky	683
valera	683
advent	682
akin	682
arisen	682
beanie	682
bleeder	682
bookcase	682
bragged	682
bukowski	682
childless	682
collaborating	682
consecrated	682
corsica	682
cremate	682
culturally	682
dans	682
disown	682
dived	682
duvet	682
gliding	682
groggy	682
hiromi	682
incendiary	682
lachlan	682
looser	682
magog	682
marti	682
motionless	682
padma	682
rancho	682
rui	682
santino	682
siesta	682
stardom	682
sussex	682
translations	682
upriver	682
andrey	680
bonita	680
caprice	680
connery	680
cypress	680
deterioration	680
detonators	680
deviation	680
draco	680
fishlegs	680
gaddafi	680
gerson	680
grandmothers	680
grope	680
kenobi	680
kidd	680
matilde	680
mohamed	680
mosley	680
nas	680
odie	680
parnell	680
placebo	680
rubbers	680
supervisors	680
undivided	680
webcam	680
welded	680
wimbledon	680
womanhood	680
automotive	679
avid	679
bossing	679
chatters	679
delano	679
diligently	679
dio	679
droplets	679
fema	679
florentine	679
frantically	679
hillman	679
hindenburg	679
hydraulics	679
hyungnim	679
kano	679
lbs	679
lepers	679
likable	679
lovesick	679
lucked	679
metabolic	679
miro	679
nanna	679
oppenheimer	679
prelude	679
radioed	679
resolute	679
respirator	679
rikki	679
serrano	679
sirius	679
slacker	679
snowflakes	679
stabilizing	679
tonio	679
unc	679
undiscovered	679
vigor	679
zimbabwe	679
aahh	677
aluminium	677
andros	677
bask	677
boars	677
canvases	677
chasm	677
cheerios	677
chromosomes	677
clemente	677
codis	677
conveyed	677
cristo	677
donaghy	677
dorks	677
eastman	677
feasting	677
focuses	677
frick	677
gazed	677
gilded	677
grantham	677
influenza	677
johannesburg	677
lansing	677
lumbar	677
moro	677
mulberry	677
naoko	677
plowing	677
plugging	677
respite	677
scotia	677
shoreline	677
toughen	677
wilton	677
zev	677
zeynep	677
aline	676
arif	676
cabbages	676
caverns	676
cirque	676
colossus	676
dialling	676
fumble	676
genitalia	676
geordi	676
goering	676
hacienda	676
heifer	676
huns	676
indicators	676
macgregor	676
mahatma	676
mollie	676
payout	676
peacekeepers	676
pedestrians	676
plundered	676
redmond	676
sizable	676
squatters	676
stackhouse	676
tch	676
textiles	676
whirrs	676
wiretap	676
wok	676
aloft	674
androids	674
aortic	674
ballsy	674
boosted	674
coercion	674
cur	674
dickheads	674
exec	674
fayed	674
filial	674
fundamentals	674
gleam	674
grasses	674
handout	674
hasselhoff	674
hightower	674
indra	674
miyagi	674
moll	674
nourish	674
odysseus	674
oot	674
pagoda	674
pamper	674
pokey	674
profiler	674
sipowicz	674
staggered	674
stalemate	674
strutting	674
subtext	674
swig	674
trainees	674
uncuff	674
unhook	674
volga	674
alby	673
balzac	673
behaviors	673
bide	673
bullion	673
burners	673
calum	673
capulet	673
castiel	673
cybermen	673
deviate	673
dowd	673
duggan	673
eckhart	673
epidural	673
finders	673
fredo	673
gasket	673
gringos	673
harnessed	673
inquired	673
munchkin	673
obliterate	673
prologue	673
reactive	673
rectal	673
scoff	673
soledad	673
solicitation	673
spiritus	673
wielding	673
audra	671
briar	671
christmases	671
clovis	671
deterrent	671
dominates	671
haughty	671
informers	671
installations	671
iwo	671
jilted	671
jittery	671
multiplying	671
oakley	671
overhaul	671
percussion	671
philharmonic	671
rwanda	671
searing	671
speakerphone	671
unwrap	671
valkyrie	671
advertisements	670
ando	670
awakens	670
bachchan	670
castrate	670
convene	670
expressway	670
hairbrush	670
idealism	670
inactive	670
laxative	670
lupo	670
mamas	670
mette	670
molina	670
pizzeria	670
planetarium	670
prevails	670
qualifying	670
shortness	670
solano	670
solos	670
thebes	670
watchtower	670
artistry	668
aviator	668
barabbas	668
blistering	668
blubbering	668
boatman	668
boise	668
callaghan	668
churn	668
copperfield	668
cosa	668
crandall	668
deepa	668
devotees	668
diets	668
effectiveness	668
grogan	668
humvee	668
jeter	668
losin	668
nexus	668
pocahontas	668
professions	668
restriction	668
shania	668
spewing	668
stopwatch	668
surveys	668
thyme	668
tusks	668
vandal	668
wanking	668
auctioned	667
blogger	667
clique	667
conundrum	667
counteract	667
doping	667
dumpty	667
egotistical	667
eradicated	667
exceeding	667
flanks	667
folsom	667
fritters	667
glistening	667
grinds	667
grooves	667
kristian	667
landers	667
mackay	667
mathematically	667
medicated	667
mignon	667
mommies	667
motown	667
myrna	667
nervousness	667
nuthouse	667
overpowered	667
proactive	667
serb	667
swoon	667
synonymous	667
thurston	667
tobey	667
uncut	667
villas	667
affectionately	665
aguilera	665
bluntly	665
calvert	665
crocs	665
decreasing	665
deok	665
drc	665
eeg	665
embers	665
extensively	665
fleets	665
forlorn	665
helluva	665
jackman	665
jargon	665
joachim	665
juncture	665
leno	665
lurk	665
maquis	665
meticulously	665
montmartre	665
nominal	665
persecute	665
pigtails	665
pisa	665
quarreling	665
vail	665
affirm	664
apocalyptic	664
backgammon	664
badgering	664
bangers	664
barbecued	664
blabbing	664
chiba	664
chieftain	664
conglomerate	664
dicey	664
digit	664
doppelganger	664
embargo	664
exponentially	664
filip	664
forgeries	664
joked	664
lacroix	664
loudmouth	664
metaphysical	664
resembled	664
romulans	664
rt	664
saboteur	664
shiloh	664
slant	664
takedown	664
tarrant	664
vases	664
waco	664
willies	664
winky	664
actin	663
anju	663
aqueduct	663
asunder	663
beckman	663
bei	663
camino	663
caressed	663
clavicle	663
clothe	663
codex	663
deathly	663
dishonored	663
domenico	663
downwards	663
emits	663
emory	663
favourable	663
foliage	663
gamer	663
henley	663
homos	663
introduces	663
lambda	663
lids	663
moloch	663
paedophile	663
philby	663
sag	663
sanada	663
scribe	663
sinan	663
sl	663
softened	663
specialised	663
torben	663
yasir	663
zephyr	663
argus	661
bannon	661
bering	661
corrado	661
coulter	661
cumberland	661
defamation	661
electronically	661
emcee	661
entrapment	661
gangmo	661
headband	661
hitchhiker	661
huckleberry	661
langdon	661
laziness	661
macintosh	661
massaging	661
migrating	661
modeled	661
moulin	661
nee	661
nosing	661
perth	661
petr	661
practitioner	661
revel	661
scoreboard	661
siva	661
spelt	661
tempers	661
terrestrial	661
thru	661
tortilla	661
tresses	661
usb	661
wassup	661
westside	661
wipers	661
worthington	661
zander	661
amara	660
amok	660
anatoly	660
arggh	660
assessed	660
barista	660
bhola	660
blooded	660
blubber	660
boggs	660
braverman	660
buckshot	660
christen	660
cochise	660
congenital	660
doped	660
fantasizing	660
fellini	660
flippers	660
fora	660
hattori	660
headlight	660
ig	660
kamen	660
lilo	660
mcgraw	660
mikes	660
nairobi	660
nuptial	660
okada	660
padlock	660
painkiller	660
peat	660
playhouse	660
prunes	660
punitive	660
redwood	660
replenish	660
riverbank	660
scouring	660
sharpest	660
simba	660
sniveling	660
spitfire	660
torrent	660
trickling	660
tweaked	660
victimized	660
whitfield	660
achtung	658
alerts	658
deplorable	658
employs	658
fascinates	658
flatline	658
ghb	658
grieves	658
grossly	658
houlihan	658
kyra	658
maurizio	658
mullen	658
octus	658
sade	658
sketching	658
snowden	658
solicitors	658
spaniel	658
stowed	658
tannoy	658
townhouse	658
triangulate	658
uniformed	658
unregistered	658
upstart	658
winked	658
workman	658
yusuke	658
zagreb	658
ani	657
archduke	657
barricaded	657
cinco	657
cooley	657
entertainers	657
fatherly	657
footman	657
foreclosure	657
grueling	657
henriette	657
hittin	657
importing	657
lattes	657
muddle	657
onslaught	657
origami	657
parenthood	657
pathogen	657
pp	657
pune	657
reprogram	657
revenues	657
saya	657
seb	657
sharpening	657
tiwari	657
tripoli	657
amazement	655
anime	655
arousing	655
blam	655
bloodhound	655
bouts	655
buttoned	655
cautiously	655
cores	655
dundee	655
gannon	655
gerbil	655
heron	655
inaugural	655
jadzia	655
landowner	655
lowdown	655
lucknow	655
mathematicians	655
outlined	655
reconstructed	655
roving	655
shitter	655
shoelace	655
smite	655
testifies	655
tomcat	655
tourette	655
vaporized	655
yamaguchi	655
aqui	654
asperger	654
cranium	654
delphi	654
enrich	654
gomorrah	654
hotdog	654
impart	654
jinxed	654
lettin	654
machiko	654
mahi	654
marga	654
mcgovern	654
overcrowded	654
payphone	654
pcp	654
pseudonym	654
rewinding	654
sona	654
splendour	654
sprite	654
totaled	654
typist	654
wallop	654
wallowing	654
zig	654
breakthroughs	652
buckner	652
bustin	652
comprende	652
crumpled	652
degrade	652
durst	652
ember	652
evaluated	652
farah	652
farr	652
fillings	652
finalist	652
geum	652
haruka	652
hunnicutt	652
infecting	652
inferiority	652
jackhammer	652
kardashian	652
lapping	652
laxman	652
manchu	652
mortem	652
nyah	652
prevailing	652
principals	652
rationing	652
seaquest	652
senna	652
stresses	652
teahouse	652
vasily	652
victors	652
adversaries	651
bahia	651
beretta	651
boosters	651
bunks	651
bunting	651
canyons	651
czechs	651
dauphin	651
decedent	651
dictators	651
diverting	651
emitting	651
eskimos	651
gabriela	651
grandfathers	651
hunky	651
hyperventilating	651
impala	651
inciting	651
innermost	651
journalistic	651
kha	651
kryptonian	651
larynx	651
lego	651
minstrel	651
pally	651
reina	651
residing	651
sashimi	651
sayings	651
shale	651
willi	651
windmills	651
ahsoka	649
backwater	649
burping	649
butterscotch	649
capitals	649
catholicism	649
copier	649
deflector	649
digby	649
envision	649
forklift	649
fredrik	649
handkerchiefs	649
hd	649
hirsch	649
improvisation	649
intertwined	649
jakey	649
knitted	649
luk	649
monseigneur	649
nightie	649
peddle	649
putrid	649
rafferty	649
rajan	649
ravenous	649
rearview	649
sappy	649
sliver	649
soiree	649
standish	649
steroid	649
telecast	649
unturned	649
urdu	649
advocates	648
appleby	648
baze	648
bianchi	648
callisto	648
carols	648
cipri	648
daytona	648
earthling	648
edouard	648
eliminates	648
honeys	648
kangaroos	648
leni	648
matheson	648
mija	648
munster	648
mythological	648
nadu	648
ofher	648
outage	648
pigment	648
raps	648
schooled	648
scone	648
shorted	648
stumps	648
suez	648
sungkyunkwan	648
surging	648
thumbprint	648
trembles	648
ulf	648
undecided	648
whelan	648
afresh	646
benevolence	646
boogeyman	646
chivalrous	646
collage	646
crackle	646
creole	646
dorsey	646
dupe	646
eyelid	646
fatally	646
fen	646
fiirst	646
haired	646
handbags	646
humph	646
iqbal	646
ivar	646
kirkland	646
livers	646
makeups	646
munro	646
outspoken	646
petitions	646
profess	646
reade	646
redecorate	646
regiments	646
semifinals	646
shackled	646
stateside	646
stimuli	646
tomie	646
transpired	646
tsoukalos	646
turret	646
yamazaki	646
apologised	645
argues	645
aslam	645
belvedere	645
canoes	645
cocksuckers	645
comme	645
deliberation	645
fillmore	645
hippos	645
impregnated	645
indescribable	645
knockin	645
leena	645
obstruct	645
panicky	645
reasoned	645
rowe	645
stumpy	645
toga	645
tora	645
trinidad	645
tybalt	645
usefulness	645
alexi	643
anxieties	643
artefacts	643
bastion	643
bloodstains	643
cas	643
chett	643
childlike	643
colbert	643
commoners	643
constraints	643
contessa	643
crabby	643
disband	643
doggies	643
earplugs	643
erectus	643
hijackers	643
hiram	643
hud	643
latham	643
lifelike	643
marilla	643
mosca	643
nuh	643
num	643
obscured	643
reconsidered	643
sathya	643
shamelessly	643
shitheads	643
tommaso	643
unselfish	643
upheaval	643
vinick	643
williamsburg	643
adequately	642
amador	642
barkeep	642
braised	642
cancers	642
clapped	642
cybertron	642
discern	642
dishonour	642
ecology	642
enhancement	642
follies	642
fraught	642
hardwood	642
irreparable	642
lustful	642
maitland	642
marston	642
mehra	642
nikos	642
perfumed	642
portsmouth	642
postponing	642
riddler	642
rios	642
seeley	642
shopper	642
skedaddle	642
stian	642
tilda	642
unbecoming	642
uncovering	642
wory	642
zebras	642
aoyama	641
brigades	641
charlton	641
clawed	641
constipation	641
courted	641
cravings	641
flamboyant	641
lenox	641
mains	641
pagans	641
poach	641
punters	641
receptors	641
servitude	641
shadowing	641
venues	641
verna	641
wozniak	641
xerox	641
za	641
zoos	641
amphetamines	639
birkhoff	639
bozos	639
byzantium	639
clenched	639
costco	639
deafening	639
deng	639
exeter	639
fantastically	639
fess	639
freebie	639
hajji	639
immerse	639
itwas	639
kama	639
knoll	639
limiting	639
masterful	639
merton	639
militants	639
minami	639
mischa	639
mobiles	639
mowgli	639
muchas	639
opt	639
ortho	639
peacekeeper	639
pedophiles	639
punt	639
rafters	639
regulator	639
streaks	639
subrip	639
tadpole	639
uhuh	639
ukulele	639
weathers	639
westerners	639
whaddya	639
wonka	639
yearns	639
zenith	639
abalone	638
abernathy	638
bahadur	638
barrington	638
boyce	638
chums	638
cray	638
defected	638
disintegrated	638
django	638
doozy	638
dugout	638
emulate	638
endorsed	638
gaye	638
granola	638
impertinence	638
ithaca	638
jaded	638
kahlan	638
kanji	638
landowners	638
laptops	638
marburg	638
nagar	638
overhearing	638
porto	638
punishes	638
racketeering	638
ranging	638
raspy	638
rectory	638
rehabilitated	638
renu	638
risa	638
rodger	638
routinely	638
rox	638
seltzer	638
sheri	638
shimmer	638
sowing	638
yusef	638
airman	636
andersson	636
astra	636
beater	636
byun	636
chariots	636
cinematographer	636
clashes	636
cornbread	636
cutbacks	636
demos	636
fornication	636
geometric	636
gio	636
grading	636
haggle	636
hatfield	636
hitchhike	636
lifeboats	636
memorandum	636
pereira	636
profane	636
qualms	636
refinement	636
royale	636
sips	636
smothering	636
surges	636
thirties	636
underwent	636
wimpy	636
aides	635
aish	635
ceasefire	635
coot	635
doer	635
evenin	635
excluding	635
fait	635
ghostbusters	635
goldar	635
gossips	635
indicative	635
keyed	635
larue	635
muppets	635
musketeer	635
objectivity	635
resuscitate	635
sorbonne	635
suggestive	635
tamura	635
tou	635
trimester	635
turing	635
unexplored	635
unseemly	635
wavy	635
aaagh	633
abstain	633
aditi	633
allo	633
alton	633
bakshi	633
beaker	633
betrothal	633
bionic	633
blacky	633
cemal	633
chumps	633
clobber	633
commenting	633
conquers	633
cornfield	633
drunkards	633
exorcise	633
gillespie	633
goldsmith	633
gsw	633
hornets	633
imposition	633
juilliard	633
kana	633
kaye	633
lymphoma	633
madan	633
michelin	633
peroxide	633
smooch	633
southbound	633
spines	633
stately	633
theseus	633
tolerable	633
totes	633
uplink	633
wantto	633
whizzing	633
wolff	633
byzantine	632
cagney	632
elated	632
engraving	632
fairs	632
floored	632
grassy	632
isi	632
joffrey	632
mancini	632
midterms	632
missin	632
nanette	632
oldies	632
payton	632
pessimist	632
phantoms	632
predicts	632
puddles	632
resync	632
sauces	632
squabble	632
statistic	632
thoroughbred	632
translators	632
tutti	632
untoward	632
wrappers	632
wylie	632
authorisation	630
bargains	630
bookkeeping	630
buckled	630
chechen	630
cheerfully	630
complacent	630
cordoba	630
corinth	630
dewitt	630
emporium	630
este	630
fittings	630
folders	630
forbidding	630
forts	630
gratification	630
gruff	630
holi	630
impersonation	630
infancy	630
ingrate	630
maneuvering	630
marr	630
medea	630
mehta	630
nui	630
opposes	630
phosphorus	630
recruiter	630
remover	630
rentals	630
sakai	630
smithereens	630
somali	630
symbiote	630
syne	630
tarantula	630
throwin	630
tomoko	630
undetectable	630
uneventful	630
ungodly	630
usc	630
vii	630
westerns	630
ashe	629
assessing	629
biking	629
byers	629
coventry	629
cragen	629
depositions	629
dirtier	629
flay	629
freudian	629
halsey	629
hines	629
honduras	629
ionger	629
jos	629
legitimately	629
lido	629
nie	629
overpass	629
quadruple	629
radium	629
renovate	629
schumann	629
stagger	629
sucky	629
tromaville	629
wasabi	629
achmed	627
allotted	627
arkham	627
baal	627
bassam	627
chalmers	627
chandni	627
concubines	627
eugh	627
hickory	627
interplanetary	627
iou	627
laughin	627
lombardo	627
mins	627
navigating	627
pancreatic	627
reptilian	627
shirtless	627
shrug	627
substantially	627
swill	627
toma	627
uhura	627
unhinged	627
viet	627
whistled	627
xie	627
abject	626
ailments	626
alastair	626
albie	626
auditor	626
bleached	626
checkered	626
clump	626
contusion	626
derailed	626
descartes	626
digested	626
dorado	626
dumbledore	626
economies	626
haddock	626
handouts	626
hounded	626
ilona	626
impregnable	626
innovations	626
intolerance	626
knut	626
kudo	626
massacres	626
medevac	626
poon	626
puffing	626
rawlings	626
razors	626
scabs	626
selfies	626
straitjacket	626
strewn	626
swerve	626
thanos	626
trampling	626
unintentionally	626
vanderbilt	626
wordsworth	626
aint	624
apathy	624
barret	624
collusion	624
complicit	624
convulsions	624
deploying	624
detainees	624
dignitaries	624
embolism	624
fixtures	624
flemming	624
holbrook	624
hur	624
khaki	624
labrador	624
lowlifes	624
lucrecia	624
magnate	624
mishima	624
monasteries	624
mong	624
mongo	624
oceanic	624
panorama	624
pollute	624
proust	624
quartermaster	624
regimental	624
ricki	624
salma	624
sawed	624
seashore	624
sharky	624
sprays	624
starscream	624
stockade	624
sunbathing	624
synth	624
thirdly	624
undercooked	624
yugo	624
badgers	623
caplan	623
carpe	623
chupacabra	623
cleanly	623
eighties	623
entails	623
fiind	623
firework	623
fizzy	623
gilliam	623
handlers	623
horowitz	623
incorrectly	623
jinn	623
lilah	623
mee	623
naka	623
orsini	623
overstepped	623
pianos	623
prenatal	623
quarrelling	623
retriever	623
reunions	623
sadako	623
snipe	623
splutters	623
statesman	623
teaspoon	623
ulises	623
unafraid	623
untrained	623
vizier	623
waver	623
wildebeest	623
amenities	621
cheri	621
commented	621
composers	621
cosima	621
cufflinks	621
cultivating	621
debatable	621
decoded	621
decompression	621
delicacies	621
dreamin	621
evo	621
foiled	621
groundwork	621
hilly	621
hydrated	621
iaw	621
mckinney	621
onedin	621
pineapples	621
pitchers	621
repo	621
rhinos	621
slowest	621
snooty	621
turbines	621
unopened	621
vectors	621
whaling	621
woodpecker	621
acclaimed	620
activates	620
browse	620
bubblegum	620
cameramen	620
echoed	620
ent	620
garb	620
haitian	620
hanzo	620
hashish	620
humongous	620
indirect	620
inequality	620
infused	620
kepner	620
kurtz	620
macon	620
magistrates	620
mayflower	620
mourned	620
norms	620
provost	620
ringside	620
scranton	620
shilla	620
skanky	620
socializing	620
spurt	620
stifle	620
stunk	620
tarnish	620
tendon	620
trackers	620
triton	620
tutorial	620
underprivileged	620
vacated	620
vassal	620
versace	620
vichy	620
wehrmacht	620
zod	620
adrienne	619
argyle	619
brows	619
buh	619
bunter	619
candor	619
carlitos	619
cartier	619
chuy	619
cults	619
deedee	619
dieting	619
dismissing	619
embezzling	619
exclusion	619
factual	619
fracking	619
girard	619
giza	619
gruel	619
heartbreaker	619
kaji	619
kashi	619
kayak	619
lainey	619
marquee	619
mita	619
nevins	619
nomadic	619
odious	619
ottawa	619
outsmarted	619
quahog	619
reputed	619
rotor	619
skulking	619
syringes	619
timbers	619
tricycle	619
abscess	617
americano	617
backpacks	617
banishment	617
billionaires	617
centigrade	617
cornflakes	617
doze	617
draped	617
drifts	617
endeavors	617
flees	617
gawking	617
grisha	617
haddie	617
havent	617
huzzah	617
inoperable	617
ivanovna	617
jabbering	617
joplin	617
leith	617
lino	617
longo	617
loveless	617
lures	617
malaysian	617
mountaintop	617
narcisse	617
outset	617
playlist	617
radiance	617
rebuttal	617
rummage	617
runes	617
scandinavia	617
scoured	617
shue	617
skaters	617
soups	617
subtly	617
sunita	617
terminally	617
tories	617
wily	617
abandons	616
aerospace	616
anecdote	616
arroyo	616
bizarro	616
chaka	616
clarification	616
conspiracies	616
covington	616
digitally	616
emigrated	616
fabricate	616
fujiko	616
garages	616
hardin	616
hideyoshi	616
impunity	616
intermittent	616
iz	616
kc	616
malaya	616
marcelo	616
marxist	616
ogata	616
opportunist	616
overseer	616
renko	616
shima	616
sta	616
steadfast	616
steadman	616
tchaikovsky	616
tryout	616
unaffected	616
wheelhouse	616
whopper	616
albanians	614
autopsies	614
beto	614
blud	614
circumference	614
clennam	614
coates	614
derail	614
disinfect	614
ftl	614
guangzhou	614
incoherent	614
lifespan	614
monsanto	614
orwell	614
pacify	614
parkway	614
paving	614
potus	614
rachid	614
refute	614
rescheduled	614
responders	614
ricochet	614
seaver	614
sleepers	614
subbu	614
sweated	614
tabby	614
tesco	614
theorem	614
wriggle	614
ymca	614
blasphemous	613
bolivian	613
buries	613
chimera	613
christi	613
defile	613
depress	613
dictating	613
drier	613
dunce	613
excessively	613
hunches	613
mah	613
maisie	613
meeks	613
nanda	613
oriented	613
payable	613
preachers	613
prohibit	613
retraction	613
sceptical	613
spew	613
symbolize	613
turtleneck	613
unbutton	613
unzip	613
abiding	611
ahhhhh	611
antiseptic	611
arid	611
baez	611
beckons	611
bhanu	611
blowjobs	611
breech	611
clarified	611
convened	611
cowgirl	611
decimal	611
desolation	611
dou	611
educator	611
ensures	611
epinephrine	611
escalation	611
esophagus	611
fanning	611
fatten	611
gaffer	611
greco	611
haggard	611
ines	611
ishida	611
isolating	611
jour	611
kaede	611
kinship	611
knelt	611
kol	611
landis	611
lithuanian	611
mantel	611
mullins	611
notches	611
ornery	611
oughtn	611
paralyze	611
prouder	611
pythagoras	611
redford	611
revue	611
riya	611
scythe	611
smiths	611
sterilize	611
tapeworm	611
ungh	611
weakens	611
anaconda	610
argumentative	610
arn	610
breaches	610
bullhorn	610
carpentry	610
cleverer	610
corpsman	610
cranston	610
crumbles	610
demelza	610
disarray	610
discontinued	610
ennis	610
fsb	610
indu	610
jc	610
mauser	610
muay	610
nelle	610
northbound	610
paddock	610
preying	610
ramadan	610
randi	610
rerun	610
robespierre	610
royally	610
safes	610
straightening	610
vaccination	610
wallis	610
wedgie	610
witsec	610
artichoke	608
booklet	608
butyou	608
buzzards	608
camouflaged	608
chemists	608
colord	608
coolant	608
dissuade	608
fauna	608
fulcrum	608
grinch	608
grooms	608
hsiao	608
imp	608
jett	608
joao	608
kendal	608
kipper	608
kltt	608
layton	608
leavenworth	608
mesmerized	608
negatively	608
overlord	608
pretenses	608
recalling	608
salvaged	608
semantics	608
silences	608
silverman	608
sloshing	608
snobs	608
sparking	608
texan	608
aberration	607
abundantly	607
appreciating	607
aries	607
battleships	607
boned	607
bustling	607
christos	607
distantly	607
exhibiting	607
flavored	607
frayed	607
govinda	607
influencing	607
joes	607
kostya	607
mott	607
mummified	607
nair	607
oaths	607
occupies	607
oncology	607
rewritten	607
rhydian	607
roan	607
ronan	607
sensuality	607
slink	607
softness	607
splint	607
trapdoor	607
ueda	607
vexed	607
abhay	605
akshay	605
amaro	605
anemic	605
calgary	605
canaan	605
chickie	605
cicadas	605
circulated	605
clammy	605
clarisse	605
dens	605
didst	605
dismay	605
distilled	605
frosted	605
gators	605
geller	605
globes	605
hachi	605
innocently	605
jacksonville	605
kubrick	605
latina	605
mackie	605
masaki	605
modem	605
partnered	605
pinging	605
pk	605
pocketbook	605
putter	605
reefer	605
retreats	605
technicolor	605
tsa	605
uppity	605
yachts	605
yadav	605
availability	604
carjacking	604
cleanest	604
congee	604
couches	604
dawns	604
fatma	604
frenchie	604
gabbar	604
helle	604
indecisive	604
instigated	604
kms	604
murugan	604
newspaperman	604
nicking	604
paining	604
perceptions	604
promo	604
rojas	604
russel	604
saxena	604
spawned	604
sr	604
thoracic	604
thwart	604
utw	604
varying	604
winnipeg	604
wonderin	604
aga	602
anka	602
barba	602
bassett	602
braying	602
categorically	602
chevron	602
cs	602
daph	602
disprove	602
distributors	602
ehm	602
godsey	602
grandmaster	602
intents	602
interpreting	602
jeanine	602
jeeva	602
kurdish	602
ladle	602
overpowering	602
pleasantries	602
plowed	602
precincts	602
qur	602
savory	602
scuse	602
sentimentality	602
submitting	602
wheeling	602
windpipe	602
wormholes	602
xun	602
zips	602
alisha	601
allocated	601
amplify	601
arlen	601
clegg	601
degenerates	601
deluge	601
diagrams	601
disconcerting	601
emts	601
foolin	601
incumbent	601
leonora	601
liberace	601
lilli	601
morel	601
neighborly	601
overheating	601
pascoe	601
payin	601
pollard	601
potholes	601
presidente	601
pucker	601
riko	601
sark	601
shamrock	601
shivani	601
sorenson	601
steppe	601
toothpicks	601
tubing	601
vaseline	601
winfield	601
arriba	599
astaire	599
bravado	599
breezes	599
buckles	599
buddhists	599
clench	599
confidant	599
conjured	599
dartmouth	599
denominator	599
deteriorate	599
expenditure	599
galloway	599
garvin	599
hygienic	599
illegals	599
inbred	599
irrefutable	599
katrin	599
kebabs	599
larva	599
lymph	599
ofit	599
paralegal	599
ratting	599
recalls	599
scrumptious	599
solis	599
speedboat	599
succulent	599
tibbs	599
unscheduled	599
waived	599
acquit	598
antiquated	598
arabella	598
babbles	598
banco	598
bays	598
capisce	598
captors	598
catalan	598
cb	598
cheol	598
christoph	598
clotting	598
clunk	598
colombians	598
crimea	598
emergence	598
excelsior	598
falafel	598
foaming	598
gerhardt	598
jubei	598
keystone	598
labors	598
lillie	598
outgrown	598
paused	598
provence	598
pterodactyl	598
rr	598
sanctimonious	598
simons	598
skinhead	598
statutes	598
subsidiary	598
surveying	598
terminology	598
turnin	598
upscale	598
veils	598
warpath	598
wifey	598
winces	598
addons	597
boku	597
buren	597
carnation	597
cinder	597
comparative	597
complimented	597
confidently	597
discouraging	597
dissolves	597
dn	597
dribbling	597
farhad	597
goblet	597
gyro	597
kandahar	597
karachi	597
kau	597
majored	597
marcela	597
marginal	597
minibar	597
mozzie	597
mustangs	597
mvp	597
outwit	597
piloting	597
punchy	597
servicing	597
simona	597
stepbrother	597
streisand	597
strengthening	597
surrenders	597
synch	597
tooting	597
accelerates	595
advises	595
amplifier	595
ayako	595
billed	595
blackbeard	595
breastfeeding	595
caboose	595
circa	595
consolidate	595
criticise	595
doody	595
easing	595
faithless	595
feckin	595
fey	595
gearing	595
goingto	595
grandiose	595
grating	595
haemorrhage	595
jakarta	595
kegs	595
kota	595
milf	595
milked	595
minibus	595
misfit	595
peacocks	595
plywood	595
populace	595
rajeev	595
reminders	595
romancing	595
sargent	595
satisfies	595
spongebob	595
suzu	595
trove	595
wavering	595
absurdity	594
barone	594
blameless	594
blatantly	594
carrion	594
danilo	594
deline	594
extenuating	594
facto	594
fozzie	594
fubuki	594
gravestone	594
intrusive	594
leeway	594
lissa	594
lividity	594
nyssa	594
ood	594
ozu	594
pemberton	594
persians	594
pragmatic	594
pruitt	594
puns	594
rambaldi	594
redheads	594
riccardo	594
ruffians	594
strychnine	594
thinkyou	594
toya	594
transmitters	594
ueno	594
vw	594
abdel	592
abnormalities	592
booties	592
burkhardt	592
calista	592
canes	592
citing	592
condensed	592
creighton	592
decepticon	592
falsetto	592
favoured	592
foothills	592
foreskin	592
hitching	592
hubris	592
hyeong	592
imperfections	592
mayhew	592
niner	592
philistines	592
presbyterian	592
pretence	592
quirks	592
sardar	592
schroeder	592
sill	592
soleil	592
stillman	592
suspending	592
testimonies	592
theatrics	592
tirelessly	592
unnamed	592
viennese	592
aiko	591
ayla	591
cfo	591
channeling	591
compressor	591
cred	591
debutante	591
depp	591
devdas	591
diagnostics	591
dutiful	591
eased	591
espn	591
heimlich	591
mandrake	591
mcgowan	591
mire	591
musty	591
neapolitan	591
obituaries	591
pricked	591
pursuits	591
ramble	591
shackleton	591
sidle	591
signifies	591
sniffer	591
spontaneity	591
subcommittee	591
yukio	591
zoinks	591
zooming	591
arr	589
aspiration	589
bereaved	589
cassettes	589
chrissakes	589
contentment	589
cougars	589
dokey	589
dyer	589
exonerate	589
gyeong	589
hav	589
hobie	589
homeowner	589
illustration	589
jetty	589
jumble	589
kirsty	589
kurosawa	589
lamppost	589
marat	589
margene	589
mears	589
noblest	589
northumberland	589
nostril	589
osborn	589
plucky	589
psalm	589
raggedy	589
romy	589
ronon	589
shortages	589
swivel	589
torchwood	589
untidy	589
ventricle	589
wading	589
wieners	589
babel	588
bilge	588
cameo	588
centimeter	588
cervix	588
colliding	588
creeped	588
dali	588
embezzled	588
fentanyl	588
fixture	588
garbo	588
gato	588
gentler	588
godly	588
harlee	588
inflicting	588
kfc	588
littering	588
lovelier	588
martins	588
monarchs	588
mou	588
numero	588
octavio	588
openness	588
pariah	588
pena	588
phooey	588
pings	588
polymer	588
pyongyang	588
realty	588
ruskin	588
sanju	588
shuttles	588
tempura	588
thrived	588
tinkering	588
tosa	588
travolta	588
trudi	588
tumbled	588
aboriginal	586
bellboy	586
blare	586
boasted	586
concocted	586
daylights	586
dogma	586
elude	586
emancipated	586
fuego	586
gare	586
guang	586
habitual	586
hara	586
janos	586
kringle	586
laguna	586
loopy	586
mahler	586
marthe	586
methodology	586
migrant	586
molds	586
mook	586
moonbase	586
obelisk	586
pappa	586
playfully	586
ponzi	586
retrieving	586
roosters	586
seance	586
shockingly	586
sinuses	586
spiking	586
stipend	586
synchronize	586
tester	586
toussaint	586
tuts	586
unsupervised	586
watertight	586
winn	586
aguilar	585
airy	585
alphaff	585
annoyance	585
blane	585
brinkley	585
cady	585
colbyco	585
danville	585
degas	585
dialog	585
entreat	585
eton	585
eyelash	585
eyesore	585
flor	585
kenichi	585
levers	585
lob	585
marquesa	585
moderately	585
mok	585
neutrons	585
normans	585
numbness	585
pantheon	585
pees	585
ply	585
purr	585
racists	585
shredding	585
sidetracked	585
tactful	585
toenail	585
underside	585
waah	585
wildcats	585
yessir	585
amiga	583
antsy	583
ao	583
assertive	583
assortment	583
barnum	583
blackwood	583
blye	583
broderick	583
canst	583
coupling	583
displeasure	583
elinor	583
gung	583
habeas	583
hadrian	583
hagan	583
hargrove	583
hotchner	583
hubba	583
inanimate	583
institutionalized	583
irritates	583
jiao	583
linebacker	583
lynching	583
minty	583
paragon	583
penner	583
peppy	583
peugeot	583
primer	583
rednecks	583
seventies	583
sherif	583
snowboarding	583
swanky	583
tran	583
warleggan	583
yamashita	583
zim	583
alvey	582
apartheid	582
billa	582
blab	582
boden	582
brazilians	582
bryson	582
capitan	582
chambermaid	582
chekhov	582
clockwise	582
collared	582
contemplation	582
creatively	582
denning	582
didem	582
directorate	582
doraemon	582
ducktales	582
ethanol	582
eventual	582
evoke	582
femininity	582
fonda	582
foursome	582
gayatri	582
gillette	582
gunvald	582
hamsters	582
hoy	582
joyride	582
kernel	582
kree	582
leakage	582
meir	582
mingling	582
munni	582
muskets	582
nationalists	582
parton	582
sabu	582
saws	582
slurp	582
soulmate	582
southerners	582
stallone	582
toke	582
triangular	582
unfolds	582
welder	582
woong	582
aggravation	580
anyhoo	580
atwater	580
bringin	580
clinch	580
coleslaw	580
complexes	580
congestion	580
counterfeiting	580
diarrhoea	580
heady	580
horoscopes	580
imf	580
inconsistencies	580
labourers	580
limitation	580
littlest	580
mijo	580
organisations	580
plush	580
pogo	580
pushkin	580
radial	580
retaining	580
ruthlessly	580
snuffed	580
tay	580
tropic	580
unsavory	580
werert	580
yagami	580
yash	580
badlands	579
basta	579
belay	579
bordering	579
caprica	579
curie	579
dez	579
dior	579
dispel	579
doherty	579
enacted	579
eustace	579
euthanasia	579
exposes	579
fondle	579
herding	579
huo	579
kerem	579
kinsey	579
kristi	579
lemurs	579
macpherson	579
mccullough	579
mcmahon	579
motorboat	579
murderess	579
naoki	579
raffaele	579
rainey	579
roshan	579
sagar	579
sift	579
sissies	579
smoothies	579
sullen	579
tankers	579
testy	579
throes	579
tingly	579
unnerving	579
valour	579
zipping	579
affluent	577
cappella	577
christmastime	577
cuddles	577
dawdle	577
destruct	577
disposing	577
dulles	577
dumas	577
evers	577
hereto	577
idyllic	577
intubation	577
invoked	577
kuo	577
malfunctioned	577
meaty	577
medicare	577
narf	577
nene	577
orac	577
paddington	577
reiterate	577
sinha	577
slider	577
swordfish	577
teething	577
twitchy	577
typo	577
uncouth	577
whiting	577
wiggling	577
willem	577
adaptable	576
administering	576
advertisers	576
bales	576
boldness	576
bookings	576
calderon	576
contemptible	576
dykes	576
gaetano	576
grouch	576
groundhog	576
gump	576
jaya	576
jeopardizing	576
kroll	576
malnutrition	576
merde	576
mowed	576
nettles	576
nong	576
nutritional	576
perils	576
prissy	576
quotas	576
rallied	576
reliability	576
resuscitation	576
sear	576
sneaker	576
tapas	576
tattooing	576
telford	576
template	576
toi	576
trafficker	576
treble	576
witherspoon	576
adolfo	575
awkwardness	575
balkan	575
basking	575
censored	575
councilwoman	575
desai	575
diplomas	575
dominus	575
emigrate	575
farber	575
gnocchi	575
grifter	575
handball	575
hilliard	575
hollander	575
hsu	575
kathie	575
knighthood	575
matsuda	575
mayumi	575
memorizing	575
mews	575
migrated	575
namesake	575
nationalism	575
nightlife	575
octavian	575
opa	575
pacifier	575
redeemer	575
sagittarius	575
seabed	575
shiner	575
smurfs	575
technodrome	575
tipper	575
veda	575
wares	575
weasels	575
weepy	575
atheists	573
bas	573
baudelaire	573
chevrolet	573
coined	573
concoction	573
embankment	573
glorify	573
hectares	573
impersonator	573
incessant	573
kaylee	573
kilometre	573
lynched	573
magnificence	573
mauricio	573
menstrual	573
nesbitt	573
neutrality	573
ogling	573
outed	573
paine	573
radishes	573
rhade	573
sequins	573
shoals	573
siphon	573
spiro	573
trig	573
tylenol	573
upgrades	573
ven	573
whirling	573
zbz	573
arrgh	572
backlash	572
blacklisted	572
concord	572
crossover	572
decadence	572
directs	572
durand	572
flatmate	572
forsythe	572
furies	572
impressing	572
infantile	572
jakes	572
jesuit	572
lectured	572
lobbyist	572
lyrical	572
magoo	572
masking	572
meta	572
momoko	572
motherless	572
mutts	572
niang	572
pl	572
plantagenet	572
prolific	572
protege	572
recuperate	572
shopped	572
shunt	572
silvana	572
soraya	572
taki	572
thirteenth	572
tivo	572
triumphed	572
unbridled	572
unsatisfied	572
yeogu	572
youll	572
acronym	570
ala	570
antwon	570
assimilate	570
barometer	570
chitti	570
clots	570
daniele	570
derivatives	570
dermatologist	570
duvall	570
energon	570
ferg	570
fermented	570
goren	570
grieved	570
gwi	570
kaze	570
krakow	570
laney	570
leftist	570
lorries	570
lundy	570
machiavelli	570
mahdi	570
mournful	570
murtaugh	570
myspace	570
naga	570
narrate	570
obelix	570
occupant	570
ovulating	570
palma	570
peeked	570
quiero	570
raucous	570
redheaded	570
reenactment	570
siddhu	570
spectacularly	570
stilts	570
swerved	570
anni	569
ashleigh	569
baywatch	569
brainwash	569
breadth	569
bumming	569
coexist	569
coldness	569
crais	569
crouching	569
dillinger	569
dl	569
emanating	569
gault	569
godard	569
hickok	569
hustled	569
labelled	569
mailer	569
marooned	569
mouch	569
muldoon	569
orthopedic	569
panics	569
pennant	569
pernell	569
perplexed	569
pistons	569
quimby	569
rasta	569
rawlins	569
sandstone	569
sidewalks	569
storehouse	569
storybook	569
swordsmanship	569
synergy	569
untill	569
workhouse	569
argo	567
backhand	567
barns	567
bartenders	567
causeway	567
chunghae	567
convoys	567
dijon	567
dinesh	567
diocese	567
emo	567
extraordinaire	567
getcha	567
gunderson	567
illumination	567
jami	567
larsson	567
lawnmower	567
licensing	567
malay	567
medellin	567
midlands	567
muthu	567
mutter	567
natsumi	567
newfoundland	567
oddball	567
pips	567
poppers	567
reappeared	567
reprehensible	567
restful	567
scarab	567
scotsman	567
specializing	567
sycamore	567
tiller	567
tish	567
tosses	567
vouched	567
workup	567
alli	566
analytical	566
bangin	566
barron	566
bethesda	566
bludgeoned	566
boeing	566
bookshelf	566
bullfighter	566
carnivorous	566
certification	566
cla	566
cleric	566
cordy	566
corsage	566
endures	566
fruitless	566
futility	566
governmental	566
graced	566
guadalcanal	566
halliday	566
impervious	566
jemma	566
keita	566
kickoff	566
kt	566
masquerading	566
numerical	566
omo	566
paltry	566
reminiscing	566
rife	566
sher	566
shire	566
skeet	566
subsidies	566
sul	566
sunder	566
tamer	566
taxation	566
toxicity	566
unreachable	566
watermelons	566
weiner	566
wellness	566
yukawa	566
afis	564
aggravating	564
amicable	564
armenians	564
bancroft	564
beatty	564
bhagat	564
bookworm	564
camcorder	564
carats	564
centerpiece	564
claustrophobia	564
doused	564
endowment	564
firestorm	564
fungi	564
gaudy	564
immersion	564
intermediary	564
kneecap	564
landau	564
lesion	564
loman	564
luciana	564
macao	564
mitya	564
myeong	564
nev	564
nibbling	564
notoriety	564
nss	564
nzt	564
pelant	564
pennington	564
perfecting	564
perforated	564
periodically	564
prado	564
prioritize	564
scents	564
skeletal	564
tamra	564
toothbrushes	564
veera	564
vertically	564
wrinkly	564
zuko	564
acquisitions	563
battleground	563
biologists	563
blurt	563
clapton	563
coochie	563
dake	563
decontamination	563
derive	563
discredited	563
entail	563
festering	563
fleshy	563
foust	563
fractions	563
hamada	563
hindrance	563
hubbub	563
inflammatory	563
ishikawa	563
jayden	563
karine	563
lida	563
madhuri	563
magnanimous	563
meridian	563
mothra	563
narrowing	563
nauseating	563
oboe	563
obscenity	563
omi	563
pantomime	563
peering	563
proprietary	563
reiner	563
remiss	563
repose	563
retires	563
slovak	563
stimulates	563
stumbles	563
tallahassee	563
tenement	563
tetsuo	563
traverse	563
treatable	563
underfoot	563
voracious	563
wetter	563
acoustics	561
bib	561
chantelle	561
cotillion	561
crixus	561
danforth	561
depressive	561
dilly	561
discerning	561
elective	561
empirical	561
eunuchs	561
galvin	561
gobbling	561
hilltop	561
incas	561
inhospitable	561
kidder	561
kodai	561
lasagne	561
lynx	561
mothefrucker	561
nudes	561
oregano	561
palle	561
pecs	561
pittman	561
poplar	561
prototypes	561
radford	561
ryoko	561
schoolgirls	561
schuyler	561
sellin	561
separatist	561
soared	561
stroked	561
sunflowers	561
tectonic	561
tomi	561
toyou	561
underlined	561
vulgarity	561
ziegfeld	561
abbi	560
airwaves	560
aprons	560
bhabhi	560
bogs	560
bracken	560
deities	560
dickson	560
dirtiest	560
drinkers	560
endora	560
evergreen	560
fixin	560
forester	560
frey	560
fullness	560
gillis	560
hovel	560
indefinite	560
lazlo	560
leighton	560
masochist	560
matrimonial	560
moos	560
mortician	560
niklaus	560
porta	560
proletarian	560
pygmy	560
shaka	560
shetty	560
sibley	560
tortoises	560
transcribed	560
trilogy	560
voluptuous	560
walmart	560
youve	560
yuma	560
adela	558
angling	558
birgitte	558
blackstone	558
browne	558
bushy	558
carruthers	558
cassini	558
clucks	558
cruises	558
damnedest	558
damper	558
dependence	558
echelon	558
emission	558
exemption	558
gibby	558
huffing	558
iive	558
impasse	558
inconspicuous	558
infront	558
kronor	558
leticia	558
livery	558
mojito	558
moomin	558
mousetrap	558
penchant	558
plummet	558
poser	558
remix	558
revolutionize	558
rickie	558
roark	558
romney	558
shizuko	558
skepticism	558
smoldering	558
strikers	558
subways	558
undisputed	558
viciously	558
atkinson	557
balding	557
battlestar	557
blinky	557
burgled	557
catty	557
eiko	557
fabrice	557
faii	557
fatherhood	557
giddap	557
hms	557
isak	557
knuckleheads	557
morrissey	557
mulcahy	557
nobodies	557
odile	557
offed	557
pheebs	557
pres	557
racine	557
reprimanded	557
rudd	557
saintly	557
schnitzel	557
scribble	557
silks	557
spic	557
trembled	557
trifles	557
worshiped	557
yearned	557
ack	556
agnew	556
alters	556
ayn	556
breeland	556
cantaloupe	556
carcasses	556
chesapeake	556
compile	556
cottages	556
dapper	556
desktop	556
disobedient	556
dosed	556
enterprising	556
epicenter	556
gables	556
gentlemanly	556
goings	556
hedgehogs	556
industrious	556
kink	556
krissi	556
leaped	556
lightbulb	556
listenin	556
millionth	556
mourners	556
natsu	556
nother	556
overtaken	556
packaged	556
pei	556
perseus	556
renegotiate	556
sais	556
sant	556
selby	556
shari	556
togetherness	556
touche	556
traitorous	556
truer	556
upton	556
abducting	554
agra	554
aground	554
applesauce	554
brash	554
confidentially	554
convinces	554
discrepancies	554
dweeb	554
fishin	554
gatekeeper	554
hashimoto	554
hippopotamus	554
iearn	554
ills	554
insulated	554
kawasaki	554
mahmut	554
margarine	554
mcdeere	554
mirrored	554
nunnery	554
pah	554
palpable	554
parameter	554
quay	554
recoil	554
recreated	554
regaining	554
respectability	554
rooming	554
router	554
rowland	554
rydell	554
shanty	554
sommers	554
suman	554
unwritten	554
wry	554
adjective	553
adoration	553
baiting	553
beady	553
boos	553
cl	553
continual	553
elongated	553
faker	553
fertilized	553
figurines	553
financier	553
grigory	553
headquarter	553
hertz	553
insemination	553
intensified	553
inventors	553
jeannette	553
lifestyles	553
manet	553
matte	553
mendel	553
mics	553
mitigating	553
mobilization	553
mojave	553
naidu	553
nis	553
oiled	553
pillage	553
quoi	553
randal	553
reruns	553
schoolhouse	553
scrapped	553
screamer	553
sleaze	553
spaulding	553
stimulant	553
strictest	553
stupor	553
talons	553
teacup	553
tosca	553
virginie	553
weighted	553
whither	553
af	551
babysitters	551
belgians	551
cheshire	551
cohesive	551
comprised	551
diya	551
fringes	551
geared	551
grasshoppers	551
hondo	551
infer	551
jilly	551
juli	551
justly	551
magenta	551
maison	551
mens	551
morpheus	551
noting	551
nursemaid	551
parr	551
pio	551
pled	551
pulley	551
roadie	551
saori	551
sigrid	551
stupider	551
stuttgart	551
sunup	551
trifling	551
unending	551
advocating	550
ajar	550
armoury	550
arseholes	550
autobot	550
backups	550
bestest	550
brahmin	550
clamped	550
clings	550
councils	550
disabilities	550
doodles	550
drawbridge	550
flagg	550
foxxy	550
grandest	550
grounding	550
infiltrating	550
jerseys	550
lucca	550
lyme	550
macedonia	550
martel	550
michi	550
mocks	550
momento	550
norwood	550
ogami	550
onlookers	550
ramone	550
reclaimed	550
scamming	550
sebastien	550
sizeable	550
snitched	550
somersault	550
steers	550
sumptuous	550
taxing	550
tucking	550
unlicensed	550
varma	550
volley	550
writhing	550
yeow	550
bosh	548
choral	548
cilla	548
disapproval	548
dissected	548
dividends	548
ebb	548
eclair	548
fenwick	548
gae	548
gallivanting	548
graeme	548
grendel	548
grug	548
hernando	548
hieroglyphics	548
iffy	548
jovi	548
magi	548
magnify	548
mammoths	548
manifested	548
manju	548
manoeuvres	548
matchbox	548
ml	548
nietzschean	548
nonviolent	548
oahu	548
pattering	548
pisces	548
probate	548
promotes	548
purdy	548
queuing	548
quinlan	548
refueling	548
reminiscent	548
reprisals	548
saratoga	548
scammed	548
sethu	548
shil	548
sidebar	548
subliminal	548
taub	548
tentative	548
ua	548
unveiled	548
zipped	548
asami	547
bak	547
boosting	547
conch	547
conti	547
cropped	547
dismantling	547
ellingham	547
flaherty	547
floorboard	547
fuckhead	547
gallbladder	547
het	547
inescapable	547
kant	547
khurana	547
madea	547
marlboro	547
modesto	547
mohini	547
noreen	547
rc	547
rescues	547
restlessness	547
roadkill	547
roams	547
scaled	547
sikh	547
snide	547
squabbling	547
telecom	547
tierney	547
tippi	547
vapour	547
waring	547
yadda	547
zords	547
annapolis	545
annually	545
beheading	545
belligerent	545
braden	545
busybody	545
chatterbox	545
clawing	545
cogs	545
conquerors	545
counterparts	545
departmental	545
diluted	545
dreyfuss	545
farewells	545
glossy	545
grossman	545
hennessey	545
hilde	545
jabba	545
jarrett	545
jeweller	545
kneecaps	545
lieut	545
medley	545
orangutan	545
paraphernalia	545
progeny	545
slugged	545
snapshots	545
squealed	545
steeped	545
tama	545
tra	545
traumas	545
vacancies	545
abuser	544
allotment	544
arraigned	544
baguette	544
bedridden	544
behest	544
brimming	544
buyin	544
canaries	544
cancun	544
capers	544
costanza	544
djinn	544
eugenio	544
fissure	544
fuselage	544
gagarin	544
gerber	544
hows	544
imperialist	544
kita	544
kumbaya	544
marky	544
mathew	544
mediate	544
methamphetamine	544
mima	544
murderface	544
noun	544
orestes	544
originate	544
ourself	544
patter	544
patties	544
pensioners	544
ponderosa	544
popper	544
propel	544
puppeteer	544
rosanna	544
rouen	544
shortstop	544
showman	544
sincerest	544
soya	544
squalor	544
transcends	544
transgressions	544
unquote	544
wembley	544
windowsill	544
adnan	542
antennae	542
argentinean	542
backwoods	542
buongiorno	542
carabinieri	542
catered	542
cheech	542
craved	542
croaks	542
ela	542
endangerment	542
formulate	542
gamekeeper	542
ganesha	542
holiest	542
hyperdrive	542
inert	542
intermediate	542
jacinto	542
lovell	542
manservant	542
mariel	542
messaging	542
nips	542
palpitations	542
parkman	542
refrigeration	542
skirmish	542
snazzy	542
spans	542
specialties	542
tethered	542
textures	542
thankless	542
thrifty	542
uncooperative	542
vash	542
verdun	542
adriano	541
appointing	541
ariane	541
assange	541
biotech	541
broyles	541
carmelo	541
cinemas	541
collaborated	541
consoling	541
emanuel	541
flippin	541
freer	541
gauls	541
harping	541
harrowing	541
jeopardized	541
kraken	541
mannequins	541
mclane	541
midland	541
naz	541
nk	541
overzealous	541
petticoat	541
polarity	541
pressurized	541
rea	541
scattering	541
shekels	541
skimmed	541
smokescreen	541
smudged	541
sterilized	541
unrecognizable	541
vivaldi	541
wiper	541
ziegler	541
abilene	539
auctions	539
barked	539
bly	539
bream	539
cancels	539
chronos	539
clavin	539
cleft	539
decrepit	539
eventful	539
fiendish	539
fretting	539
frowning	539
havers	539
hershey	539
homeowners	539
justifiable	539
kanzaki	539
kwun	539
loathed	539
malware	539
mincemeat	539
notwithstanding	539
oomph	539
petya	539
polluting	539
potomac	539
procured	539
prosthetics	539
redskins	539
riverdale	539
shimada	539
shinobu	539
skinheads	539
sten	539
tearful	539
truest	539
voyeur	539
wray	539
baring	538
barmy	538
basements	538
crepes	538
entropy	538
geriatric	538
gnaw	538
greenwood	538
hazelnut	538
hochstetter	538
honorably	538
horned	538
hypertension	538
impossibly	538
imprinted	538
incentives	538
inertia	538
ley	538
lope	538
mailroom	538
matchmaking	538
meme	538
mili	538
multiplication	538
paki	538
palo	538
pff	538
philistine	538
phlox	538
pontius	538
puritan	538
remarked	538
saturation	538
sinkhole	538
soma	538
stockpile	538
sylar	538
toasts	538
weavers	538
westward	538
assailants	536
bade	536
beaufort	536
boog	536
captivating	536
chutes	536
conditional	536
deducted	536
designation	536
dutton	536
eben	536
evens	536
extravagance	536
flatulence	536
foreseeable	536
gallantry	536
garnett	536
garters	536
gsr	536
gunners	536
heston	536
impresses	536
initiatives	536
kenna	536
klondike	536
leprechauns	536
listings	536
marriott	536
oncoming	536
oshin	536
pastoral	536
persists	536
petter	536
proficient	536
proverbs	536
raus	536
rekha	536
responsibly	536
rusk	536
samira	536
shamans	536
shoebox	536
sigurd	536
sphincter	536
sty	536
trafalgar	536
vandalized	536
vve	536
wameru	536
winks	536
absolved	535
accumulation	535
advantageous	535
alissa	535
amps	535
assimilated	535
biochemical	535
changeling	535
cobain	535
contraception	535
converter	535
corman	535
crayfish	535
deuces	535
duels	535
ea	535
familial	535
forfeited	535
forster	535
gwendolyn	535
hoofbeats	535
hotties	535
humps	535
institutional	535
instructing	535
ivanov	535
ladylike	535
lago	535
loveable	535
machu	535
malayalam	535
mirai	535
noboru	535
obsessions	535
peacemaker	535
pentagram	535
percentages	535
plaintiffs	535
raza	535
rien	535
romulus	535
salutes	535
sd	535
separatists	535
swingers	535
transistor	535
turnbull	535
universally	535
vertebra	535
winkle	535
aldrin	534
ame	534
bbq	534
beggin	534
cantina	534
commissioners	534
concentrations	534
coolers	534
decomposed	534
deniz	534
detrimental	534
diy	534
dorn	534
dustbin	534
edu	534
escalade	534
excavations	534
grandsons	534
guggenheim	534
gwyneth	534
incur	534
informally	534
jesper	534
jogger	534
kindling	534
lada	534
lydecker	534
manipulator	534
marconi	534
mavericks	534
mcclane	534
metz	534
monti	534
narco	534
nomine	534
overdressed	534
pageants	534
pandemonium	534
paratroopers	534
rosenthal	534
rothstein	534
saxons	534
sensibly	534
sinker	534
spandex	534
tanzania	534
telltale	534
therapies	534
tornadoes	534
trollop	534
aguirre	532
amira	532
barges	532
beauregard	532
boyhood	532
bylaws	532
certify	532
colosseum	532
compatibility	532
corinthians	532
crone	532
dents	532
diggin	532
dorota	532
electrocution	532
ethically	532
flan	532
guppy	532
hardman	532
harpy	532
herschel	532
hundredth	532
hypnotist	532
implosion	532
inappropriately	532
infertile	532
jogi	532
leaflet	532
lulla	532
mccluskey	532
nantucket	532
narrowly	532
naru	532
nyang	532
oni	532
pandemic	532
parakeet	532
photons	532
pickett	532
pledging	532
profanity	532
prohibits	532
quartered	532
refine	532
rosco	532
rudnick	532
rushmore	532
savi	532
seething	532
thorny	532
toulon	532
troi	532
twiki	532
undocumented	532
agata	531
amassed	531
barrio	531
biddy	531
boleyn	531
bosoms	531
characterize	531
clio	531
effeminate	531
eroded	531
excommunicated	531
girlish	531
hy	531
hysterics	531
inhumans	531
keynote	531
knockouts	531
lyra	531
majid	531
minori	531
misdeeds	531
mobsters	531
motherly	531
nymphomaniac	531
octavius	531
placid	531
pum	531
pyotr	531
qiao	531
racquetball	531
ragtime	531
recreating	531
requiem	531
salam	531
sirree	531
stapleton	531
stoney	531
tendons	531
terminus	531
turnpike	531
unchecked	531
vacuuming	531
vicarage	531
abnormality	529
administrators	529
agrippina	529
chia	529
colic	529
collie	529
deane	529
decomposing	529
depiction	529
diggle	529
dimaggio	529
dueling	529
dwindling	529
earle	529
extravaganza	529
fontana	529
gad	529
gargoyles	529
gelatin	529
gobi	529
goss	529
graceland	529
grandmama	529
implementation	529
leery	529
legwork	529
localized	529
marten	529
mcveigh	529
mites	529
neely	529
nought	529
omnipotent	529
optimum	529
overthrown	529
pediatrics	529
ponch	529
pregnancies	529
ptolemy	529
skittish	529
substation	529
sulfuric	529
tet	529
topaz	529
xiv	529
apprised	528
ativan	528
bakes	528
bode	528
boozer	528
breton	528
brixton	528
caputo	528
ceres	528
christendom	528
cohn	528
crucible	528
enact	528
flounder	528
forties	528
gena	528
grasslands	528
guidebook	528
harkness	528
hydrate	528
jeffers	528
jemaine	528
lookee	528
menial	528
motorbikes	528
munson	528
offhand	528
prophetic	528
shatner	528
trawler	528
uncontrolled	528
weathered	528
wilds	528
yumiko	528
acorns	526
aggressor	526
aisles	526
anorexic	526
basra	526
battlefields	526
bem	526
bilateral	526
brownstone	526
buffaloes	526
cadavers	526
cadfael	526
callback	526
catatonic	526
cymbals	526
denham	526
doobie	526
drywall	526
effortless	526
elkins	526
foolhardy	526
fragmented	526
knowthat	526
lunge	526
meathead	526
michio	526
narcissism	526
overestimate	526
parley	526
pruning	526
reciprocate	526
reshma	526
resounding	526
scouted	526
seminal	526
sifting	526
slouch	526
smartphone	526
snitches	526
squarely	526
trippy	526
unprovoked	526
uppercut	526
videotaped	526
yuppie	526
alerting	525
alienate	525
allyson	525
amita	525
borscht	525
carpeting	525
coursing	525
dedicating	525
dolt	525
dregg	525
empowering	525
fervent	525
franca	525
ilse	525
ingest	525
ingmar	525
jeffersonian	525
karlsson	525
katharina	525
knotted	525
kronos	525
limber	525
montrose	525
neurosis	525
outlived	525
pablito	525
pendrick	525
precautionary	525
sanne	525
schematic	525
sikander	525
skint	525
skittles	525
smooching	525
styrofoam	525
sustaining	525
tacks	525
upheld	525
variance	525
whosoever	525
wonky	525
yielding	525
yoichi	525
yucky	525
ania	523
avoidance	523
avril	523
bartleby	523
beeswax	523
bicker	523
boasts	523
brine	523
budd	523
celts	523
crassus	523
depriving	523
gangnam	523
gluttony	523
goofed	523
hallucinate	523
igloo	523
kasim	523
knifed	523
lilian	523
loneliest	523
mmmmm	523
newlywed	523
nibbles	523
overview	523
peels	523
quaker	523
quinine	523
reeve	523
sayuri	523
schooner	523
seryozha	523
shaz	523
shetland	523
snowmobile	523
sonnet	523
substituted	523
teensy	523
timbuktu	523
topeka	523
wiles	523
wim	523
wir	523
wladek	523
wouldst	523
akio	522
archeology	522
augur	522
backstreet	522
bough	522
brendon	522
celina	522
consisting	522
crewmen	522
dank	522
dastardly	522
ejaculation	522
enthusiasts	522
gollum	522
hogwarts	522
inhibitor	522
isla	522
jerzy	522
kaspar	522
linds	522
macmillan	522
metzger	522
mica	522
microwaves	522
orcs	522
organizers	522
peony	522
potency	522
puri	522
redeeming	522
sombre	522
sosa	522
spacing	522
streep	522
sturgeon	522
tiramisu	522
tugging	522
underhanded	522
untamed	522
zwei	522
adolph	520
bedlam	520
bitsy	520
blum	520
commuter	520
copacabana	520
decoding	520
dispatches	520
dominick	520
erupts	520
estella	520
evermore	520
feminists	520
fingering	520
flaunting	520
horus	520
inscriptions	520
kaitlyn	520
kazama	520
keene	520
kouga	520
lat	520
libra	520
literacy	520
looms	520
lts	520
malin	520
mcfarland	520
middleweight	520
minsk	520
narn	520
natalya	520
obligatory	520
quell	520
racy	520
reelection	520
refills	520
ritalin	520
routing	520
rowboat	520
shizuka	520
skynet	520
snatcher	520
softie	520
sonofabitch	520
teaming	520
tri	520
tutors	520
twirling	520
workmanship	520
azusa	519
boyish	519
calorie	519
cannoli	519
cardassia	519
chippy	519
cirrhosis	519
cosgrove	519
crosshairs	519
flicking	519
floater	519
frowned	519
gardiner	519
goode	519
herto	519
indictments	519
lagina	519
laurels	519
libyan	519
lmperial	519
macklin	519
nuys	519
omission	519
ota	519
percell	519
petunia	519
prodigious	519
saba	519
sclerosis	519
seabiscuit	519
secnav	519
substitution	519
sugary	519
tadashi	519
tawdry	519
thunders	519
transgression	519
twinkie	519
virility	519
whooo	519
amiable	517
amrita	517
asif	517
athenian	517
baller	517
baptised	517
blemish	517
bothersome	517
chitty	517
custodial	517
cyborgs	517
delve	517
desecrated	517
dissolution	517
elitist	517
failings	517
fundamentalist	517
hayato	517
hein	517
hume	517
hustlers	517
iab	517
joust	517
kenyon	517
kinsman	517
laundered	517
looters	517
mahendra	517
majesties	517
manifold	517
martell	517
megha	517
merman	517
mille	517
outpatient	517
pangs	517
parasol	517
permitting	517
princely	517
quibble	517
rafts	517
relayed	517
restructuring	517
roubles	517
salons	517
simplistic	517
sokka	517
stagnant	517
stonewall	517
summed	517
thawed	517
tolly	517
uninterrupted	517
wher	517
yama	517
belson	516
caving	516
chand	516
chins	516
claret	516
condemns	516
deduced	516
deutsch	516
diggers	516
distort	516
doorways	516
dreamz	516
drugging	516
duquesne	516
elia	516
erupting	516
feelers	516
flamingos	516
frenzied	516
frugal	516
furiously	516
gentile	516
hairspray	516
hooter	516
kees	516
kn	516
laine	516
madurai	516
marzipan	516
mcclure	516
milford	516
miscalculated	516
morita	516
noblemen	516
pensive	516
piet	516
potted	516
pungent	516
sages	516
sherbet	516
skeptic	516
sssh	516
stingray	516
sublet	516
susi	516
taut	516
veneration	516
yasu	516
alisa	514
alvarado	514
ambiguity	514
aruba	514
auburn	514
bidet	514
bigtime	514
bwana	514
cookery	514
crapping	514
dais	514
decreases	514
doj	514
dozing	514
entwined	514
excesses	514
falsehood	514
flailing	514
grainger	514
griggs	514
guarantor	514
incheon	514
ivf	514
javed	514
loca	514
mathilda	514
merriment	514
mikami	514
mikkel	514
misspelled	514
mull	514
nincompoop	514
oishi	514
oppressors	514
peekaboo	514
penetrates	514
primrose	514
prospero	514
psychosomatic	514
pullin	514
renamed	514
rerouted	514
roughing	514
rpm	514
shacked	514
siddhartha	514
sistine	514
sneer	514
stiller	514
stratosphere	514
taillight	514
thunderstorms	514
timberlake	514
valuation	514
vowel	514
workroom	514
alteration	513
ano	513
anthill	513
apothecary	513
astounded	513
bijou	513
bulldogs	513
chee	513
cochrane	513
cultivation	513
dregs	513
duplicates	513
ejaculate	513
embody	513
enos	513
funnily	513
garber	513
jaunty	513
jordy	513
liposuction	513
lora	513
lyre	513
masonic	513
nuptials	513
phat	513
pon	513
quayle	513
quran	513
rainstorm	513
reigned	513
retailers	513
robocop	513
rolly	513
ryker	513
sartre	513
segregated	513
skit	513
squirts	513
syllabus	513
uncivilized	513
unzips	513
acosta	512
ajit	512
auditory	512
backroom	512
barksdale	512
befitting	512
breakfasts	512
condolence	512
culpa	512
drawback	512
dumpsters	512
fistful	512
fjord	512
fordham	512
hesse	512
husk	512
latif	512
lidia	512
lieberman	512
magneto	512
malevolent	512
materialistic	512
menon	512
methodist	512
nagai	512
neurosurgery	512
normie	512
oat	512
offthe	512
patagonia	512
playroom	512
recep	512
recognises	512
repaying	512
scampi	512
seneca	512
shenzhen	512
skillet	512
sombrero	512
talcum	512
trod	512
valenti	512
waning	512
weightless	512
westlake	512
wheaton	512
windfall	512
wormwood	512
affiliation	510
aforementioned	510
amelie	510
atrium	510
ceramics	510
cig	510
comparatively	510
contrived	510
convergence	510
costner	510
crabb	510
deductions	510
diddy	510
dietary	510
dogged	510
epitaph	510
filler	510
filtering	510
flirtation	510
flirts	510
frig	510
fuelled	510
hurst	510
hurtin	510
inclusive	510
ivana	510
lecherous	510
limes	510
loader	510
logbook	510
madeira	510
pfc	510
recorders	510
richly	510
rotates	510
rubens	510
ruffle	510
saddles	510
shruti	510
singed	510
solids	510
sousa	510
steeple	510
wooed	510
amo	509
begrudge	509
bernhard	509
blends	509
brokerage	509
campo	509
ceos	509
conceptual	509
cooties	509
cp	509
dk	509
faire	509
fifteenth	509
guddu	509
hamza	509
intercede	509
kramden	509
lapel	509
leek	509
lexa	509
magellan	509
mettle	509
nano	509
noh	509
oka	509
outwith	509
payed	509
playdate	509
renewing	509
renny	509
sau	509
sketched	509
solicit	509
strengthens	509
tattered	509
westmore	509
wheelchairs	509
woohoo	509
yano	509
annals	507
asahi	507
associating	507
barnacles	507
baseman	507
blabber	507
bogdan	507
conjuring	507
deco	507
detects	507
dialled	507
dingy	507
doppler	507
drumstick	507
germanic	507
habitats	507
hazzard	507
helmand	507
inconvenienced	507
irfan	507
janne	507
kenan	507
knockers	507
lather	507
meanie	507
metaphorical	507
mirth	507
mosques	507
nuna	507
oksana	507
patil	507
pelts	507
resolutions	507
resorted	507
retinal	507
rummaging	507
seeping	507
semblance	507
squirting	507
stealthy	507
sways	507
sweatshop	507
underpaid	507
wrecker	507
zelena	507
agamemnon	506
agendas	506
agua	506
alek	506
antennas	506
att	506
bonk	506
bumpers	506
butterfield	506
calypso	506
caricature	506
cheong	506
cocker	506
complicates	506
devine	506
diminishing	506
dreamland	506
electro	506
elliptical	506
fidgeting	506
gelato	506
glade	506
graded	506
groucho	506
gusting	506
handbrake	506
int	506
katara	506
kochi	506
kumiko	506
leafy	506
ledgers	506
lifeblood	506
locust	506
majnu	506
maul	506
monde	506
montez	506
neverland	506
nooooo	506
pothole	506
refunds	506
regains	506
repress	506
rowley	506
satsuma	506
shifter	506
signaled	506
soils	506
steakhouse	506
strep	506
takagi	506
tio	506
unloved	506
westwood	506
anon	504
archipelago	504
austerity	504
baggins	504
barnard	504
beelzebub	504
brunswick	504
buon	504
calibrated	504
cleve	504
commenced	504
dearer	504
directional	504
distillery	504
downpour	504
embodied	504
endorphins	504
fabien	504
fugue	504
gaunt	504
haig	504
handsomest	504
harrigan	504
infact	504
isha	504
kitties	504
kungfu	504
nationally	504
nuria	504
piercings	504
portrayal	504
prim	504
printout	504
propelled	504
recant	504
receivers	504
riki	504
saluting	504
savitri	504
sc	504
starlet	504
stoddard	504
straker	504
stubs	504
subterfuge	504
takeo	504
transplanted	504
xxx	504
acidity	503
backstory	503
baritone	503
brackets	503
bronchitis	503
browser	503
burials	503
coolness	503
corso	503
countryman	503
crystalline	503
designate	503
dissecting	503
djs	503
ebenezer	503
elyse	503
fatherless	503
fromm	503
galveston	503
gawain	503
helplessly	503
ick	503
jakub	503
kibworth	503
lasky	503
mathur	503
mcginty	503
misgivings	503
montero	503
mountainside	503
nilsson	503
palsy	503
poppycock	503
precocious	503
radhika	503
salut	503
shaming	503
simcoe	503
transsexual	503
trappings	503
trespassers	503
trite	503
trotsky	503
tweaking	503
wallander	503
withering	503
yangtze	503
alva	501
astoria	501
attaching	501
averages	501
bereft	501
bigotry	501
biter	501
broadcaster	501
colonoscopy	501
cruella	501
dagmar	501
dependency	501
dodgeball	501
encased	501
exertion	501
fete	501
freshener	501
garrow	501
greenery	501
honed	501
hypodermic	501
injuns	501
kokoro	501
krishnan	501
kuk	501
maryann	501
minced	501
moustaches	501
mv	501
neel	501
pauli	501
philosophies	501
phlegm	501
raves	501
shigeru	501
snowfall	501
thurman	501
toyama	501
unqualified	501
valle	501
visceral	501
waistcoat	501
wilco	501
winded	501
yangzhou	501
aback	500
akashi	500
azad	500
badshah	500
bluegrass	500
brooms	500
checker	500
coasts	500
courtiers	500
croaked	500
estonian	500
fairground	500
featherstone	500
figurine	500
foss	500
gogo	500
gower	500
gunfighter	500
haa	500
hakan	500
hardwick	500
horseshoes	500
ironclad	500
jailbird	500
juggler	500
jumbled	500
kuala	500
loc	500
lorca	500
maloney	500
midshipman	500
motherfuck	500
mulholland	500
orderlies	500
ottomans	500
parallels	500
purrs	500
ramya	500
rocksteady	500
rucksack	500
selfishly	500
shear	500
shingles	500
singleton	500
soloist	500
stanhope	500
subscribers	500
sumerian	500
televisions	500
toddlers	500
vermeer	500
weldon	500
yasuko	500
acrobats	498
bloodied	498
bundled	498
calluses	498
chappie	498
chiffon	498
conducts	498
culver	498
deniability	498
differs	498
dolled	498
eczema	498
enamel	498
environmentally	498
falklands	498
ff	498
fianc	498
garlands	498
gir	498
glimpses	498
gosling	498
gudrun	498
inuit	498
kabuki	498
labourer	498
marinated	498
masala	498
mcclellan	498
mengele	498
murakami	498
oppress	498
procedural	498
pushers	498
redundancy	498
scaredy	498
strasbourg	498
suzi	498
towne	498
trimmings	498
adrenalin	497
agos	497
amma	497
bedpan	497
betterment	497
bonne	497
bouncers	497
bowery	497
bruiser	497
caravans	497
clamouring	497
commodus	497
conceit	497
controllers	497
curzon	497
devours	497
encampment	497
energize	497
frigate	497
galahad	497
guardianship	497
hacksaw	497
hickman	497
hitters	497
hovv	497
hyatt	497
investigates	497
jaan	497
joong	497
kojima	497
librarians	497
mangal	497
mcphee	497
mists	497
nagano	497
norwegians	497
norwich	497
pookie	497
predominantly	497
primeval	497
reliant	497
retrial	497
sandpaper	497
shebang	497
sheltering	497
stalkers	497
subside	497
surmise	497
terminals	497
thrower	497
trix	497
turpentine	497
utilized	497
verdi	497
volition	497
wellbeing	497
woolf	497
abhimanyu	495
airwolf	495
aldrich	495
alejandra	495
algernon	495
audited	495
bohr	495
botanist	495
bowden	495
brainstorming	495
cambodian	495
cobras	495
combatants	495
concise	495
cramming	495
elvin	495
fatah	495
googling	495
harmonic	495
hassles	495
holman	495
hora	495
invigorating	495
kavya	495
knapsack	495
kohler	495
layered	495
lisp	495
maradona	495
midair	495
millet	495
mordred	495
noonan	495
opinionated	495
peon	495
preceding	495
preemptive	495
prosciutto	495
repayment	495
shingo	495
showgirl	495
showy	495
tadpoles	495
tinsel	495
toppings	495
unchanging	495
undignified	495
uninteresting	495
yeager	495
abnormally	494
accomplishing	494
advisement	494
alphas	494
astern	494
barrie	494
batten	494
blasters	494
cardiovascular	494
centaur	494
chie	494
civility	494
comstock	494
cornea	494
deciphered	494
emmalin	494
excavate	494
glib	494
globally	494
govt	494
guk	494
hedda	494
hoboken	494
hoisted	494
leasing	494
mclean	494
membranes	494
mirko	494
modestly	494
mylene	494
neurology	494
nipping	494
nymphs	494
overthe	494
pensioner	494
pita	494
playoff	494
poops	494
progresses	494
rajasthan	494
savagery	494
shaves	494
shino	494
slayers	494
summation	494
tecumseh	494
thrush	494
thunderous	494
topical	494
turnoff	494
unrelenting	494
woodruff	494
zito	494
bedouin	492
bereavement	492
breeders	492
bridle	492
burrell	492
ema	492
embassies	492
emitted	492
fob	492
foxhole	492
havisham	492
hooten	492
humbling	492
instill	492
interlude	492
jaden	492
jeeps	492
kavanaugh	492
loveliness	492
macarena	492
maharaja	492
maim	492
mcginnis	492
nastya	492
paise	492
polenta	492
potluck	492
prashant	492
rashmi	492
reals	492
renders	492
rosina	492
schaeffer	492
sexting	492
shockwave	492
simi	492
sonu	492
spokes	492
stickup	492
tailors	492
toasty	492
toranaga	492
treehouse	492
undersecretary	492
venu	492
villainous	492
yeller	492
yoyo	492
zippy	492
zoidberg	492
aaahhh	491
abductor	491
abound	491
afghans	491
akron	491
apprentices	491
bartending	491
boogers	491
boyer	491
cagey	491
catastrophes	491
cheep	491
cockeyed	491
colson	491
condemnation	491
cowabunga	491
decrees	491
errant	491
exposition	491
fabled	491
falcons	491
fatigued	491
fl	491
guadalupe	491
guile	491
hoff	491
invoking	491
literate	491
maddening	491
maori	491
marvels	491
milligan	491
mora	491
nipper	491
qian	491
snapchat	491
spectral	491
steely	491
stroud	491
tahir	491
tomorrows	491
wellesley	491
wrangle	491
yura	491
abrasive	490
andhra	490
arrowhead	490
aum	490
belated	490
brackett	490
bremer	490
brunettes	490
cadmus	490
chewie	490
clocking	490
confederates	490
confidante	490
cutlets	490
earful	490
earhart	490
electrocute	490
endorsements	490
equestrian	490
gat	490
gerardo	490
hams	490
implementing	490
incessantly	490
influx	490
isotope	490
knoxville	490
kuni	490
metin	490
muttley	490
nisa	490
outlines	490
outweigh	490
pansies	490
posturing	490
profusely	490
psalms	490
pulaski	490
quasimodo	490
recklessness	490
reformatory	490
repaint	490
ribbit	490
saddens	490
sion	490
skids	490
soba	490
stammer	490
waterworks	490
worshippers	490
yeoman	490
barbecues	488
barrack	488
belching	488
bobcat	488
bouquets	488
broach	488
butchering	488
buxton	488
cardiology	488
clashing	488
codeine	488
conners	488
cou	488
disqualify	488
dreyfus	488
epsilon	488
fantasized	488
feliz	488
frigg	488
fumbling	488
ganja	488
geeky	488
gulag	488
hogwash	488
janitors	488
jeopardise	488
limos	488
manticore	488
marauder	488
mcmillan	488
melina	488
nva	488
occipital	488
ogle	488
oli	488
perpetuate	488
philippine	488
pieter	488
ruffled	488
shaver	488
spectre	488
spunky	488
starkey	488
subscriber	488
thumper	488
traceable	488
undergarments	488
ashtrays	487
beavis	487
birdies	487
bluth	487
bumbling	487
calliope	487
carstairs	487
caucus	487
characterized	487
choreographed	487
falconer	487
fc	487
georgette	487
handpicked	487
hanim	487
hikers	487
hosanna	487
hydro	487
hypochondriac	487
instituted	487
interned	487
inthe	487
laertes	487
latched	487
launchers	487
lender	487
mcdermott	487
mullah	487
nadir	487
neutrinos	487
offside	487
orifice	487
parasitic	487
peyote	487
planners	487
presided	487
ramones	487
rehabilitate	487
repulsed	487
richelieu	487
roofie	487
satsuki	487
scribbled	487
seppuku	487
sifu	487
spastic	487
spellman	487
sprouted	487
svend	487
synod	487
tommie	487
vas	487
venereal	487
wolfie	487
yellows	487
admirably	485
adolescents	485
alt	485
anagram	485
analog	485
arvin	485
atreides	485
bearers	485
bogota	485
bosun	485
bracing	485
bubonic	485
cathedrals	485
chode	485
coe	485
defector	485
definitions	485
duma	485
dunphy	485
eff	485
empathize	485
eri	485
evolves	485
executioners	485
fedor	485
gd	485
hapless	485
hogg	485
holistic	485
idris	485
indiscretions	485
interceptor	485
interrogator	485
invasions	485
kanto	485
kinoshita	485
kovacs	485
maize	485
malek	485
manifestations	485
marianna	485
maribel	485
mistreat	485
nagoya	485
nicu	485
picchu	485
pigheaded	485
plagiarism	485
plunkett	485
popes	485
postmaster	485
remmy	485
sensibilities	485
smarten	485
soir	485
standup	485
stenographer	485
tali	485
theological	485
toda	485
touchdowns	485
underrated	485
undersea	485
undisclosed	485
unify	485
untrustworthy	485
upkeep	485
walkway	485
wavelengths	485
winchell	485
yukie	485
zina	485
zoila	485
alleluia	484
almanac	484
ammonium	484
beatle	484
bremen	484
compiling	484
cowell	484
disembark	484
downtime	484
durango	484
dvr	484
dyslexic	484
eastbound	484
eng	484
excelled	484
gauguin	484
geri	484
gogol	484
harmonies	484
healthiest	484
inherits	484
jena	484
kissy	484
lyn	484
motoring	484
okra	484
parietal	484
peacetime	484
platelets	484
recipients	484
renewable	484
roared	484
romain	484
rota	484
scurry	484
seti	484
slurred	484
spiced	484
terrell	484
tho	484
tryst	484
ul	484
unearth	484
vecchio	484
whipple	484
abercrombie	482
akita	482
argos	482
backfires	482
bardot	482
benidorm	482
bubbs	482
bulldozers	482
byrnes	482
celtics	482
commandeer	482
conclave	482
cower	482
credence	482
decoys	482
eardrums	482
elites	482
espinosa	482
evaluating	482
fcc	482
foraging	482
furnishings	482
goddaughter	482
groveling	482
hugger	482
indignity	482
jacobson	482
javelin	482
joaquim	482
mariner	482
mentoring	482
miho	482
mms	482
mobs	482
nettie	482
orca	482
paraffin	482
parisians	482
poughkeepsie	482
rearranging	482
ritu	482
rumplestiltskin	482
runaround	482
slaved	482
souza	482
stoic	482
stunner	482
suckling	482
tamika	482
taming	482
thrusting	482
toner	482
urquhart	482
viviane	482
zord	482
alors	481
antti	481
bjarne	481
blankenship	481
braille	481
cabernet	481
candleford	481
cavemen	481
commandeered	481
danziger	481
debtors	481
defcon	481
deleting	481
dosa	481
dreyer	481
ejection	481
epps	481
fuchsia	481
gentiles	481
glynn	481
gravedigger	481
hurtling	481
innards	481
italia	481
jeon	481
jointly	481
madwoman	481
marceau	481
mozambique	481
multi	481
nadja	481
navarre	481
overwhelmingly	481
presentations	481
rainwater	481
rath	481
reveille	481
rinaldi	481
salzburg	481
sangria	481
scooch	481
sellout	481
silken	481
stealthily	481
taxed	481
tellers	481
tranq	481
vowels	481
zafar	481
atv	479
austere	479
backer	479
ballantine	479
bally	479
barnyard	479
bleh	479
boughs	479
brawling	479
cleats	479
ditty	479
drummers	479
eally	479
excavating	479
feign	479
flax	479
gaylord	479
glam	479
grids	479
haiku	479
hampstead	479
hermano	479
hideously	479
holograms	479
infringement	479
kendo	479
leclerc	479
loopholes	479
lugging	479
mutate	479
nasir	479
newsome	479
oftentimes	479
personalized	479
piranhas	479
rashly	479
rocha	479
rooks	479
sadler	479
sancti	479
scripted	479
serotonin	479
speculative	479
thimble	479
tonne	479
tracksuit	479
vivi	479
wording	479
arbitration	478
backers	478
brigham	478
charlemagne	478
conduits	478
cutlet	478
dilbert	478
discordant	478
eid	478
electrifying	478
erratically	478
freedman	478
frequented	478
gervais	478
giddyap	478
glendale	478
grille	478
hurling	478
impede	478
iota	478
jackasses	478
jughead	478
kodak	478
kou	478
lando	478
leadeth	478
luthorcorp	478
malkovich	478
mirjana	478
monies	478
mothballs	478
motivates	478
opportune	478
perspectives	478
poppies	478
prithee	478
procreation	478
quirk	478
radiating	478
rajveer	478
reykjavik	478
sada	478
skanks	478
socialite	478
spats	478
sputnik	478
stent	478
suzanna	478
tobe	478
variant	478
zigzag	478
accompanies	476
acidic	476
amphibious	476
betsey	476
bullard	476
caliphate	476
calvary	476
carat	476
colts	476
copter	476
cordell	476
cushing	476
cusp	476
debilitating	476
decapitation	476
deformity	476
earthy	476
eclectic	476
enforcing	476
fane	476
flops	476
fukushima	476
ganz	476
gatorade	476
goofball	476
graf	476
guava	476
helmsman	476
hymen	476
indochina	476
invades	476
janette	476
keanu	476
keyboards	476
lancer	476
ligament	476
maeby	476
muirfield	476
mundy	476
outlandish	476
pasted	476
pauses	476
pows	476
regents	476
reprogrammed	476
resolving	476
salmonella	476
sheetal	476
shoeshine	476
sixteenth	476
slur	476
swingin	476
tobi	476
trills	476
unconstitutional	476
vizag	476
wolowitz	476
alo	475
armaments	475
bested	475
bevan	475
britons	475
bushel	475
clit	475
congested	475
coogan	475
cordova	475
darl	475
depose	475
eachother	475
exploratory	475
fascinate	475
flannery	475
fon	475
foreground	475
hoffmann	475
ibuprofen	475
iru	475
jutland	475
kiddy	475
lagging	475
latinos	475
londo	475
mantelpiece	475
molestation	475
mooning	475
nobita	475
popsicles	475
prankster	475
preside	475
provokes	475
puffer	475
ramps	475
reinhold	475
renaud	475
roping	475
sik	475
sleight	475
slobs	475
sobered	475
sorcerers	475
spooner	475
stacie	475
successive	475
thinning	475
triceratops	475
unfathomable	475
uproot	475
vermilion	475
vetting	475
videotapes	475
winnetou	475
xvi	475
attache	473
becket	473
belive	473
bim	473
brentwood	473
brisbane	473
bunches	473
burnside	473
caped	473
cataclysmic	473
cooter	473
copeland	473
countermeasures	473
cripes	473
disputed	473
elgin	473
familia	473
fleetwood	473
forage	473
gere	473
geyser	473
greenleaf	473
guesswork	473
hamas	473
happenings	473
henhouse	473
heyes	473
ifthey	473
inauspicious	473
inexplicably	473
ishii	473
jetta	473
jurgen	473
karmic	473
kenta	473
knockoff	473
ladybird	473
lesbo	473
nefertiti	473
peewee	473
pheasants	473
pittance	473
planter	473
raffi	473
rumpus	473
rustlers	473
sarang	473
sedition	473
sek	473
shopkeepers	473
sichuan	473
starfire	473
startup	473
taekwondo	473
toms	473
traipsing	473
unattainable	473
veneer	473
venezuelan	473
wanderers	473
woz	473
wudang	473
aesthetics	472
alienation	472
amal	472
batcave	472
blocker	472
chewbacca	472
churchyard	472
clobbered	472
clod	472
commemorative	472
cosmology	472
darrah	472
depicting	472
envoys	472
exiles	472
ferocity	472
forego	472
galleys	472
grodd	472
hasegawa	472
higuchi	472
ight	472
inaudibly	472
iniquity	472
insertion	472
instructive	472
joana	472
kamil	472
kazumi	472
lannister	472
miscalculation	472
mubarak	472
newbies	472
obstructed	472
pau	472
powders	472
procreate	472
riverbed	472
rostov	472
screwup	472
shabana	472
shuttlecraft	472
songbird	472
sprouting	472
squalid	472
sugarcane	472
tacoma	472
tawni	472
tenderloin	472
terminating	472
thongs	472
thorin	472
tsutomu	472
waken	472
whaddaya	472
accumulating	470
adeline	470
aggravate	470
ainsley	470
amended	470
arvind	470
balfour	470
boarder	470
capitalize	470
chomp	470
colombo	470
complimenting	470
demarco	470
eloquence	470
erotica	470
esoteric	470
fedex	470
galt	470
guruji	470
heaters	470
hinky	470
indulgent	470
insecticide	470
interconnected	470
jabs	470
leonie	470
maam	470
mimosa	470
motivations	470
nylons	470
obliging	470
padua	470
palazzo	470
pickering	470
piglets	470
reparations	470
salamanca	470
spicer	470
stubble	470
styx	470
tanja	470
tardiness	470
thoreau	470
undergrad	470
wardens	470
abbess	469
anoint	469
araki	469
arousal	469
bain	469
ballplayer	469
bhaskar	469
cagliostro	469
campos	469
carnivore	469
ceci	469
confronts	469
consummated	469
decayed	469
emmanuelle	469
evita	469
felder	469
fiercest	469
genovese	469
govind	469
grazia	469
hanlon	469
harumi	469
hellman	469
hysterectomy	469
impeachment	469
jacinta	469
kerchief	469
mireille	469
neigh	469
nidge	469
ogres	469
omitted	469
particulates	469
pillowcase	469
racially	469
radiate	469
reddish	469
refrigerators	469
scaling	469
scipio	469
stroh	469
sui	469
urchins	469
winkler	469
abhor	468
affleck	468
aleksandr	468
anesthesiologist	468
anibal	468
arenas	468
backtrack	468
bolivar	468
cartoonist	468
chipmunks	468
cilantro	468
citywide	468
cleverness	468
cloister	468
communicates	468
elspeth	468
espheni	468
fanciful	468
farmed	468
fitter	468
flooring	468
fondling	468
furnaces	468
garnier	468
gdr	468
hermitage	468
internment	468
jamboree	468
jarl	468
krebs	468
masturbated	468
montevideo	468
morello	468
netherworld	468
omelets	468
outwards	468
parable	468
pore	468
premiums	468
probabilities	468
resents	468
rickey	468
saviors	468
spitter	468
stragglers	468
swordsmen	468
tortillas	468
uncompromising	468
waterman	468
wooh	468
angular	466
aught	466
benched	466
bolognese	466
brandenburg	466
chappy	466
cloakroom	466
colvin	466
conclusively	466
contemporaries	466
coolidge	466
cornfed	466
cousteau	466
crescendo	466
delude	466
fanta	466
fawcett	466
ferns	466
gertrud	466
gumball	466
handguns	466
headgear	466
hetero	466
inserting	466
kickboxing	466
krish	466
leonidas	466
liao	466
masaru	466
meggie	466
mert	466
mesmerizing	466
metcalf	466
miri	466
molloy	466
morrie	466
natsuki	466
nguyen	466
nipped	466
niu	466
overthink	466
palp	466
poodles	466
punter	466
rahim	466
raring	466
saburo	466
shoal	466
silliness	466
tats	466
theis	466
trotting	466
tuff	466
turntable	466
unlisted	466
violetta	466
visage	466
wifi	466
wolfram	466
worsened	466
afterthe	465
anatomical	465
antifreeze	465
baskerville	465
bellow	465
biochemistry	465
bottling	465
buzzy	465
caspian	465
cecilie	465
chinks	465
chiseled	465
compositions	465
croupier	465
eeyore	465
eleni	465
encountering	465
fission	465
ginsberg	465
harada	465
hehe	465
hoynes	465
ipo	465
jamil	465
kelton	465
kristine	465
lagos	465
lightness	465
milligram	465
misbehaved	465
miura	465
papua	465
pelle	465
psychotherapy	465
safeguards	465
scuff	465
shawna	465
shorthanded	465
sinning	465
sto	465
tranquillity	465
unmask	465
untreated	465
unwavering	465
vai	465
vehicular	465
volkoff	465
xiomara	465
yom	465
amina	463
analysing	463
appetizing	463
awesomeness	463
ayodhya	463
bandstand	463
baum	463
beefy	463
bohemia	463
capes	463
centennial	463
circe	463
clea	463
contraire	463
criminology	463
dietz	463
dingle	463
disarming	463
dottore	463
drachmas	463
dredging	463
eveybody	463
excavator	463
ferrets	463
footnote	463
frazzled	463
girlies	463
gona	463
governs	463
gunk	463
haim	463
hillbillies	463
horsing	463
huggy	463
insurmountable	463
jacoby	463
jaeger	463
mainwaring	463
mccallister	463
merch	463
milkshakes	463
monotony	463
nobler	463
nye	463
odell	463
organist	463
palladium	463
pms	463
purging	463
realy	463
sagging	463
sarita	463
serrated	463
servicemen	463
shallows	463
softy	463
soundproof	463
spiraling	463
steinberg	463
taeko	463
temperate	463
tompkins	463
torrente	463
torturer	463
uncontrollably	463
vastness	463
zoltan	463
absorption	462
adjournment	462
affirmation	462
alfalfa	462
amitabh	462
anecdotes	462
appleton	462
aretha	462
avinash	462
awoken	462
bachman	462
ballads	462
bellini	462
bonn	462
breeches	462
chiquita	462
cirie	462
commited	462
contradicts	462
corrosive	462
curley	462
eriksson	462
exasperated	462
excitable	462
exhume	462
foreclosed	462
guerillas	462
hauptmann	462
hiked	462
himalayan	462
ici	462
inebriated	462
isotopes	462
jk	462
kidnaps	462
lettering	462
litt	462
mage	462
maldives	462
marchand	462
mazda	462
mckee	462
newsman	462
newsweek	462
packers	462
paraded	462
pendejo	462
pickups	462
preyed	462
propriety	462
roomy	462
shalu	462
shia	462
shins	462
sian	462
sidecar	462
skewer	462
skier	462
slattery	462
slovakia	462
speculated	462
spousal	462
swarms	462
whinny	462
whopping	462
xiong	462
allegra	460
ambiance	460
anniversaries	460
blaire	460
cammy	460
contradicting	460
corbyn	460
darin	460
defrost	460
depicts	460
discoloration	460
dol	460
droll	460
estrella	460
evander	460
exhibitions	460
gaspar	460
gothenburg	460
greenpeace	460
habla	460
hijo	460
hopelessness	460
implicitly	460
kiln	460
laredo	460
layoffs	460
lilacs	460
macduff	460
marchioness	460
marni	460
morwenna	460
occurrences	460
outposts	460
pieced	460
ploughed	460
plummeting	460
polygamy	460
raff	460
redone	460
resonate	460
saz	460
shibata	460
speedo	460
steamboat	460
tangier	460
vauxhall	460
vos	460
whassup	460
amped	459
anil	459
boarders	459
boer	459
cautionary	459
caymans	459
chisholm	459
cumin	459
dignify	459
distal	459
establishments	459
evaded	459
evemhing	459
fertilize	459
flamethrower	459
forthright	459
geary	459
georgy	459
ginnie	459
kingman	459
lightsaber	459
lz	459
mauritius	459
mecha	459
merv	459
mikayla	459
misbehaving	459
nazarene	459
nether	459
noche	459
pasolini	459
pioneered	459
poppet	459
poul	459
prance	459
prejudicial	459
redacted	459
sanctified	459
shanks	459
subdural	459
synthesis	459
tana	459
tawny	459
tenuous	459
undisciplined	459
veeru	459
vinaigrette	459
vivienne	459
volodya	459
willfully	459
amitabha	457
asli	457
astonishingly	457
atavus	457
boaz	457
boswell	457
brenna	457
celestine	457
cholo	457
cordero	457
deveraux	457
divorcee	457
eeny	457
effortlessly	457
ettore	457
exhumed	457
faithfulness	457
feasts	457
ganging	457
gehrig	457
ghana	457
hookfang	457
houseguest	457
iben	457
kazan	457
laudanum	457
loathing	457
mountie	457
nanking	457
peta	457
pulsar	457
ragging	457
ralf	457
redfern	457
rickety	457
salinas	457
scrounge	457
scurrying	457
scusi	457
scuttle	457
shota	457
sobering	457
squelching	457
stunted	457
taxicab	457
teaser	457
timeout	457
understaffed	457
unwashed	457
wiggly	457
adulterer	456
airbag	456
beacons	456
bhau	456
campground	456
carsten	456
chandramukhi	456
cranked	456
damme	456
disguising	456
dukat	456
effendi	456
expectant	456
forsaking	456
gantry	456
governance	456
gru	456
halloran	456
huber	456
ismael	456
jenni	456
johansen	456
kass	456
kitano	456
koga	456
lackeys	456
lela	456
letdown	456
lfl	456
limey	456
lite	456
mclntyre	456
menthol	456
mojitos	456
muss	456
mutagen	456
nourished	456
onslow	456
outgunned	456
overthinking	456
parlors	456
pg	456
poxy	456
radu	456
rager	456
rekindle	456
saboteurs	456
samara	456
savino	456
scalps	456
sectionals	456
shrubs	456
somewheres	456
supposition	456
sympathise	456
synthesizer	456
timings	456
vite	456
wyler	456
avatars	454
balmy	454
beholden	454
boatload	454
bolster	454
bovary	454
capitaine	454
chalky	454
choco	454
coed	454
colouring	454
contemplated	454
curvature	454
dragan	454
easygoing	454
evel	454
fevers	454
fielder	454
foosball	454
fras	454
garak	454
girth	454
goop	454
gussie	454
horseradish	454
igt	454
implode	454
incidental	454
jaggi	454
josette	454
klicks	454
knievel	454
liston	454
madoff	454
manna	454
minos	454
newsflash	454
orchards	454
overland	454
overriding	454
palme	454
plummeted	454
pongo	454
porgy	454
predetermined	454
rochefort	454
ruffles	454
savour	454
scavenging	454
secretarial	454
shipmates	454
squeezes	454
stateroom	454
streamlined	454
swooped	454
transmits	454
tweety	454
uncomplicated	454
alka	453
antagonize	453
artur	453
ascot	453
baseless	453
bequeathed	453
blackest	453
cantrell	453
chiara	453
chihiro	453
clauses	453
cleverest	453
deader	453
decomp	453
deej	453
degeneration	453
dinero	453
duplicated	453
fallujah	453
fergie	453
flunking	453
geezers	453
geo	453
glancing	453
halil	453
hallam	453
humpback	453
huntsman	453
hypnotism	453
immeasurable	453
insinuate	453
itto	453
jiu	453
manav	453
mastering	453
matsu	453
ncaa	453
nerys	453
paramilitary	453
patris	453
perspiration	453
progressively	453
psychoanalyst	453
rediscover	453
remodeled	453
retrograde	453
ricans	453
rutger	453
scooters	453
slabs	453
slobbering	453
spearhead	453
srt	453
tatters	453
tiana	453
toppled	453
tributes	453
wasnt	453
wriggling	453
adderall	451
aslan	451
bolin	451
burg	451
capoeira	451
cask	451
cheetahs	451
corrie	451
couldnt	451
descendents	451
diagonal	451
discontinue	451
eco	451
eko	451
erie	451
eval	451
forgo	451
generalissimo	451
heisenberg	451
khartoum	451
kk	451
liliana	451
macleish	451
mobius	451
mosey	451
multiverse	451
petrus	451
piggies	451
ramesses	451
rance	451
recheck	451
rewrote	451
rowed	451
seep	451
senegal	451
sepsis	451
shriveled	451
squatter	451
suckered	451
sustains	451
telex	451
thickens	451
toiled	451
tp	451
ufc	451
vinod	451
whos	451
yugoslav	451
abla	450
additions	450
applicable	450
arbiter	450
authorizing	450
barstow	450
batiatus	450
bernhardt	450
cervantes	450
contrition	450
crawfish	450
dejected	450
dilation	450
felled	450
greenie	450
grossed	450
haggling	450
harken	450
heyday	450
impressionist	450
juke	450
juveniles	450
kamini	450
keenly	450
lawyered	450
leonor	450
loosening	450
manya	450
mcintyre	450
mementos	450
minoru	450
miseries	450
mlle	450
molar	450
moreland	450
paperweight	450
partnerships	450
polack	450
retention	450
rickman	450
romp	450
sacking	450
savant	450
sizzles	450
smock	450
stillson	450
tycho	450
unclaimed	450
westbound	450
zan	450
asthmatic	449
bama	449
binford	449
brogan	449
bunt	449
burnout	449
collard	449
cranberries	449
crawler	449
deets	449
delacroix	449
deliberations	449
directives	449
drafty	449
ebba	449
enchantress	449
estep	449
fagin	449
fireballs	449
freemasons	449
friendlier	449
gael	449
handprint	449
ipek	449
issa	449
itt	449
janaki	449
janko	449
kiku	449
kismet	449
kline	449
lapdog	449
mandible	449
metallica	449
mountainous	449
notifying	449
paterson	449
pipsqueak	449
playmates	449
queensland	449
rabbis	449
rectangle	449
renown	449
scaly	449
seducer	449
slavic	449
spalding	449
subsidy	449
susy	449
tomahawk	449
undergraduate	449
unexplainable	449
unintentional	449
wino	449
acrylic	447
agustin	447
airliner	447
ako	447
americana	447
amis	447
anata	447
ara	447
avocados	447
beatboxing	447
cates	447
caulfield	447
chil	447
commended	447
comparisons	447
conlon	447
corwin	447
dogging	447
doi	447
fathoms	447
finito	447
florins	447
globalization	447
gorgon	447
hier	447
huston	447
ine	447
liddy	447
mitsuru	447
monocle	447
nonsensical	447
osvaldo	447
powwow	447
promissory	447
repented	447
rescuers	447
retains	447
ridgeway	447
rumple	447
sirloin	447
stoy	447
stratford	447
supremely	447
tangiers	447
unbiased	447
villainy	447
vir	447
whoopi	447
wolsey	447
wor	447
xanadu	447
yukimura	447
angina	446
applebee	446
asako	446
barbary	446
bayonne	446
bicarbonate	446
blowfish	446
boisterous	446
boor	446
booyah	446
boyo	446
budgie	446
buzzkill	446
caregiver	446
cojones	446
copping	446
coyle	446
cussing	446
daydreams	446
ddr	446
decompose	446
diggs	446
disloyalty	446
dooku	446
drunkenly	446
dyes	446
euphoric	446
gated	446
gordie	446
gush	446
haute	446
heroically	446
identifiable	446
incinerate	446
intervening	446
inverse	446
ishmael	446
jaipur	446
jalopy	446
jeet	446
junta	446
keira	446
langer	446
manoj	446
misused	446
orly	446
payoffs	446
perrier	446
prescribing	446
roop	446
rumsfeld	446
screamin	446
siena	446
spiky	446
spurned	446
stiletto	446
strategize	446
swayze	446
synaptic	446
tamales	446
tthe	446
verbatim	446
weevil	446
yore	446
anaphylactic	444
asakura	444
basilica	444
bellman	444
beluga	444
bloodstained	444
capra	444
catechism	444
clogging	444
coburn	444
converging	444
crockery	444
dec	444
erectile	444
fitzroy	444
fledgling	444
fritter	444
glaucoma	444
gov	444
groped	444
kimmel	444
kuen	444
lapsed	444
linoleum	444
lobbyists	444
mcbain	444
meeny	444
mildew	444
mustaches	444
mysticism	444
operatic	444
outbid	444
pavlov	444
proportional	444
provenance	444
puddings	444
rescind	444
roche	444
sardinia	444
slits	444
sparse	444
spitz	444
ste	444
suleyman	444
sunnyvale	444
swifty	444
tearfully	444
unconsciousness	444
underdogs	444
vel	444
vying	444
xerxes	444
addictions	443
ashford	443
azure	443
candied	443
choe	443
commendatore	443
disorientation	443
doruk	443
eda	443
emphatically	443
engages	443
enright	443
facedown	443
fortify	443
fosters	443
growers	443
hails	443
harkonnen	443
hassled	443
humphries	443
kike	443
kourtney	443
kuroda	443
legality	443
machado	443
mayko	443
moonstone	443
narnia	443
nuance	443
pbht	443
peepers	443
pettigrew	443
pharma	443
phrasing	443
piedmont	443
roadhouse	443
rovers	443
seashells	443
shouidn	443
skupin	443
telepath	443
tentacle	443
tereza	443
thorndyke	443
touker	443
unfeeling	443
wean	443
winging	443
apologetic	441
ariana	441
authenticate	441
bandana	441
bolus	441
cherub	441
commencement	441
compensating	441
decommissioned	441
deductible	441
empower	441
enchilada	441
eugenics	441
fervor	441
flurry	441
fook	441
fortresses	441
gangbanger	441
girardi	441
grime	441
hak	441
hieroglyphs	441
immorality	441
innocuous	441
interception	441
jailbreak	441
jyoti	441
krampus	441
maeve	441
millimetre	441
mooch	441
powerfully	441
rationalize	441
reactivate	441
refresher	441
replicated	441
reproduced	441
sapporo	441
sena	441
shrivel	441
squished	441
stasi	441
stepsister	441
synchronization	441
tablecloths	441
taunts	441
ticktock	441
tigh	441
tripathi	441
typewriters	441
wiggins	441
yutaka	441
asta	440
aster	440
buyout	440
castration	440
catnip	440
comte	440
conducive	440
cowering	440
culpepper	440
delightfully	440
dennison	440
didrt	440
dissatisfaction	440
divvy	440
dunlop	440
earphones	440
eggshells	440
evaporates	440
fedora	440
fenced	440
flexing	440
forearms	440
fornell	440
fourteenth	440
gamers	440
gees	440
giordano	440
greenfield	440
harbinger	440
henny	440
hostesses	440
huntress	440
imperfection	440
insincere	440
jassi	440
javert	440
jettison	440
kickbacks	440
kublai	440
kurds	440
mete	440
moxie	440
muffy	440
mulch	440
nudie	440
overpaid	440
panisse	440
propped	440
raghavan	440
rashes	440
redevelopment	440
seizes	440
skilful	440
snitching	440
stoves	440
takuya	440
thistle	440
togo	440
trieste	440
vena	440
vindicated	440
vlado	440
wisteria	440
wounding	440
zoran	440
affidavits	438
ambien	438
arent	438
ascendant	438
astonishment	438
bailout	438
bef	438
blech	438
bombard	438
braithwaite	438
chandigarh	438
comas	438
conny	438
desecration	438
deus	438
disapproved	438
dit	438
driftwood	438
earnestly	438
emy	438
escapade	438
fatale	438
fedya	438
fiberglass	438
flirtatious	438
foetus	438
freeways	438
fuming	438
galan	438
giorno	438
glimpsed	438
greenway	438
hales	438
harvester	438
humboldt	438
inlet	438
invents	438
ith	438
kilmer	438
ks	438
merchandising	438
mino	438
mose	438
overt	438
requisitioned	438
ryota	438
shuffled	438
siya	438
skimpy	438
snarl	438
stauffenberg	438
stopper	438
trojans	438
truant	438
tunis	438
weaklings	438
weekdays	438
wheelie	438
whitelighter	438
worsen	438
wrongfully	438
yuh	438
achieves	437
ackroyd	437
admittance	437
assuredly	437
asterix	437
biscotti	437
blockers	437
broussard	437
budging	437
coffeehouse	437
constructions	437
dawdling	437
embalmed	437
engrossed	437
fairytales	437
fok	437
fuckface	437
gacy	437
griswold	437
gyp	437
hoppy	437
ind	437
infraction	437
kami	437
kenshin	437
lusty	437
macaroons	437
mmh	437
modus	437
mothering	437
napier	437
nestled	437
ock	437
pakistanis	437
petar	437
pitted	437
propellers	437
sandbags	437
slaw	437
slinky	437
softest	437
speakeasy	437
starks	437
stillborn	437
streamers	437
treadwell	437
truffaut	437
vaccinations	437
vaporize	437
waterways	437
weirdoes	437
wilmington	437
wolfblood	437
woodman	437
wouldnt	437
zooey	437
aaaaaah	435
aaahh	435
adric	435
aly	435
anomalous	435
axelrod	435
beasley	435
beauchamp	435
bec	435
breakdowns	435
bunyan	435
butchie	435
colada	435
cordially	435
crevice	435
deference	435
deficient	435
drumsticks	435
duffer	435
ecosystems	435
fables	435
fantasia	435
hairdressers	435
hammy	435
hatun	435
headlong	435
hovercraft	435
hygienist	435
ignites	435
indignant	435
kaan	435
kosuke	435
letitia	435
lita	435
loxley	435
misstep	435
neckline	435
neumann	435
nimrod	435
oshima	435
ouyang	435
pampering	435
ploughing	435
ravan	435
rearing	435
sameera	435
schrader	435
scudder	435
shukla	435
slava	435
stallions	435
terraces	435
tilting	435
toph	435
tought	435
trager	435
unduly	435
usman	435
vassals	435
wal	435
walther	435
waylon	435
yakov	435
yim	435
amulets	434
aperitif	434
aru	434
arvid	434
balconies	434
bekir	434
belcher	434
boroughs	434
brassiere	434
breadcrumbs	434
cancerous	434
cappy	434
clouseau	434
codename	434
coldly	434
comandante	434
confederation	434
denser	434
electroshock	434
garrick	434
glacial	434
goff	434
hef	434
hjalmar	434
hokage	434
improperly	434
instantaneously	434
intravenous	434
julianna	434
keisuke	434
lemmy	434
lovett	434
madhav	434
mandolin	434
masonry	434
mie	434
norrie	434
paan	434
pasteur	434
preys	434
pudgy	434
rebus	434
rile	434
rodin	434
rohypnol	434
submerge	434
subpoenas	434
switchblade	434
taka	434
temptress	434
tonga	434
torsten	434
tussle	434
unfolded	434
vapors	434
vespa	434
voldemort	434
wejust	434
zionist	434
aflame	432
aloe	432
archeologist	432
aurelio	432
bamba	432
banknotes	432
buona	432
cantwell	432
chessboard	432
claes	432
cranks	432
cretins	432
cutoff	432
dachau	432
deadlock	432
disintegration	432
droves	432
eau	432
emitter	432
ewa	432
fenway	432
flopped	432
freakish	432
genies	432
glint	432
handheld	432
honcho	432
incubation	432
ingratitude	432
insinuations	432
lapses	432
luger	432
marbella	432
margit	432
matsui	432
maybes	432
mimmi	432
normality	432
nouveau	432
ook	432
pappas	432
passable	432
perla	432
regulators	432
saris	432
sav	432
shasta	432
sideboard	432
specks	432
steamship	432
suey	432
thready	432
tomo	432
townsfolk	432
troma	432
unquestionably	432
vacationing	432
virtuoso	432
waitressing	432
wannabes	432
whammy	432
witter	432
acknowledges	431
agathe	431
anchovy	431
apricots	431
ayala	431
bara	431
billu	431
buckland	431
bushed	431
candlesticks	431
cataracts	431
caucasus	431
cem	431
decoder	431
desecrate	431
entrenched	431
galactus	431
gauna	431
griffiths	431
guadalajara	431
hags	431
handlebars	431
hokey	431
ifthe	431
inception	431
industrialists	431
jussi	431
kati	431
laude	431
liabilities	431
mayoral	431
meanness	431
militias	431
morehouse	431
nighty	431
nyborg	431
pachinko	431
polanski	431
poopy	431
prussians	431
purser	431
ravana	431
retainers	431
rovere	431
shading	431
shelled	431
simplified	431
skrill	431
snowballs	431
sugarcoat	431
sunni	431
tailgate	431
takayama	431
udon	431
unhappily	431
uta	431
vika	431
vole	431
abolition	429
afire	429
amarillo	429
authenticated	429
biding	429
branching	429
bricklayer	429
bunking	429
clouding	429
confiscating	429
deceiver	429
deunan	429
discharging	429
doge	429
enlargement	429
fecal	429
figurehead	429
filipe	429
flared	429
frankness	429
freddo	429
gian	429
goemon	429
harwood	429
jeannot	429
klux	429
labia	429
lutheran	429
meenakshi	429
migs	429
modules	429
moisturizer	429
motorcar	429
pierces	429
polaroids	429
quorum	429
renegades	429
riza	429
scarcity	429
schoolmates	429
sensuous	429
severing	429
shambo	429
southall	429
spuds	429
sshh	429
stingers	429
tennant	429
transcendent	429
vinay	429
zlotys	429
aboot	428
aerodynamic	428
aerosol	428
andrzej	428
answerable	428
barrows	428
beemer	428
buena	428
chafing	428
cockerel	428
conover	428
curran	428
cyberspace	428
daffodils	428
delicatessen	428
deviated	428
dorcas	428
elapsed	428
elegantly	428
entitlement	428
flintstone	428
gargle	428
gassy	428
grandmas	428
hanka	428
hayworth	428
hiatus	428
hyperion	428
lawd	428
lerner	428
liquidated	428
mercia	428
nippy	428
ns	428
patrizia	428
peso	428
phobias	428
pok	428
postmark	428
ralston	428
shacking	428
snippy	428
tabasco	428
tartare	428
toodles	428
tooni	428
toyed	428
tumbleweed	428
varmint	428
wafer	428
aceveda	427
arigato	427
awash	427
bailiffs	427
basset	427
briefings	427
bronte	427
burlap	427
cataclysm	427
cellulite	427
champa	427
chandeliers	427
daiquiri	427
dakar	427
delectable	427
dominatrix	427
donatella	427
embodies	427
emphysema	427
exporting	427
eyeglasses	427
flagrant	427
fluently	427
ganymede	427
geils	427
graveyards	427
hanako	427
havre	427
hipsters	427
hoffa	427
incisions	427
injuring	427
iridium	427
jello	427
kloss	427
larder	427
layover	427
legalize	427
lohan	427
loonies	427
maharajah	427
manley	427
marquette	427
materialize	427
motivating	427
nantes	427
ocho	427
otomo	427
paralyzing	427
pari	427
phill	427
photosynthesis	427
recuperating	427
rittenhouse	427
saggy	427
sammi	427
sar	427
screwball	427
showin	427
sliders	427
songwriting	427
splurge	427
spooning	427
sportsmanship	427
starburst	427
stds	427
strums	427
submersible	427
sveta	427
sylvain	427
teardrop	427
trumped	427
tsuyoshi	427
undamaged	427
vocational	427
walcott	427
warranted	427
weekday	427
amon	425
authoritative	425
bloch	425
bluebeard	425
brea	425
chauvinist	425
conceivably	425
conte	425
crosswords	425
dian	425
doctoring	425
droopy	425
fermat	425
formulated	425
fortescue	425
gerhard	425
goober	425
goths	425
hotaru	425
insurgent	425
jesuits	425
laramie	425
lolo	425
macchiato	425
mauro	425
millstone	425
nods	425
outcry	425
outlast	425
pilkington	425
pissant	425
pondered	425
rectangular	425
repelled	425
senhor	425
sequestered	425
snorkel	425
soothes	425
spawning	425
sunstroke	425
thibault	425
tmz	425
trifecta	425
utilizing	425
yowls	425
acme	424
akhenaten	424
angkor	424
arising	424
arranges	424
blacker	424
bos	424
boulogne	424
boz	424
brubaker	424
bullseye	424
cg	424
chrysanthemum	424
clearwater	424
comforter	424
comings	424
corduroy	424
correspondents	424
crucially	424
dailies	424
devastate	424
dildos	424
distracts	424
dons	424
druggie	424
effigy	424
ele	424
energized	424
engulf	424
fantomas	424
frell	424
gallifrey	424
gendarme	424
guaranteeing	424
headdress	424
healers	424
heydrich	424
hogarth	424
honeycomb	424
implicating	424
imran	424
instilled	424
ions	424
kapa	424
kowtow	424
malarkey	424
mckinnon	424
motley	424
mousy	424
nippon	424
nts	424
nutjob	424
osamu	424
overconfident	424
parka	424
pervy	424
pirated	424
prelim	424
rampart	424
refrigerated	424
relieves	424
resorting	424
shoji	424
slumped	424
stadiums	424
suitably	424
swindling	424
toiling	424
transfusions	424
unoccupied	424
upping	424
vivre	424
widening	424
wilden	424
wolfman	424
abdicate	422
amendments	422
boynton	422
brannigan	422
burro	422
camus	422
cathcart	422
cellophane	422
challengers	422
cowley	422
delinquency	422
detainee	422
doon	422
downwind	422
dunlap	422
erasmus	422
everwood	422
extradite	422
fraternal	422
grimy	422
gyung	422
hatice	422
helios	422
hyuga	422
ik	422
laurens	422
loverboy	422
magnificently	422
mathers	422
mcgarry	422
mesopotamia	422
mito	422
muggers	422
nanami	422
nitroglycerin	422
okeydokey	422
opportunistic	422
ovarian	422
pueblo	422
purview	422
raine	422
ras	422
rationality	422
ritualistic	422
roomful	422
rumoured	422
slog	422
stipulated	422
susumu	422
swampy	422
tachy	422
thievery	422
thrace	422
tlc	422
tui	422
uc	422
vig	422
wetlands	422
whisked	422
wooded	422
wristband	422
zaki	422
zatoichi	422
zz	422
ajussi	421
asinine	421
barnacle	421
blackberries	421
bonsai	421
bringer	421
charted	421
clave	421
diss	421
duc	421
establishes	421
etsuko	421
ewe	421
fakir	421
fortuitous	421
grassland	421
haleh	421
hitherto	421
holst	421
idleness	421
incited	421
indecency	421
itsuki	421
jaymes	421
jenks	421
jule	421
kazuya	421
keynes	421
leeks	421
locality	421
lounging	421
maigret	421
mandi	421
maron	421
mifflin	421
papyrus	421
prithvi	421
profiled	421
pushin	421
quarts	421
rember	421
revisions	421
roused	421
rubik	421
sanae	421
savagely	421
sdu	421
shad	421
skated	421
skullion	421
soars	421
sovereigns	421
speedway	421
stewards	421
stubby	421
swordplay	421
tartarus	421
tinkles	421
unger	421
verbs	421
whittle	421
xmas	421
yoshino	421
accuser	419
airhead	419
alabaster	419
ayse	419
beanbag	419
beastie	419
blacklist	419
blowed	419
bradbury	419
butthead	419
capo	419
censure	419
cheetos	419
chicky	419
comanches	419
consorting	419
crusts	419
delfino	419
divinely	419
dobby	419
effing	419
enhances	419
ewings	419
firth	419
fluctuating	419
flutes	419
foy	419
gambles	419
giveth	419
glug	419
groundskeeper	419
hajime	419
hereabouts	419
inheriting	419
interiors	419
kickback	419
latour	419
lazybones	419
lopsided	419
maclean	419
maketh	419
mercutio	419
mightier	419
motorized	419
narcissus	419
nourishing	419
oddest	419
opry	419
paragraphs	419
penned	419
plumes	419
presuming	419
pursues	419
remedial	419
repute	419
slpowlcz	419
smirking	419
stefania	419
stocky	419
storey	419
surveyed	419
teeger	419
theodora	419
thornhill	419
whitewash	419
wintertime	419
wrigley	419
yakking	419
zealous	419
ajoke	418
arcane	418
bangle	418
bogo	418
butchery	418
buttery	418
caiaphas	418
camembert	418
carsick	418
chugger	418
coeur	418
coitus	418
contributes	418
corns	418
delbert	418
dil	418
eastside	418
ek	418
excise	418
exhaustive	418
fairview	418
fattest	418
grander	418
grouping	418
guff	418
incoherently	418
incursion	418
irrigate	418
maeda	418
mingo	418
montezuma	418
morticia	418
overstep	418
peephole	418
pinged	418
pneumatic	418
ravage	418
reestablish	418
restrooms	418
sandalwood	418
scarborough	418
shtick	418
suna	418
talmud	418
teague	418
tippy	418
triathlon	418
unburden	418
validated	418
verily	418
wada	418
apparitions	416
armament	416
artisan	416
atherton	416
avarice	416
bambino	416
bigwig	416
blinks	416
breck	416
certifiable	416
clashed	416
colonization	416
contributor	416
cpd	416
cucaracha	416
cutlass	416
cutty	416
dicte	416
encephalitis	416
enthusiastically	416
exported	416
fellers	416
flatly	416
flunky	416
garfunkel	416
gauche	416
halter	416
huxtable	416
intubated	416
jemima	416
krantz	416
loafing	416
lumen	416
lumpur	416
magnified	416
manicurist	416
mcfly	416
miscommunication	416
niamh	416
occupations	416
omit	416
orthodontist	416
pallet	416
pico	416
pinks	416
pituitary	416
precursor	416
preface	416
premonitions	416
redecorated	416
rhapsody	416
ricotta	416
rippling	416
seagal	416
sekai	416
serengeti	416
siao	416
sith	416
slings	416
spoilsport	416
spokane	416
staunch	416
stifler	416
supercar	416
takings	416
telephoning	416
trailed	416
transitional	416
treacle	416
truss	416
tsang	416
ukip	416
unknowns	416
unnie	416
untested	416
amadeus	415
arlette	415
baccarat	415
begat	415
behemoth	415
burly	415
buttock	415
cakewalk	415
calle	415
christer	415
citations	415
contaminating	415
cuttlefish	415
cybernetic	415
duckie	415
eldon	415
emigration	415
espen	415
esu	415
eurgh	415
eurydice	415
fiske	415
forevermore	415
hau	415
huffy	415
iona	415
juri	415
justifying	415
lascivious	415
ligaments	415
lighters	415
magnifique	415
newsreader	415
nonprofit	415
obsidian	415
outdo	415
phonies	415
placate	415
reaping	415
recede	415
redesign	415
regulatory	415
salle	415
savitar	415
shura	415
snares	415
sowed	415
spliff	415
subsided	415
sudanese	415
sumi	415
teflon	415
tetris	415
unattached	415
unwed	415
uppers	415
usted	415
vik	415
wel	415
weve	415
yiu	415
ahm	413
alban	413
amenable	413
amounted	413
anushka	413
approving	413
astrophysics	413
bansi	413
bullfight	413
caltech	413
carnivores	413
claridge	413
clements	413
cliffie	413
commonality	413
consuela	413
dcp	413
decompress	413
dilaurentis	413
disadvantaged	413
duan	413
dusseldorf	413
electrolytes	413
entrusting	413
erlich	413
fishman	413
fogg	413
frailty	413
fruition	413
fueling	413
greenhorn	413
gullet	413
gwan	413
hares	413
heartwarming	413
hinault	413
icicle	413
infects	413
jobe	413
kanako	413
kata	413
malady	413
manda	413
mobbed	413
modes	413
moti	413
nit	413
overestimated	413
painstaking	413
plated	413
playboys	413
reflux	413
reread	413
reviving	413
rifling	413
romanticism	413
shek	413
shortwave	413
sniggers	413
spellbound	413
steppin	413
substitutes	413
taboos	413
tabor	413
tantalizing	413
transatlantic	413
tyrannical	413
unauthorised	413
unequal	413
unsightly	413
usurp	413
woodhull	413
zackary	413
zanuck	413
zanzibar	413
zeng	413
adverts	412
albrecht	412
appropriations	412
ayrton	412
bayon	412
befallen	412
bellhop	412
biometric	412
bittu	412
botswana	412
carlene	412
choppy	412
densha	412
donde	412
downloads	412
earths	412
embarking	412
enquired	412
gervase	412
gg	412
gord	412
guster	412
hunched	412
incline	412
innumerable	412
insubordinate	412
ips	412
itfc	412
jefferies	412
joann	412
lalo	412
lyuba	412
mig	412
nastiest	412
nobby	412
occured	412
omni	412
orally	412
overwhelms	412
pawing	412
pradesh	412
ranga	412
readout	412
serfs	412
shazam	412
sine	412
sired	412
slimming	412
snatches	412
sourpuss	412
symbolically	412
tansy	412
tarantino	412
tem	412
undercut	412
yukari	412
afore	410
anspaugh	410
babylonian	410
banister	410
beckwith	410
betts	410
bobs	410
bonzo	410
bothwell	410
caramba	410
conchita	410
coq	410
cringe	410
derogatory	410
enveloped	410
forestry	410
gaiety	410
gillies	410
gimmicks	410
ginette	410
gusts	410
haveto	410
hiroki	410
injurious	410
junpyo	410
kaga	410
keno	410
kilogram	410
kippur	410
kuro	410
lifeguards	410
machetes	410
moderator	410
necking	410
niall	410
notably	410
ozaki	410
pall	410
pathan	410
phillipe	410
pickers	410
porte	410
prevalent	410
redress	410
replying	410
revenant	410
sadhu	410
saeki	410
schindler	410
shweta	410
sissi	410
slough	410
smee	410
spangler	410
stabilizer	410
swinger	410
technologically	410
tere	410
tessie	410
titi	410
vod	410
voiced	410
voorhees	410
walling	410
wooly	410
zeno	410
academia	409
alameda	409
anamika	409
bedspread	409
bigamy	409
blinders	409
bulger	409
complicating	409
counterintelligence	409
derry	409
dillard	409
diphtheria	409
dissipate	409
doss	409
dreads	409
ellsworth	409
filii	409
flings	409
foresaw	409
gamera	409
gannicus	409
gazpacho	409
greeley	409
harriman	409
herrick	409
hungrier	409
icebergs	409
instigate	409
joselito	409
kinte	409
kotaro	409
krumitz	409
laguardia	409
ludovic	409
maciste	409
makino	409
marmaduke	409
mentors	409
montauk	409
overwork	409
pidge	409
probed	409
pushups	409
raghav	409
reassemble	409
reentry	409
rinds	409
scrambler	409
tatsu	409
thence	409
translucent	409
twinkies	409
wags	409
washburn	409
accosted	407
arer	407
arrakis	407
ayukawa	407
beheld	407
chinook	407
concha	407
connell	407
danzig	407
dateline	407
deering	407
disciplines	407
discounted	407
dostoyevsky	407
dubbing	407
eloquently	407
faiths	407
farage	407
guardia	407
honoria	407
hulks	407
hury	407
inflexible	407
kd	407
lovelace	407
maddalena	407
mem	407
midwestern	407
mitchum	407
mol	407
musn	407
nakajima	407
perpetually	407
pippin	407
preliminaries	407
pricing	407
quakes	407
raksha	407
repossessed	407
sallie	407
sascha	407
scottsdale	407
sept	407
shahir	407
shii	407
shlomo	407
showa	407
somme	407
sonogram	407
spiel	407
standardized	407
stas	407
stealer	407
syrians	407
waikiki	407
yuna	407
zenigata	407
acclaim	406
acknowledgement	406
additionally	406
alessandra	406
amphibians	406
argentinian	406
assertion	406
auguste	406
baited	406
bateman	406
belladonna	406
besotted	406
bimbos	406
birdman	406
bygone	406
caster	406
catania	406
cemil	406
clearest	406
compliant	406
curvy	406
deon	406
depository	406
dey	406
dispersal	406
doreau	406
downriver	406
flopping	406
fortifications	406
froth	406
genny	406
gremlin	406
haggis	406
hallucinogenic	406
immobile	406
inconsequential	406
inverness	406
jah	406
joyfully	406
kool	406
larabee	406
lille	406
lipo	406
logistical	406
marietta	406
melly	406
messier	406
misheard	406
missis	406
miyako	406
moneybags	406
nanobots	406
nineties	406
outbreaks	406
pericles	406
pez	406
planck	406
preaches	406
puja	406
rayanne	406
reconnected	406
reinvented	406
religiously	406
resilience	406
retrospective	406
revolted	406
riga	406
salah	406
saverio	406
scalped	406
seamless	406
sexism	406
shakers	406
sharpshooter	406
skitters	406
slicker	406
sunnydale	406
syntax	406
systemic	406
thereabouts	406
tonkin	406
tsu	406
unbeknownst	406
upgrading	406
winton	406
yael	406
alchemists	405
alcove	405
aloysius	405
appartment	405
beltway	405
bengt	405
bicep	405
bigwigs	405
blu	405
blundering	405
calico	405
camorra	405
canberra	405
cloves	405
cockles	405
coles	405
commercially	405
darko	405
dike	405
dorothea	405
elba	405
fantastical	405
footpath	405
frills	405
gotti	405
guangdong	405
illustrator	405
inbox	405
inclusion	405
inky	405
jeffery	405
kaneko	405
kenzo	405
lakeside	405
lamaze	405
leveling	405
mcdowell	405
morgenstern	405
mune	405
nehru	405
obtuse	405
pandering	405
plainclothes	405
pollo	405
poochie	405
portman	405
prides	405
pritchett	405
prospecting	405
regalia	405
restores	405
ryuji	405
sampled	405
savin	405
scalding	405
sharkey	405
showmanship	405
struts	405
suge	405
surpasses	405
svensson	405
tolerating	405
trousseau	405
tugboat	405
turmeric	405
unmatched	405
valentines	405
ventricular	405
warlocks	405
wielded	405
womanly	405
woodcock	405
wugong	405
ansel	403
archeological	403
armenia	403
arrears	403
attaches	403
avram	403
ayaz	403
azhar	403
backpacking	403
bari	403
bax	403
beached	403
beatrix	403
blips	403
bloodsucker	403
bluffs	403
blurted	403
boycie	403
cag	403
cashew	403
cava	403
choirs	403
coerce	403
consoled	403
contesting	403
delorean	403
earner	403
enticed	403
eucalyptus	403
extradited	403
faisal	403
gai	403
gargling	403
gaspard	403
gcs	403
genealogy	403
giancarlo	403
goring	403
grimaldi	403
herein	403
illuminati	403
imitations	403
linguistic	403
loaning	403
meiji	403
metcalfe	403
naboo	403
nagus	403
neutered	403
noni	403
nostra	403
nuances	403
obstetrician	403
ostentatious	403
patmore	403
pitkin	403
rattlesnakes	403
razed	403
resuming	403
rho	403
rhoades	403
roku	403
romanians	403
roofing	403
speer	403
substantiate	403
suburbia	403
tammi	403
thackery	403
unsolicited	403
vamps	403
wotan	403
wreaking	403
yalta	403
yodeling	403
yowling	403
aarti	402
adjectives	402
aris	402
biohazard	402
breakups	402
bypassed	402
candyman	402
cistern	402
conked	402
contours	402
davros	402
dddd	402
devalos	402
dickey	402
disavow	402
diversify	402
exacting	402
fawning	402
fluctuation	402
geet	402
gilberto	402
harnessing	402
heineken	402
hezbollah	402
houseman	402
hullo	402
jeffy	402
jervis	402
jovan	402
kanda	402
kasumi	402
krauss	402
latvia	402
legalized	402
lemond	402
lennart	402
mamacita	402
markov	402
mattias	402
meier	402
mislaid	402
mogens	402
morra	402
mutilate	402
ope	402
organizes	402
patronising	402
peregrine	402
photoshopped	402
pinochet	402
pinpointed	402
plundering	402
raki	402
recoup	402
rediscovered	402
relocating	402
revising	402
roxane	402
sects	402
silt	402
siro	402
sitar	402
sleepovers	402
speculations	402
spirals	402
squats	402
taryn	402
teng	402
thr	402
unleashing	402
unmasked	402
untapped	402
wafers	402
wedges	402
wii	402
woodsman	402
workable	402
zsa	402
accidently	400
arnett	400
artichokes	400
bewitching	400
blabbermouth	400
bronek	400
carpal	400
castellano	400
chattanooga	400
clearances	400
contested	400
corroboration	400
cranny	400
dahmer	400
domes	400
doogie	400
eggshell	400
eminem	400
farragut	400
farthing	400
freelancer	400
grapple	400
graysons	400
gummi	400
horizontally	400
idolized	400
intensify	400
jerries	400
kaka	400
kindle	400
kishen	400
lurid	400
mansour	400
martyred	400
mccready	400
melodic	400
milli	400
negligee	400
nena	400
noisily	400
nonchalant	400
ome	400
postponement	400
promoters	400
protruding	400
regretful	400
rennie	400
shinigami	400
shrines	400
skunks	400
sumatra	400
symbiotic	400
tailoring	400
takada	400
taster	400
telecommunications	400
throng	400
underlings	400
undertakers	400
windbag	400
wrangler	400
yuletide	400
absentee	399
anaheim	399
bada	399
barbarous	399
beamer	399
bloomin	399
boatswain	399
brunner	399
chappell	399
chaucer	399
claud	399
collagen	399
comedic	399
commuters	399
condominium	399
crump	399
dharam	399
feck	399
grafts	399
interpretations	399
jaundice	399
jigger	399
kadir	399
kennels	399
kok	399
kundan	399
lally	399
lanky	399
levinson	399
likey	399
lupita	399
magnification	399
majorca	399
manchurian	399
matriarch	399
mccormack	399
menagerie	399
mishaps	399
negligible	399
paintbrush	399
paperboy	399
paralytic	399
parris	399
peckish	399
philo	399
predestined	399
premeditation	399
pursuant	399
pushpa	399
quarks	399
quitters	399
rakhi	399
sciatica	399
seconded	399
slovenia	399
southside	399
stiffed	399
stockwell	399
studded	399
subsides	399
teat	399
tk	399
transmutation	399
weeding	399
wiltshire	399
withdraws	399
yaman	399
yar	399
zale	399
accompaniment	397
adelina	397
adjustable	397
balling	397
baruch	397
begets	397
beresford	397
bloodshot	397
caesars	397
californian	397
caravaggio	397
ccs	397
channeled	397
coolie	397
cortical	397
daya	397
degenerative	397
dexterity	397
dissociative	397
downsizing	397
eardrum	397
economists	397
emailing	397
enthralled	397
equip	397
eso	397
feeney	397
fraternizing	397
ger	397
goodly	397
gq	397
haifa	397
harpsichord	397
hatchback	397
herded	397
herzog	397
hibernating	397
iago	397
inaugurate	397
intently	397
juggernaut	397
kiara	397
krill	397
kyosuke	397
labours	397
lombardi	397
looped	397
mdma	397
mello	397
mortally	397
nanni	397
nihal	397
oa	397
oppressor	397
palais	397
peds	397
permissible	397
prostrate	397
proteus	397
robins	397
roque	397
runabout	397
selections	397
shacks	397
somers	397
specialise	397
starbase	397
stewardesses	397
suds	397
tendulkar	397
trekking	397
worrisome	397
aksel	396
aleck	396
alphabetically	396
bareback	396
besties	396
blesses	396
bujji	396
catalogued	396
cgi	396
criticised	396
derives	396
disgustingly	396
dor	396
egomaniac	396
foggiest	396
handset	396
hangovers	396
heroines	396
hewlett	396
hobos	396
hoshino	396
indisputable	396
ix	396
kiyoko	396
lop	396
lowing	396
mechanically	396
mos	396
nighthawk	396
notarized	396
notation	396
notepad	396
oaxaca	396
overwrought	396
persecuting	396
petros	396
pindar	396
pont	396
ponyville	396
positives	396
prabha	396
prancer	396
primaries	396
programmers	396
pssh	396
ranches	396
recaptured	396
reunification	396
roshni	396
sickest	396
silliest	396
taru	396
tees	396
unscrew	396
vigour	396
welling	396
yahtzee	396
affraid	394
amphetamine	394
andrej	394
arafat	394
batches	394
blissfully	394
brackenreid	394
buffs	394
butlers	394
comming	394
dib	394
dorsal	394
eagerness	394
easel	394
ej	394
electrics	394
enquiring	394
footloose	394
frowns	394
gaeta	394
gardenia	394
googly	394
gripe	394
herrera	394
hoarder	394
incestuous	394
jada	394
jamuna	394
jermaine	394
jigen	394
katniss	394
kennedys	394
kno	394
kwong	394
littlefoot	394
lye	394
mcbeal	394
mccloud	394
mouna	394
nig	394
oho	394
oki	394
olympian	394
onur	394
oreos	394
oss	394
otaku	394
pater	394
plata	394
popo	394
quintus	394
rafting	394
rhetta	394
schoolchildren	394
sexton	394
sgc	394
sharpener	394
shastri	394
snog	394
solovyov	394
tenfold	394
troubadour	394
unsteady	394
utopian	394
votre	394
waddle	394
watashi	394
zachariah	394
aimless	393
anker	393
arby	393
arnott	393
astrological	393
ayano	393
backlog	393
basanti	393
blitzen	393
boilers	393
buckaroo	393
carbide	393
chaff	393
chargers	393
childcare	393
chrysalis	393
colonels	393
convincingly	393
corrective	393
crit	393
cuse	393
debtor	393
deliciously	393
ditte	393
dowling	393
embarrasses	393
enchiladas	393
engel	393
expunged	393
fisheries	393
flicka	393
footballers	393
freckle	393
freshest	393
gauges	393
gibbers	393
gila	393
golda	393
grubs	393
harbors	393
hardsub	393
harsher	393
heparin	393
homemaker	393
horner	393
hydrochloric	393
katsuragi	393
khakis	393
knightley	393
kuroki	393
kya	393
laker	393
lentil	393
lettie	393
mayors	393
menstruation	393
microbe	393
mitigate	393
nono	393
nosebleeds	393
offing	393
openers	393
orphanages	393
panned	393
peckham	393
preferential	393
punisher	393
qasim	393
ratan	393
reclusive	393
redoing	393
reeking	393
reiji	393
repository	393
retractor	393
rumi	393
salter	393
scrapping	393
shirou	393
shitfaced	393
sleepwalker	393
sofas	393
swimsuits	393
throwback	393
tinfoil	393
toyo	393
tradesman	393
tribesmen	393
uninhabitable	393
zhenya	393
zoned	393
bacterium	391
baku	391
beholder	391
beltran	391
boba	391
breaching	391
bronc	391
bugatti	391
casbah	391
chairwoman	391
chesney	391
cleen	391
clicker	391
cookout	391
curate	391
dentistry	391
disadvantages	391
disregarded	391
dnr	391
downtrodden	391
drawbacks	391
estuary	391
faints	391
farnum	391
flabbergasted	391
fuchs	391
gav	391
gorky	391
guttural	391
huggins	391
icarly	391
indelible	391
kailash	391
kaleb	391
kar	391
karai	391
kearney	391
khmer	391
komodo	391
kuan	391
mauve	391
meetin	391
micha	391
ministerial	391
narrower	391
nedra	391
nobuko	391
objecting	391
ofelia	391
operandi	391
priestly	391
qa	391
repeal	391
salutation	391
shuichi	391
smartly	391
successors	391
swank	391
taiga	391
testicular	391
tomans	391
tonics	391
toros	391
totalitarian	391
tumultuous	391
understated	391
undertook	391
vada	391
varga	391
vitro	391
waldemar	391
wilkerson	391
yeltsin	391
abou	390
airlift	390
anatole	390
anguished	390
bainbridge	390
bestie	390
brokered	390
bucko	390
capeside	390
chard	390
checco	390
christo	390
chui	390
crossings	390
croydon	390
cumbersome	390
curtsy	390
darrel	390
devoting	390
dru	390
dy	390
egregious	390
evangelical	390
exhumation	390
exorbitant	390
fol	390
fondest	390
footy	390
fossilized	390
gandhiji	390
gangland	390
gershwin	390
gott	390
gratuitous	390
hiyah	390
hotcakes	390
joie	390
joystick	390
kansai	390
kearns	390
kerstin	390
levitate	390
lunching	390
melba	390
mus	390
nakedness	390
nord	390
opaque	390
outstretched	390
oxycontin	390
personified	390
pneumothorax	390
rakes	390
raptors	390
redefine	390
rollercoaster	390
rossini	390
saeko	390
sayaka	390
seki	390
shiina	390
speedster	390
storyline	390
stottlemeyer	390
swarmed	390
tarn	390
transitioning	390
truro	390
underbelly	390
undermines	390
wataru	390
achille	388
agrippa	388
altruistic	388
autoimmune	388
balan	388
blotter	388
bovine	388
camomile	388
claymore	388
cortisone	388
cpa	388
crossroad	388
dago	388
dissed	388
dragnet	388
elif	388
enchant	388
enhancing	388
ensuing	388
figueroa	388
foretell	388
forked	388
galu	388
goanna	388
goldmine	388
griselda	388
hackney	388
highwayman	388
hotdogs	388
hypotensive	388
ignoramus	388
impurities	388
injustices	388
insiders	388
irrevocable	388
itv	388
iu	388
justo	388
kampf	388
kilimanjaro	388
kiyomi	388
linderman	388
linn	388
marinara	388
mediums	388
messina	388
meto	388
miscellaneous	388
mishka	388
nagisa	388
newborns	388
nika	388
noxious	388
patted	388
peanutbutter	388
perpendicular	388
potsdam	388
prospectus	388
pyrenees	388
quarrelled	388
railings	388
renaldo	388
rothman	388
saladin	388
sawada	388
serling	388
smearing	388
snorted	388
sprawling	388
squires	388
synthesized	388
tituba	388
transitions	388
twinge	388
ulna	388
underline	388
unzipping	388
westbrook	388
wich	388
wobbling	388
worthing	388
yossi	388
youssef	388
adlai	387
annenberg	387
aromatic	387
augustin	387
bal	387
beautician	387
begum	387
blaspheme	387
brexit	387
bursar	387
charlatans	387
coincides	387
coli	387
constrained	387
courtesans	387
croatoan	387
curveball	387
deflected	387
dilute	387
doren	387
dulce	387
dunder	387
estas	387
federales	387
ferrell	387
glitches	387
gromit	387
handel	387
heera	387
hotness	387
ikeda	387
incorporating	387
jamila	387
kutty	387
lawlessness	387
layin	387
legged	387
manilow	387
marseillaise	387
misako	387
pernille	387
persisted	387
pocketed	387
pootie	387
powerpoint	387
principled	387
rashad	387
reevaluate	387
residences	387
riser	387
roanoke	387
schizo	387
schumacher	387
sequencing	387
shingle	387
shinsengumi	387
siree	387
staining	387
stooped	387
straighter	387
topsy	387
uhhuh	387
unwarranted	387
uterine	387
vitya	387
whimsy	387
yann	387
yeses	387
zippers	387
beanstalk	385
bhayya	385
bilbao	385
bloodless	385
brezhnev	385
bunsen	385
caiman	385
catalogs	385
conductors	385
contentious	385
departures	385
digesting	385
discotheque	385
empowerment	385
enrollment	385
everton	385
flighty	385
frakking	385
fredericks	385
frond	385
heinie	385
heirlooms	385
hesitates	385
hindley	385
hyperactive	385
icebreaker	385
indecision	385
intangible	385
keri	385
korey	385
malle	385
maykel	385
miyazaki	385
mucky	385
nanotechnology	385
nazim	385
neill	385
nobis	385
oe	385
pawnbroker	385
penitent	385
philipp	385
phu	385
pixels	385
polaris	385
polynesian	385
portraying	385
puffin	385
rdx	385
readin	385
rodman	385
rosalia	385
shepherdess	385
sheraton	385
sherpa	385
southwestern	385
sunaina	385
teatime	385
terran	385
terre	385
texans	385
todos	385
traumatised	385
treatise	385
tricorder	385
ueo	385
unifying	385
unsanitary	385
unsatisfactory	385
untangle	385
violeta	385
weirded	385
aunties	384
averse	384
breadwinner	384
breakaway	384
breathable	384
bruh	384
bullwinkle	384
bungled	384
chaperones	384
chickenpox	384
collette	384
corrupts	384
croix	384
cyclists	384
debby	384
declarations	384
dg	384
dissidents	384
fairfield	384
finster	384
gaffney	384
hankering	384
hecht	384
hightail	384
homeboys	384
ifit	384
insurgency	384
jabber	384
lees	384
malaga	384
marxism	384
massaged	384
mcconnell	384
msg	384
naturalist	384
niceties	384
ofhim	384
olya	384
oryu	384
pammy	384
pinches	384
plaques	384
procurement	384
questa	384
ranvir	384
sauron	384
shipshape	384
snobby	384
soldiering	384
stanislav	384
strindberg	384
subhash	384
svr	384
swabbed	384
takao	384
undeniably	384
uprooted	384
urinary	384
vegetative	384
vuk	384
actuality	383
adrenal	383
appendectomy	383
artful	383
artsy	383
auditing	383
aurelius	383
ballpoint	383
breastfeed	383
byline	383
chianti	383
chorizo	383
christensen	383
competency	383
consuelo	383
covent	383
customized	383
dagur	383
danson	383
dany	383
deferred	383
dialects	383
dicking	383
displease	383
dodds	383
doting	383
drifters	383
eroticism	383
farouk	383
flocking	383
getty	383
gouged	383
hava	383
hayakawa	383
hughie	383
ichikawa	383
inns	383
jaffe	383
jee	383
jiggling	383
kuba	383
lali	383
lightest	383
malli	383
mamoru	383
mated	383
matlock	383
misato	383
mouthy	383
mva	383
mythic	383
nadiya	383
nite	383
ofmy	383
okayed	383
overdraft	383
punta	383
purvis	383
quandary	383
rainforests	383
ramblings	383
rotated	383
sachi	383
sano	383
saps	383
shaven	383
softening	383
sunblock	383
sundial	383
suss	383
taichi	383
tombstones	383
transformations	383
usin	383
verifying	383
atypical	381
badri	381
bleat	381
blt	381
bodacious	381
bodhi	381
camphor	381
complainant	381
cordoned	381
corto	381
crackin	381
cutout	381
detours	381
developmental	381
erections	381
escapades	381
fain	381
firmament	381
forgetfulness	381
gamboa	381
grainy	381
harshest	381
heidelberg	381
hoagie	381
ibis	381
imbued	381
inhibited	381
insipid	381
ivanova	381
iwill	381
joshi	381
kaleidoscope	381
knick	381
laroche	381
latvian	381
lemmings	381
lv	381
mahadev	381
mingled	381
mountbatten	381
muchacho	381
nandhini	381
napoli	381
natures	381
nobly	381
ofthese	381
opiates	381
overcast	381
petrelli	381
postpartum	381
profited	381
promiscuity	381
raya	381
redcoats	381
roarke	381
rowdies	381
rudra	381
sentinels	381
shapely	381
shipyards	381
shoplifter	381
sloshed	381
snatchers	381
soong	381
storks	381
teleported	381
thorax	381
toiletries	381
usurped	381
whiteside	381
windermere	381
acacia	380
adamson	380
alyson	380
ansari	380
archdiocese	380
assists	380
authoritarian	380
beatin	380
booed	380
bt	380
bubber	380
chasers	380
complexities	380
cori	380
culpable	380
deadwood	380
dicaprio	380
dislocation	380
distortions	380
distorts	380
dorchester	380
eeh	380
everypony	380
fistfight	380
flatlining	380
fleabag	380
floodgates	380
flourishes	380
frampton	380
fronting	380
galina	380
grunge	380
guerre	380
gyms	380
hammersmith	380
headfirst	380
hereford	380
homegrown	380
ideologies	380
indiscriminate	380
juiced	380
justices	380
korn	380
lifes	380
lox	380
machin	380
mastodon	380
nietzscheans	380
opiate	380
overlay	380
pacheco	380
petitioned	380
poindexter	380
rawls	380
realisation	380
refining	380
reprisal	380
roslyn	380
serf	380
shahrukh	380
shal	380
shoko	380
shoves	380
shrunken	380
smurfette	380
soos	380
spreadsheet	380
stave	380
strangles	380
strolled	380
strumpet	380
telethon	380
tennison	380
thunderbirds	380
vuitton	380
wayside	380
weimar	380
whacks	380
yammering	380
aldridge	378
apathetic	378
aryans	378
athenians	378
benefactors	378
burrowing	378
caesarean	378
canvassed	378
carlota	378
carmody	378
cathartic	378
clove	378
cru	378
dewar	378
doakes	378
embarassing	378
fridges	378
gooseberry	378
gremlins	378
harbin	378
harrods	378
harvests	378
hibbert	378
hibiscus	378
impregnate	378
intercepting	378
intracranial	378
japp	378
kamp	378
karenina	378
kray	378
levity	378
lonny	378
masse	378
matchbook	378
meaden	378
misinformation	378
nomura	378
patchwork	378
pepito	378
persephone	378
pickpockets	378
pippo	378
platitudes	378
pontus	378
prego	378
prominence	378
prophesied	378
prophesy	378
rampaging	378
reapers	378
resurfaced	378
reynard	378
shado	378
snub	378
softener	378
stirrups	378
tactile	378
tandoori	378
tarry	378
testimonial	378
tine	378
toned	378
unplanned	378
ushers	378
venkat	378
westmoreland	378
wreaths	378
agitate	377
arianna	377
bandwagon	377
barbarism	377
baylin	377
blaise	377
bolero	377
brigands	377
cereals	377
collider	377
conversational	377
corroded	377
cruelest	377
cryogenic	377
dabbled	377
db	377
denby	377
devonshire	377
disagreeing	377
disinterested	377
drainpipe	377
dressings	377
dumbbell	377
dumpy	377
elodie	377
enlisting	377
fabri	377
fujiwara	377
grounder	377
hays	377
highlanders	377
honeysuckle	377
hopscotch	377
imitated	377
jammies	377
jasmin	377
jochen	377
kilgrave	377
krupa	377
liaise	377
lodges	377
malini	377
marksmanship	377
marlott	377
motorist	377
nunez	377
orbs	377
pitting	377
postwar	377
salmoneus	377
sandler	377
sandor	377
serpentine	377
shavings	377
shinnosuke	377
shintaro	377
shiori	377
shithouse	377
sidhu	377
slayed	377
stephenson	377
supermodels	377
surrogacy	377
suzan	377
tantric	377
tribulations	377
tuscan	377
ute	377
vr	377
worsening	377
abacus	375
aden	375
agostino	375
aptly	375
atrophy	375
barca	375
bindu	375
blouses	375
cabeza	375
cafferty	375
calabria	375
chanda	375
choosers	375
chortles	375
condensation	375
corby	375
deauville	375
dionne	375
disembodied	375
disintegrating	375
disservice	375
dissident	375
elicit	375
ello	375
ephemeral	375
exaggerates	375
fannie	375
firsts	375
foreclose	375
fulfills	375
gaucho	375
harman	375
ingrained	375
libertine	375
lightheaded	375
macey	375
machi	375
maj	375
malfunctions	375
mamba	375
mannerisms	375
marchetti	375
mendelssohn	375
mk	375
nakagawa	375
neiman	375
nicolai	375
outings	375
pele	375
precedents	375
prost	375
recuse	375
reforming	375
regimes	375
regretfully	375
riddick	375
rimbaud	375
riva	375
riverboat	375
romantics	375
sceptre	375
scintillating	375
sheung	375
shrooms	375
tachyon	375
telepaths	375
thoracotomy	375
threesomes	375
tivoli	375
toho	375
tyrol	375
unsubstantiated	375
unsung	375
velu	375
veronique	375
wight	375
acquaint	374
adelle	374
akagi	374
ambivalent	374
annas	374
appraised	374
bagi	374
bernays	374
boners	374
breathalyzer	374
burley	374
byul	374
campbells	374
canons	374
cartwheels	374
collegiate	374
complied	374
dasher	374
distinctions	374
figgis	374
freeloader	374
gamora	374
golfers	374
grassroots	374
hairdressing	374
hankie	374
hemorrhagic	374
hoedown	374
kimberley	374
krieg	374
lafferty	374
laz	374
lebowski	374
libre	374
magus	374
malnourished	374
melman	374
misdirection	374
mot	374
nang	374
neri	374
nonna	374
normalcy	374
novices	374
ostracized	374
overtook	374
pascual	374
posthumous	374
prospered	374
rebuke	374
recompense	374
reproducing	374
saudis	374
seduces	374
seng	374
soppy	374
spurred	374
stine	374
synapses	374
thermite	374
underdeveloped	374
valerio	374
vanda	374
vato	374
vervain	374
viren	374
whoopsie	374
xindi	374
zealots	374
actionable	372
amane	372
anorexia	372
asystole	372
bosworth	372
buggin	372
camilo	372
chinna	372
chotu	372
christiane	372
colonized	372
combustible	372
construed	372
dispensation	372
drumbeat	372
elina	372
entanglement	372
entrepreneurial	372
frankel	372
friendless	372
fungal	372
georgiana	372
gnat	372
gobbled	372
hemorrhoid	372
hollandaise	372
jacquie	372
jaywalking	372
jaz	372
moffat	372
molesley	372
muses	372
natsuko	372
nodos	372
npr	372
overrule	372
playgrounds	372
punctures	372
quotations	372
rabin	372
reconfigure	372
repainted	372
researches	372
rind	372
sema	372
sickened	372
slackers	372
slandered	372
slither	372
snell	372
socked	372
sorbet	372
sporadic	372
stinson	372
sullied	372
tamaki	372
tsing	372
tweaks	372
wainthropp	372
waltzes	372
whe	372
yardley	372
zaius	372
banyan	371
bedchamber	371
biddle	371
bloodlust	371
bridgeport	371
capacitor	371
capua	371
carrillo	371
chaise	371
chatham	371
chortling	371
commode	371
conformity	371
contour	371
cuttin	371
dissing	371
eludes	371
fallback	371
flagstaff	371
fremen	371
fructose	371
goh	371
gooks	371
intercepts	371
interracial	371
isadora	371
jazzed	371
jousting	371
juicer	371
kizzy	371
lorie	371
luxor	371
madhavi	371
maybelle	371
milling	371
mimosas	371
mulatto	371
neolithic	371
netting	371
patriarchal	371
philanthropy	371
piecing	371
pimpernel	371
plunges	371
rescinded	371
roslin	371
rubio	371
ryuzaki	371
saloons	371
sars	371
sdl	371
sosuhno	371
theorist	371
transporters	371
treetops	371
turncoat	371
udo	371
usain	371
visibly	371
warlike	371
workday	371
yourwife	371
zahra	371
zits	371
zs	371
activism	369
antioch	369
asante	369
bento	369
bffs	369
carer	369
centrifuge	369
clanton	369
columbine	369
crewe	369
crispin	369
dissipated	369
drunker	369
equate	369
erskine	369
ess	369
euclid	369
fairway	369
finery	369
firmer	369
frittata	369
frolicking	369
gobber	369
gratefully	369
grizzlies	369
gunslinger	369
heeds	369
homeward	369
huevos	369
hummel	369
hunahpu	369
ifi	369
inedible	369
isaacs	369
jawbone	369
jotaro	369
julienne	369
kenner	369
kjeld	369
kyu	369
lecher	369
leggings	369
locksley	369
mahalo	369
majoring	369
manliness	369
manmade	369
medicaid	369
mhmm	369
millennial	369
mumbled	369
ochoa	369
ofthose	369
ozawa	369
pell	369
pepa	369
providers	369
quinoa	369
reassignment	369
romek	369
rout	369
runkle	369
russkies	369
schillinger	369
scooping	369
seesaw	369
serendipity	369
shinin	369
shortsighted	369
sirena	369
skinning	369
spool	369
stamford	369
supercharged	369
swindlers	369
tactless	369
tomlin	369
valdemar	369
vinicius	369
weaves	369
xenia	369
yrs	369
alleging	368
alles	368
artoo	368
aspirins	368
ayatollah	368
batsman	368
bloomer	368
blowhard	368
bondsman	368
boney	368
brill	368
busters	368
caf	368
chirag	368
colonize	368
concealment	368
deidre	368
dilapidated	368
dismayed	368
ect	368
eldorado	368
enamored	368
enys	368
felsham	368
flit	368
freebies	368
gerrard	368
godlike	368
gottlieb	368
headshot	368
illustrates	368
inscrutable	368
interdimensional	368
ioved	368
johnno	368
juni	368
lafitte	368
laters	368
mesdames	368
mops	368
nanjing	368
omnitrix	368
org	368
overlords	368
perennial	368
pothead	368
prez	368
proclaims	368
reflector	368
revolved	368
riordan	368
rolfe	368
sergeyevich	368
signalling	368
snooki	368
soybean	368
surrogates	368
tarnation	368
taunted	368
timmons	368
toboni	368
twerk	368
unfettered	368
weinstein	368
wile	368
wooo	368
abrasion	366
adage	366
aerodynamics	366
augh	366
bastian	366
bolly	366
bournemouth	366
caretakers	366
cartagena	366
chalkboard	366
coddle	366
concourse	366
contributors	366
dearth	366
decrypt	366
despondent	366
deutsche	366
dipstick	366
dobie	366
ez	366
firewalls	366
flavius	366
floki	366
gammy	366
gumption	366
hayride	366
headliner	366
helge	366
hyeok	366
inaugurated	366
incidence	366
izu	366
jujitsu	366
kandi	366
kavita	366
kayne	366
kell	366
keppler	366
kerouac	366
kilgore	366
kleiss	366
kui	366
laetitia	366
lapis	366
lasses	366
leto	366
liana	366
millers	366
muerte	366
ondina	366
overdrawn	366
passageways	366
pedaling	366
perfecto	366
pinata	366
poisoner	366
positivity	366
provolone	366
rackham	366
ranveer	366
reorganize	366
sabe	366
sakurai	366
scrimmage	366
snart	366
tastier	366
telekinesis	366
tinkerbell	366
towler	366
tsunamis	366
turgut	366
twa	366
visconti	366
watchmen	366
wilted	366
woodchuck	366
absences	365
analyzer	365
avalor	365
blinker	365
borrows	365
broadband	365
bugler	365
calmness	365
cedars	365
censors	365
charting	365
corfu	365
dass	365
depresses	365
distorting	365
dm	365
emoji	365
entitles	365
erol	365
exponential	365
foreheads	365
fostered	365
fujita	365
gangbangers	365
gekko	365
gleb	365
hajj	365
handmaiden	365
impairment	365
impatiently	365
inducing	365
jewelers	365
krause	365
ky	365
legate	365
liliane	365
lullabies	365
manabu	365
mandar	365
marionette	365
minted	365
mourns	365
muzak	365
nubian	365
ogawa	365
parlay	365
petulant	365
profiting	365
pronouncing	365
racecar	365
raman	365
ramparts	365
redirected	365
reichstag	365
remorseful	365
representations	365
rivets	365
ronson	365
sagan	365
sapphires	365
scimitar	365
seabirds	365
seedlings	365
septum	365
sniping	365
spire	365
stefani	365
stringy	365
synthesize	365
tbe	365
tumbler	365
unchallenged	365
undersigned	365
wastebasket	365
whaa	365
witless	365
aino	363
altruism	363
assemblyman	363
astonish	363
aux	363
batou	363
benghazi	363
blindside	363
bloodiest	363
carta	363
chapera	363
conklin	363
cortes	363
dilithium	363
divisional	363
elation	363
ensued	363
epoch	363
esha	363
estrada	363
exuberant	363
ezequiel	363
faring	363
ferenc	363
fifa	363
friars	363
gaggle	363
gie	363
gowri	363
grannies	363
guardhouse	363
haider	363
homophobia	363
iguanas	363
impropriety	363
infomercial	363
irvine	363
jani	363
liberia	363
lookouts	363
marit	363
mattia	363
melanoma	363
memsahib	363
meteorological	363
multitasking	363
muruga	363
nettle	363
nin	363
organizational	363
paperback	363
penrose	363
perdition	363
queues	363
ratios	363
rolodex	363
seimei	363
serials	363
shobha	363
slappy	363
smidge	363
southland	363
subsection	363
suvs	363
swooping	363
tannen	363
tengo	363
tianjin	363
tiner	363
toa	363
tribbiani	363
triffids	363
trotters	363
ump	363
valmont	363
waistband	363
waldron	363
whir	363
winterfell	363
xuan	363
academically	362
analyses	362
anatomically	362
bagpipe	362
bandwidth	362
brrr	362
cabby	362
citroen	362
concetta	362
congregate	362
contraceptive	362
crier	362
criticisms	362
danno	362
desiring	362
disheartened	362
dragoon	362
eamon	362
equestria	362
escapee	362
evian	362
execs	362
fashionably	362
ginormous	362
gipsy	362
godiva	362
godparents	362
graphite	362
griping	362
halfwit	362
hendrik	362
herder	362
hrs	362
indiscriminately	362
jiggy	362
kasuga	362
kazoo	362
keychain	362
mame	362
manatee	362
manni	362
marg	362
motivator	362
muchachos	362
noam	362
ocular	362
organically	362
originating	362
owari	362
panning	362
pembleton	362
piney	362
pouty	362
preppy	362
pried	362
rangoon	362
rosey	362
schoolboys	362
shirl	362
skiff	362
stannis	362
striations	362
sweetener	362
symptomatic	362
tamar	362
tattletale	362
tempus	362
tenders	362
thule	362
tinned	362
tojo	362
tutored	362
unconscionable	362
vassar	362
vernacular	362
walkies	362
wort	362
yule	362
abreast	361
asserting	361
beate	361
belarus	361
believeth	361
betterthan	361
bloomingdale	361
bodice	361
bork	361
bulimic	361
cline	361
cohorts	361
combative	361
credo	361
darlington	361
disarmament	361
dispensing	361
disused	361
dodie	361
doughboy	361
earls	361
fillory	361
gibbon	361
gilou	361
gluing	361
hitchhikers	361
ife	361
ignatius	361
implements	361
intelligently	361
jonathon	361
kaali	361
kitchener	361
kohei	361
kruse	361
lakshman	361
letterhead	361
mamiya	361
mensa	361
munk	361
neff	361
nella	361
niecy	361
norad	361
ntsb	361
pendragon	361
pheromone	361
pius	361
pranking	361
punctuation	361
purer	361
purposefully	361
sashi	361
scrip	361
serpico	361
sidekicks	361
stagg	361
suleiman	361
telepathically	361
tilden	361
toughness	361
trimble	361
verger	361
westport	361
wie	361
yodel	361
acutely	359
artistically	359
assessments	359
automation	359
bernardino	359
blushed	359
bookman	359
bullfighting	359
carbonate	359
conjoined	359
cravat	359
dabney	359
daimyo	359
danbury	359
danica	359
dividend	359
divination	359
ecclesiastical	359
embellish	359
emu	359
fitzy	359
frederico	359
gioia	359
glinda	359
grout	359
hatton	359
havens	359
hooey	359
indira	359
inexhaustible	359
interrupts	359
ita	359
knowyou	359
legionnaire	359
limousines	359
linz	359
loire	359
malina	359
mechanized	359
miu	359
moniker	359
moored	359
natty	359
niger	359
noth	359
orc	359
outdid	359
outwardly	359
overheat	359
percussive	359
perpetuity	359
phallus	359
photocopies	359
recites	359
sava	359
sedona	359
segue	359
seu	359
shanaya	359
shizu	359
singhania	359
spherical	359
spires	359
sprinkling	359
squandering	359
staffed	359
steppes	359
storefront	359
stratos	359
tanz	359
teleporter	359
teodoro	359
transcription	359
unsound	359
valerius	359
vise	359
vitally	359
wearer	359
whitewood	359
wields	359
wilkie	359
wunderbar	359
yunsik	359
acetone	358
ams	358
berkowitz	358
bloodstain	358
bombardier	358
bookmaker	358
bunchy	358
catarella	358
cerberus	358
circuses	358
cletus	358
cliches	358
confrontational	358
corks	358
cristian	358
dido	358
digress	358
dispatching	358
disreputable	358
eases	358
eek	358
effy	358
electorate	358
elektra	358
excursions	358
fancier	358
fared	358
flyover	358
franchises	358
grounders	358
guano	358
hacky	358
halal	358
handjob	358
hetman	358
houseboy	358
ihab	358
ilk	358
indemnity	358
infertility	358
irate	358
jeppe	358
kikuchi	358
kimiko	358
knighted	358
lisette	358
litchfield	358
llewellyn	358
micke	358
munroe	358
neddy	358
nuclei	358
outweighs	358
overactive	358
paradis	358
pernicious	358
phuong	358
proclaiming	358
reassess	358
recanted	358
reversible	358
saks	358
santas	358
schoolmate	358
seder	358
shirk	358
sighed	358
slimmer	358
sn	358
sturgis	358
tassels	358
tezuka	358
tungsten	358
ultrasonic	358
undetermined	358
vats	358
virginal	358
vittoria	358
walkabout	358
wets	358
artefact	356
ascetic	356
balaclava	356
ballerinas	356
buckwheat	356
bulgarians	356
chakras	356
cockatoo	356
conceals	356
corsican	356
crosswalk	356
detaining	356
doran	356
dozy	356
endicott	356
enormity	356
examines	356
expedient	356
exuberance	356
fellatio	356
flaked	356
frans	356
gredenko	356
gribble	356
growed	356
haruna	356
heartstrings	356
holtz	356
hosed	356
implicit	356
instalments	356
josephus	356
kaja	356
levon	356
lingered	356
lito	356
maninder	356
marinate	356
medavoy	356
misogynist	356
mohit	356
naruse	356
neutrino	356
newscast	356
oberoi	356
oooooh	356
orlov	356
outwitted	356
ovary	356
overexcited	356
paley	356
paratrooper	356
pizarro	356
ratatouille	356
raydor	356
raze	356
relent	356
rename	356
replicating	356
repressive	356
rogan	356
rona	356
rrr	356
sacrilegious	356
satou	356
seeger	356
seetha	356
shortcake	356
shortening	356
skeptics	356
sparklers	356
sze	356
teases	356
technicalities	356
tutankhamun	356
tyke	356
ukrainians	356
unawares	356
yaar	356
zaza	356
amphibian	355
angelika	355
bac	355
beset	355
blindfolds	355
bozxphd	355
buoys	355
caffee	355
caskets	355
cassock	355
chapo	355
chillax	355
chiyo	355
crumpet	355
devore	355
disabling	355
discriminating	355
disengaged	355
drei	355
entre	355
examiners	355
fathead	355
ferrer	355
fishmonger	355
flail	355
friendlies	355
gabbing	355
gratified	355
gresham	355
grumio	355
guapo	355
hangzhou	355
huntin	355
hyped	355
inane	355
inshun	355
kanna	355
keo	355
kraus	355
lamia	355
lifer	355
linton	355
maruti	355
maryam	355
mchale	355
memorise	355
mich	355
misinterpret	355
munsch	355
nightshade	355
overloading	355
oxycodone	355
pawan	355
peeler	355
pixel	355
replicas	355
resonates	355
retailer	355
sadat	355
sadism	355
sandbag	355
selects	355
semtex	355
serra	355
shakespearean	355
shinde	355
societal	355
stickin	355
stockman	355
summerlee	355
supercomputer	355
surety	355
thackeray	355
tiredness	355
usurper	355
virulent	355
watchmaker	355
werther	355
whupped	355
acs	353
acumen	353
agitator	353
alum	353
amniotic	353
banquets	353
bilingual	353
bogie	353
brecht	353
bungalows	353
butted	353
chancellery	353
chesterfield	353
conceded	353
creditor	353
densely	353
diddly	353
disassemble	353
duckburg	353
dudu	353
elon	353
environmentalists	353
eventuality	353
eyeballing	353
feigning	353
firebird	353
flecks	353
garson	353
geppetto	353
gerrit	353
havea	353
heffernan	353
inexperience	353
infuriated	353
inigo	353
intruded	353
jandi	353
jima	353
johnsons	353
karnak	353
laxatives	353
lehmann	353
leyton	353
liquidation	353
lothbrok	353
marcelle	353
mariposa	353
mcfadden	353
mercifully	353
mikasa	353
milanese	353
modelled	353
mollari	353
mopped	353
mosby	353
moussa	353
mukherjee	353
myanmar	353
nave	353
nepotism	353
pish	353
platoons	353
poultice	353
putties	353
quiets	353
racquet	353
ratified	353
reachable	353
rees	353
reliance	353
rn	353
scowl	353
southeastern	353
strum	353
sudoku	353
tani	353
thicket	353
thrombosis	353
tillie	353
underling	353
uttering	353
valiantly	353
wasjust	353
wastrel	353
wol	353
yasuda	353
acropolis	352
ahjusshi	352
airbags	352
albin	352
arisa	352
assuring	352
babi	352
blighter	352
boonies	352
braveheart	352
brawls	352
buttering	352
caddie	352
cadre	352
capacities	352
chuny	352
cort	352
cpu	352
demerol	352
dixit	352
dosh	352
dunking	352
eenie	352
empathetic	352
evocative	352
exquisitely	352
fibrosis	352
flaccid	352
fortuna	352
goli	352
gratin	352
gridlock	352
hephaestus	352
humped	352
inconsolable	352
iss	352
kamala	352
lattimer	352
leopoldo	352
lhasa	352
livvy	352
logos	352
maga	352
masts	352
medalist	352
meteorologist	352
mobilizing	352
nags	352
nitin	352
ocp	352
outrank	352
pandi	352
pathos	352
peacekeeping	352
peppe	352
phallic	352
phillies	352
pokes	352
porque	352
potpourri	352
prospector	352
rebar	352
regularity	352
robles	352
salesgirl	352
sandhu	352
saperstein	352
smudges	352
snafu	352
snarky	352
sopranos	352
sues	352
surfacing	352
sweeties	352
sympathizers	352
taipan	352
tancredi	352
themself	352
tico	352
timmins	352
tono	352
trickier	352
undergrowth	352
vicariously	352
wertanen	352
whiskeys	352
yussef	352
zaps	352
babuji	350
berets	350
bloodhounds	350
cf	350
ches	350
circumvent	350
clamor	350
denouncing	350
domo	350
dongshi	350
dwellings	350
eisenstein	350
environmentalist	350
facets	350
ferb	350
fireside	350
fleury	350
flocked	350
frizzy	350
gam	350
gauss	350
glitz	350
hardens	350
hea	350
honore	350
ilyich	350
infield	350
jinnah	350
jovial	350
kitsch	350
krister	350
laminated	350
leh	350
lethargic	350
marauders	350
martinique	350
metatron	350
miscarriages	350
moonbeam	350
munoz	350
nickie	350
olav	350
parfait	350
passcode	350
pembroke	350
penmanship	350
projectionist	350
prompting	350
publishes	350
puccini	350
purifying	350
pygmies	350
raked	350
seul	350
sidelined	350
simmering	350
starla	350
statewide	350
sugiyama	350
sunbathe	350
surfed	350
unremarkable	350
valens	350
yoshie	350
achoo	349
aclu	349
appendage	349
aras	349
authorise	349
bawl	349
beulah	349
bianco	349
bix	349
bloggers	349
chazz	349
clubbed	349
conman	349
contra	349
deepu	349
faeces	349
fawkes	349
filings	349
filtration	349
finnerty	349
fleck	349
gottfried	349
grigori	349
grimlock	349
heists	349
helmer	349
hemoglobin	349
hidin	349
hs	349
hydroxide	349
impresario	349
indistinguishable	349
isao	349
ite	349
jacobi	349
joules	349
khyber	349
kubo	349
langham	349
latinum	349
levee	349
luann	349
marita	349
miwa	349
moratorium	349
negotiators	349
nevermore	349
orton	349
passe	349
pertains	349
pharmacies	349
propensity	349
provo	349
quintessential	349
rarer	349
replication	349
sansa	349
scabbard	349
scavo	349
scholarly	349
schuester	349
seraphim	349
serizawa	349
shrank	349
shrub	349
splice	349
stipulate	349
substandard	349
sunburned	349
teriyaki	349
thrusts	349
uesugi	349
unproven	349
victimology	349
waistline	349
weaned	349
winnebago	349
yuku	349
alienating	347
anchorman	347
aperture	347
arliss	347
armoire	347
assessor	347
autolycus	347
beetroot	347
befell	347
belles	347
belted	347
berserker	347
blathering	347
braided	347
bristles	347
broadly	347
bubby	347
canteens	347
capsized	347
coffey	347
consoles	347
crips	347
dartie	347
deano	347
deems	347
diazepam	347
doornail	347
dripped	347
duluth	347
eerily	347
electrically	347
evert	347
exxon	347
fantozzi	347
gemstone	347
golan	347
gusta	347
hejust	347
huskies	347
hypoxia	347
interventions	347
juicing	347
kirov	347
kissin	347
lancashire	347
lani	347
leander	347
lgbt	347
longstocking	347
lumiere	347
malick	347
mannu	347
manufactures	347
millan	347
miniskirt	347
molto	347
nello	347
nieves	347
orator	347
outgrow	347
piqued	347
praveen	347
rainier	347
raunchy	347
rejoiced	347
ritsuko	347
rolo	347
rosaline	347
roux	347
sado	347
scribes	347
sedgwick	347
slats	347
snacking	347
sociopathic	347
sq	347
stonebridge	347
stopover	347
sulfate	347
tackles	347
tantamount	347
tartan	347
thc	347
thermonuclear	347
torrid	347
tusseries	347
untenable	347
xan	347
aegean	346
amateurish	346
anglican	346
arcades	346
archeologists	346
bended	346
berm	346
blobs	346
bouillabaisse	346
branco	346
byproduct	346
cackle	346
cammie	346
cellist	346
ceren	346
chauncey	346
chunhyang	346
collaborative	346
craw	346
cretaceous	346
crimp	346
davos	346
deciphering	346
decryption	346
duffle	346
ead	346
ethnicity	346
fabulously	346
fateh	346
formative	346
fujii	346
geno	346
haruo	346
hippocampus	346
iadc	346
ilene	346
impassable	346
inhibit	346
inuyasha	346
italiano	346
jaunt	346
lennier	346
mariners	346
meghna	346
melodious	346
migo	346
misdemeanors	346
mouldy	346
nagy	346
percocet	346
petro	346
porthole	346
pulverized	346
radon	346
rationale	346
receptor	346
restock	346
shackle	346
sickens	346
sleuth	346
slurs	346
stabilizers	346
stewey	346
streaking	346
supplementary	346
swiping	346
talentless	346
topo	346
tuxedos	346
unyielding	346
vanni	346
virgilia	346
volt	346
voltron	346
woeful	346
woodley	346
yokel	346
yoma	346
zappa	346
adhd	344
alena	344
alexey	344
amicably	344
animators	344
arang	344
argon	344
balsamic	344
bandy	344
banerjee	344
blanked	344
bloodlines	344
boson	344
briana	344
butterworth	344
caliente	344
chitra	344
coexistence	344
coincided	344
consultations	344
cosmonaut	344
daegil	344
debriefed	344
deviled	344
dismissive	344
eatery	344
eddington	344
elizabethan	344
encircled	344
eriksen	344
escapees	344
evi	344
extorting	344
fallow	344
familiarize	344
faro	344
furlong	344
gouda	344
grammys	344
grindstone	344
hammersley	344
harlequin	344
hayama	344
hindustan	344
hyoid	344
iain	344
ichelangelo	344
imprudent	344
jacqui	344
joyner	344
junky	344
kaew	344
kahuna	344
kanazawa	344
kazon	344
kirkman	344
komal	344
laboured	344
laguerta	344
lapland	344
lessing	344
milliseconds	344
miniatures	344
molars	344
moneymaker	344
nomi	344
nutrient	344
obsessively	344
odors	344
oman	344
panache	344
pent	344
perjured	344
pigalle	344
prosecutions	344
psh	344
pythons	344
reimbursed	344
reloading	344
rottweiler	344
shafted	344
shawnee	344
shish	344
sonora	344
spiffy	344
starships	344
strangeness	344
sussman	344
swenson	344
thither	344
thls	344
treville	344
tsung	344
tunisian	344
washout	344
xue	344
yat	344
zaara	344
abaddon	343
affiliate	343
albion	343
allegory	343
ane	343
awa	343
baubles	343
bloomers	343
blunders	343
boxcar	343
broner	343
bruner	343
chacha	343
chieko	343
chitters	343
chock	343
clunking	343
coped	343
deadbeats	343
decimate	343
denomination	343
dishing	343
ellington	343
everyman	343
evokes	343
fireproof	343
gisela	343
goy	343
guerra	343
haggerty	343
heloise	343
hippocratic	343
hypotheses	343
inder	343
jaggu	343
kamakura	343
katsu	343
khe	343
legless	343
macadamia	343
ministries	343
miscarried	343
narrated	343
nazca	343
northeastern	343
olfactory	343
overtaking	343
pariqual	343
persson	343
pert	343
ramse	343
reinforcing	343
repentant	343
rethinking	343
roos	343
rosette	343
rutland	343
ryoma	343
segal	343
staffs	343
swirls	343
tierra	343
troth	343
trumbo	343
uzbekistan	343
valli	343
victorians	343
villanueva	343
virg	343
weinberg	343
xenon	343
aardvark	342
adebisi	342
akechi	342
backfiring	342
beget	342
birgitta	342
blowback	342
boi	342
bonasera	342
bonham	342
botwin	342
cameroon	342
celestia	342
chirac	342
chrysanthemums	342
clamour	342
claro	342
climates	342
coiled	342
complacency	342
conspirator	342
corroborating	342
crazily	342
demure	342
dinar	342
discharges	342
domineering	342
donates	342
duk	342
duplex	342
eins	342
escalante	342
flossing	342
foundling	342
frilly	342
furillo	342
galoshes	342
grated	342
hibernate	342
hic	342
jangles	342
jeevan	342
jonesing	342
jordache	342
kinsmen	342
lansky	342
livy	342
mado	342
markos	342
mercier	342
moderates	342
mods	342
nessie	342
neve	342
nickers	342
nygma	342
okubo	342
pillock	342
pimped	342
pitbull	342
pounced	342
putney	342
qiang	342
rahman	342
raikou	342
rathore	342
reactivated	342
rewire	342
salesperson	342
serafina	342
shinbei	342
sidearm	342
squirrelly	342
staph	342
straying	342
subversion	342
switek	342
tatsumi	342
tenctonese	342
torre	342
twats	342
vagabonds	342
wilful	342
wincing	342
wou	342
yamamori	342
yeesh	342
akers	340
athelstan	340
avian	340
balaji	340
battlements	340
berto	340
blonds	340
bookmark	340
boorish	340
cashews	340
chon	340
classifieds	340
coombs	340
crackerjack	340
crumpets	340
curlers	340
democratically	340
diction	340
dislodged	340
dispensed	340
esa	340
evangeline	340
expedited	340
extrapolate	340
gwendolen	340
hannigan	340
hindering	340
iad	340
importer	340
intercontinental	340
karloff	340
karzai	340
kion	340
kon	340
lateness	340
loeb	340
magee	340
mcavoy	340
mukesh	340
nationalities	340
numbskull	340
obstetrics	340
obstinacy	340
operetta	340
palatable	340
pardner	340
pessimism	340
piti	340
pjs	340
plumage	340
pollyanna	340
pontoon	340
porpoise	340
priyanka	340
rajah	340
ramming	340
rawr	340
recollections	340
romanov	340
ruslan	340
schmeling	340
scopes	340
siento	340
skillfully	340
sneha	340
sniggering	340
spaceiy	340
spacesuit	340
stimulants	340
stubbornly	340
thinly	340
tiffin	340
tint	340
tm	340
tmi	340
tommi	340
torpedoed	340
uncomfortably	340
unstuck	340
upstage	340
vamoose	340
vero	340
weariness	340
wholesaler	340
ystad	340
zambia	340
advancements	339
aiken	339
aitu	339
alder	339
amritsar	339
artistes	339
bacardi	339
baldness	339
belfry	339
benning	339
burnham	339
cait	339
carrera	339
carted	339
coastguard	339
codfish	339
coimbatore	339
compounded	339
demolishing	339
dishonoured	339
dolph	339
dunked	339
dyeing	339
eugenie	339
favorably	339
fornicate	339
fournier	339
gallipoli	339
geun	339
glassy	339
headboard	339
humdrum	339
ikari	339
impressionists	339
interpersonal	339
jano	339
keister	339
keru	339
kr	339
kurdy	339
lamest	339
leotard	339
leukaemia	339
logistic	339
myrrh	339
nob	339
nosh	339
overcomes	339
pitts	339
pixies	339
ravages	339
ree	339
retracted	339
rubicon	339
saraswati	339
shushes	339
slashes	339
stamper	339
stegman	339
stockholder	339
superbly	339
telenovela	339
topography	339
trill	339
vaclav	339
vala	339
whacko	339
whet	339
widened	339
wiretaps	339
worcester	339
yae	339
alda	337
allocation	337
alternator	337
aspired	337
atthe	337
ayngaran	337
barbers	337
bic	337
blacking	337
boggle	337
bootlegger	337
buda	337
byung	337
cannery	337
carefull	337
cessna	337
charters	337
chatterjee	337
cherbourg	337
chika	337
chub	337
cipriano	337
commendations	337
confrontations	337
conley	337
conquistadors	337
consumerism	337
coriander	337
courtside	337
covertly	337
detonating	337
dunston	337
earthworm	337
ferdie	337
ferrante	337
finns	337
fishbowl	337
flippant	337
fonzie	337
fracturing	337
franklyn	337
gaseous	337
gassing	337
genteel	337
geographically	337
grandstand	337
hotchkiss	337
humerus	337
ichigo	337
icicles	337
ivs	337
juve	337
kagawa	337
kiko	337
lexicon	337
liners	337
liszt	337
meagre	337
mentalist	337
migratory	337
millard	337
mochizuki	337
mongrels	337
monorail	337
morrigan	337
navin	337
nel	337
nonfat	337
objectionable	337
ornate	337
paramour	337
parkes	337
paupers	337
pringles	337
rambabu	337
rants	337
rejuvenation	337
remit	337
replaceable	337
saeed	337
sawako	337
seuss	337
simian	337
squanto	337
stilton	337
storeys	337
styled	337
sundaes	337
sunroof	337
sura	337
sweetwater	337
taxidermy	337
transcendental	337
transpose	337
tsuchiya	337
uniqueness	337
waterway	337
wwe	337
ys	337
zippo	337
adachi	336
advocacy	336
ambo	336
askew	336
ayumi	336
baloo	336
boobie	336
bunga	336
chuffed	336
churros	336
crouched	336
defame	336
detestable	336
durban	336
eras	336
exterminating	336
extinguishers	336
flatfoot	336
forjust	336
gratis	336
hairdryer	336
injector	336
introductory	336
laida	336
lundgren	336
madi	336
midfield	336
miffed	336
mifune	336
modicum	336
nishimura	336
oberon	336
oma	336
peppone	336
propellant	336
pylon	336
rankings	336
rel	336
ripen	336
robie	336
rosamund	336
scabby	336
sledding	336
sourdough	336
splintered	336
strongman	336
telemachus	336
tiber	336
tidbit	336
uch	336
unearthly	336
videotaping	336
whoah	336
witt	336
zuckerberg	336
aaaargh	334
adulterous	334
andale	334
apropos	334
arias	334
arkwright	334
artisans	334
ascertained	334
assimilation	334
autobiographical	334
avignon	334
awakes	334
awning	334
basel	334
bebo	334
bihar	334
birdhouse	334
blitzkrieg	334
brr	334
bulkheads	334
carbohydrates	334
cartwrights	334
catchers	334
chaperoning	334
chapped	334
choshu	334
conferred	334
consecrate	334
convoluted	334
corrosion	334
cuddled	334
cuttings	334
dacoit	334
damsels	334
defection	334
dongs	334
erna	334
essen	334
esto	334
feeders	334
ferries	334
genus	334
godliness	334
godown	334
grimace	334
harish	334
highball	334
hindered	334
hoh	334
hyneman	334
immigrated	334
immobilized	334
interject	334
josefina	334
judgements	334
kazuko	334
kkk	334
koda	334
laughlin	334
lightyear	334
login	334
malleable	334
materialism	334
mieze	334
nighthorse	334
nori	334
nozomi	334
ooty	334
peppi	334
phalanx	334
philippa	334
projectiles	334
reva	334
rivas	334
roughest	334
screenings	334
shittin	334
skimp	334
snowboard	334
someones	334
soybeans	334
stillwell	334
strobe	334
sulky	334
syl	334
tetsuya	334
unsigned	334
upholding	334
wenches	334
whisker	334
whitlock	334
workouts	334
adder	333
ajumma	333
animate	333
appellate	333
baggie	333
bendy	333
biographer	333
borgias	333
borman	333
cenk	333
chinchilla	333
doorknobs	333
dramatics	333
duchy	333
durian	333
equatorial	333
estela	333
eurovision	333
facet	333
fermin	333
flinging	333
flowered	333
goryeo	333
haram	333
hardcastle	333
hijacker	333
islamabad	333
kapil	333
kidman	333
kitto	333
lacerated	333
lele	333
ler	333
loudon	333
marrakech	333
meatlug	333
mercies	333
misjudge	333
monastic	333
navidad	333
orchestrate	333
overcrowding	333
oxytocin	333
parthenon	333
pincers	333
pizzazz	333
politic	333
rodrigues	333
sadiq	333
sainsbury	333
samosas	333
sayers	333
scullery	333
seeded	333
shadowed	333
shaina	333
silica	333
sind	333
slobber	333
slowpoke	333
streetlight	333
substituting	333
suckle	333
tableau	333
tans	333
tucks	333
umi	333
unequivocally	333
urologist	333
valerian	333
valery	333
vermillion	333
vronsky	333
vue	333
yoni	333
airbase	331
altitudes	331
ast	331
atms	331
barium	331
bordello	331
capcom	331
carletto	331
catalogues	331
chablis	331
chumley	331
claremont	331
claybourne	331
cleanser	331
concluding	331
concussions	331
copa	331
crux	331
dabbling	331
daffodil	331
damini	331
darfur	331
declines	331
defamed	331
dhoni	331
dozer	331
dram	331
drench	331
drummed	331
emiliano	331
epidemics	331
falsifying	331
faze	331
froy	331
fumi	331
goetz	331
gol	331
grower	331
hijab	331
hobbits	331
illuminates	331
jaison	331
jarek	331
jelena	331
jura	331
kaj	331
keiichi	331
kosh	331
latches	331
lexy	331
luiz	331
mastercard	331
mayberry	331
metronome	331
millar	331
multimillionaire	331
munchkins	331
narita	331
naylor	331
nevers	331
niobe	331
numbing	331
obscenities	331
passerby	331
patronise	331
rafiq	331
rahui	331
rajput	331
rebeca	331
recesses	331
reinstatement	331
roly	331
scarsdale	331
scavenge	331
shazia	331
shitbag	331
snogging	331
spenser	331
squabbles	331
stabilise	331
tangy	331
teak	331
tes	331
tuner	331
twink	331
underpass	331
vanna	331
warthog	331
withstood	331
wolverines	331
woodsen	331
yorktown	331
abattoir	330
atmospheres	330
attendings	330
balwant	330
baste	330
blazed	330
borealis	330
busby	330
chicory	330
chiefly	330
contreras	330
croutons	330
csis	330
daese	330
darien	330
darjeeling	330
decatur	330
detriment	330
diced	330
downers	330
edmunds	330
emine	330
erasers	330
finicky	330
flutters	330
freund	330
fumiko	330
gii	330
gowan	330
granddaughters	330
graphs	330
grassed	330
guvnor	330
horacio	330
hubbell	330
iglesias	330
incorruptible	330
ishaan	330
kerb	330
knowin	330
laci	330
lamenting	330
landfall	330
lfyou	330
linux	330
loy	330
mancha	330
marinade	330
maturing	330
mcquaid	330
modernity	330
monahan	330
morland	330
motocross	330
nader	330
necrosis	330
niccolo	330
nympho	330
observes	330
olli	330
paganini	330
pali	330
pathogens	330
peeped	330
poofter	330
quenched	330
radiologist	330
rainmaker	330
ramrod	330
rne	330
rotter	330
saluted	330
scuttlebutt	330
sitrep	330
sorrel	330
southerner	330
stepford	330
sti	330
tomiko	330
torino	330
transvestites	330
wantin	330
wheeze	330
wooldoor	330
yevgeny	330
zia	330
accords	328
advil	328
agitators	328
airfields	328
allenby	328
annoyingly	328
approximation	328
auckland	328
bamboos	328
bauble	328
beefing	328
blithering	328
bradfield	328
burlington	328
cappuccinos	328
carbine	328
caroling	328
cern	328
clothesline	328
condiments	328
correctness	328
dampen	328
demean	328
discretionary	328
douglass	328
ellery	328
equitable	328
erases	328
esparza	328
fado	328
favoritism	328
flapjacks	328
geddes	328
gilberte	328
gilman	328
habitation	328
harishchandra	328
hebrews	328
himiko	328
induces	328
inference	328
ipswich	328
ire	328
jamieson	328
jiff	328
kimonos	328
legionnaires	328
legos	328
lynley	328
masterminded	328
mech	328
median	328
monogram	328
mung	328
neleh	328
numata	328
nuri	328
ornamental	328
overshadowed	328
palisades	328
pb	328
penalized	328
perri	328
pillaging	328
porous	328
possums	328
pretenders	328
quizzes	328
recharged	328
reciprocal	328
rinaldo	328
salih	328
samoa	328
samy	328
savanna	328
seaworld	328
showgirls	328
showstopper	328
sisyphus	328
slavs	328
squealer	328
stil	328
studious	328
suppertime	328
taketh	328
tlak	328
tonia	328
triangulation	328
trine	328
tropez	328
tugs	328
unabomber	328
utensil	328
wavered	328
willingham	328
yannis	328
aahhh	327
akiba	327
astride	327
backboard	327
badmouth	327
bardo	327
beals	327
berle	327
bevy	327
boudreau	327
circulatory	327
cochin	327
coldplay	327
couidn	327
craddock	327
deaq	327
decathlon	327
detested	327
dismemberment	327
drury	327
eclipses	327
encyclopedias	327
exfil	327
favoring	327
ferraris	327
genres	327
gisele	327
grappa	327
grier	327
grouped	327
gutenberg	327
hawthorn	327
hockney	327
hotbed	327
imre	327
introverted	327
ioan	327
iverson	327
jaguars	327
jaye	327
jinkies	327
kalahari	327
kawada	327
kirkwood	327
koshien	327
letterbox	327
linguistics	327
maite	327
mangrove	327
mataemon	327
medford	327
miramar	327
misplace	327
mordor	327
nandita	327
nokia	327
observational	327
okita	327
overstepping	327
ovulation	327
padres	327
phuket	327
probationary	327
receptions	327
resnick	327
rockstar	327
rubbery	327
sayeth	327
sbk	327
secretions	327
seher	327
shikoku	327
shinobi	327
snubbed	327
sonnets	327
spitzer	327
staci	327
stapled	327
stell	327
stowe	327
sweepstakes	327
tseng	327
undercarriage	327
unsympathetic	327
unusable	327
valois	327
visualization	327
whatevs	327
whatta	327
wooley	327
wringer	327
abate	325
ahi	325
alternatively	325
bagman	325
behavioural	325
beneficiaries	325
bisque	325
bongos	325
bossa	325
calibrate	325
canines	325
captor	325
clemence	325
cohesion	325
colonialism	325
connector	325
constituent	325
delegated	325
demetri	325
disher	325
disputing	325
dusky	325
emissaries	325
enclose	325
extracts	325
faucets	325
fouquet	325
gellar	325
geraniums	325
gossamer	325
grimoire	325
hanbyul	325
harve	325
hocus	325
houghton	325
hyundai	325
inwards	325
kirill	325
leggy	325
lodz	325
loiter	325
marja	325
marred	325
meenie	325
morose	325
murdoc	325
neuroscience	325
newell	325
noda	325
nub	325
oldman	325
ostensibly	325
pashto	325
pathetically	325
peruse	325
peti	325
ple	325
poi	325
posner	325
posses	325
revolvers	325
roadster	325
salford	325
skidding	325
slimeball	325
slung	325
spectrometer	325
spoilers	325
stances	325
subvert	325
surveilling	325
swamy	325
tadeusz	325
toady	325
tsao	325
ubu	325
unico	325
untouchables	325
uso	325
voy	325
wantonly	325
watershed	325
abnormals	324
absurdly	324
antigone	324
anuj	324
astound	324
bellybutton	324
betters	324
beverley	324
bf	324
biriyani	324
braga	324
breads	324
briny	324
brockman	324
bunkhouse	324
calderone	324
castaways	324
cellblock	324
cic	324
cielo	324
clarifying	324
classically	324
cockamamie	324
comeon	324
cooney	324
croquettes	324
debonair	324
demotion	324
dereliction	324
edelweiss	324
ehhh	324
ers	324
estoy	324
expelling	324
expenditures	324
fabricating	324
farnese	324
flannigan	324
flatterer	324
formica	324
fragility	324
gerd	324
glowed	324
gnawed	324
gracia	324
grafton	324
greenspan	324
hardness	324
haruhi	324
haverford	324
hinata	324
interchangeable	324
involuntarily	324
jango	324
janina	324
kalpana	324
kaswell	324
kaveri	324
kingship	324
kippers	324
kora	324
kroger	324
laryngitis	324
lauri	324
leer	324
legible	324
legrand	324
levitation	324
lune	324
magnusson	324
mailboxes	324
manami	324
mancuso	324
mandated	324
margate	324
mulan	324
mustapha	324
mystified	324
neutralise	324
oran	324
pandu	324
papacy	324
photocopier	324
phryne	324
rawhide	324
relaunch	324
reviewer	324
sewell	324
shrugged	324
shyster	324
sizing	324
slithering	324
stillwater	324
stockroom	324
str	324
subscriptions	324
subservient	324
sunbeam	324
takako	324
tallinn	324
transceiver	324
tuffnut	324
unsubs	324
urinals	324
vagrants	324
vanquishing	324
vogler	324
yeol	324
yori	324
yost	324
yvan	324
zoot	324
affiliations	322
aight	322
aileen	322
alamos	322
aleikum	322
arugula	322
banded	322
bayside	322
beatdown	322
beckoning	322
bonfires	322
bosley	322
bratwurst	322
camry	322
castaway	322
ciudad	322
coley	322
cornet	322
curable	322
dimmer	322
dislodge	322
doodling	322
dragonflies	322
drusilla	322
econ	322
electrode	322
endorsing	322
extorted	322
extremism	322
glitters	322
helipad	322
hori	322
huntsville	322
instalment	322
jabbing	322
jockstrap	322
joiner	322
karnataka	322
keeley	322
kibble	322
kishore	322
lakota	322
lewton	322
lovecraft	322
ludmila	322
maari	322
macro	322
malachy	322
mamo	322
meine	322
mensch	322
microchips	322
midwives	322
mitsubishi	322
muah	322
mulwray	322
mutating	322
nagata	322
nakano	322
nary	322
ney	322
nilka	322
ostriches	322
owada	322
paraplegic	322
pipelines	322
poli	322
pornos	322
propagate	322
publicize	322
quirke	322
receptacle	322
reconsidering	322
regatta	322
relegated	322
ricks	322
rove	322
saku	322
saro	322
satirical	322
sed	322
shreveport	322
skyrocket	322
smears	322
smoothed	322
solider	322
sows	322
sune	322
sus	322
swarek	322
talkie	322
ula	322
unbearably	322
urination	322
veracruz	322
vigo	322
vulnerabilities	322
winchesters	322
yokels	322
youto	322
zenon	322
adriatic	321
akari	321
aleppo	321
amc	321
antibody	321
approachable	321
awarding	321
azuma	321
balagan	321
basilio	321
bastien	321
bennigan	321
branca	321
bulimia	321
campion	321
carb	321
catalonia	321
chives	321
cluttered	321
combatant	321
commuted	321
corroborated	321
creegan	321
dir	321
doctoral	321
dufresne	321
durrell	321
echidna	321
farraday	321
flawlessly	321
foregone	321
giro	321
glo	321
godwin	321
growin	321
harpo	321
hellcats	321
helpin	321
hiker	321
humanoids	321
iam	321
indeedy	321
jago	321
kasi	321
keyword	321
lengthen	321
limehouse	321
macedonian	321
mange	321
melmotte	321
modifying	321
mons	321
mordechai	321
moser	321
mutilations	321
nineteenth	321
nini	321
oughtta	321
pestered	321
pitiless	321
posey	321
prairies	321
prerequisite	321
preventive	321
previews	321
puckett	321
quintana	321
recalibrate	321
reincarnate	321
requisite	321
respectively	321
rioters	321
rst	321
sounder	321
spake	321
spanx	321
spindle	321
tangent	321
teleprompter	321
thar	321
timur	321
tsuna	321
vasya	321
waa	321
withal	321
yggdrasil	321
zaheer	321
zhukov	321
aeronautics	320
agnieszka	320
alcide	320
alfonse	320
axed	320
bathes	320
bestial	320
bloodsuckers	320
botticelli	320
briareos	320
brutish	320
bulletins	320
canny	320
centaurs	320
cocteau	320
consults	320
councillors	320
couplet	320
dachshund	320
dien	320
dizer	320
dollies	320
driest	320
elke	320
embroider	320
engels	320
explores	320
falstaff	320
feigned	320
ferdinando	320
fertilization	320
financiers	320
freakishly	320
gascoigne	320
gratuity	320
honing	320
hues	320
infirm	320
inflame	320
iso	320
krug	320
kurdistan	320
lah	320
lajos	320
linguini	320
locos	320
maidana	320
manolis	320
marginally	320
mercantile	320
milieu	320
minnow	320
numerals	320
overlooks	320
oversaw	320
pantsuit	320
peerless	320
pervasive	320
petrovna	320
pineda	320
pirelli	320
pontiff	320
premed	320
preoccupation	320
procuring	320
rambler	320
restricting	320
roofies	320
salander	320
sexless	320
skylark	320
spratt	320
sterilization	320
stowaways	320
swearengen	320
teja	320
tita	320
tushy	320
uninhibited	320
usnavi	320
vilde	320
whitest	320
widest	320
zidane	320
acrobatics	318
ands	318
barbiturates	318
blasphemer	318
bonito	318
buoyancy	318
bushido	318
carajo	318
corolla	318
cymbal	318
deflecting	318
defunct	318
defused	318
descendent	318
digitalis	318
discriminated	318
distended	318
dolittle	318
dreamboat	318
dunning	318
eighteenth	318
ejector	318
elmore	318
excepting	318
excusing	318
facetious	318
fief	318
gama	318
gophers	318
gota	318
grayer	318
gutting	318
haber	318
halen	318
handshakes	318
hargreaves	318
hisako	318
hmo	318
hsia	318
impeding	318
indentation	318
insulate	318
intrinsic	318
jeongyeon	318
kazuma	318
khlyen	318
kilroy	318
kimmi	318
kl	318
kom	318
kyohei	318
lauryn	318
linguist	318
liquorice	318
longfellow	318
lowlands	318
markie	318
meeker	318
meister	318
meld	318
miz	318
moni	318
monogrammed	318
mujahideen	318
nougat	318
nur	318
osmond	318
outfitted	318
patterned	318
peeper	318
pitfalls	318
poco	318
regs	318
revolutionized	318
runneth	318
salerno	318
schooler	318
schweitzer	318
seeped	318
sicilians	318
sidewinder	318
signpost	318
snape	318
sop	318
spanning	318
sprinting	318
sumida	318
sunspots	318
swaps	318
talkto	318
tieh	318
toh	318
weaponized	318
webbed	318
worded	318
worshiping	318
yahoos	318
zoology	318
adidas	317
aegis	317
afield	317
aniki	317
assemblies	317
asymmetrical	317
attuned	317
berenson	317
bhutan	317
bitters	317
bunion	317
campuses	317
carli	317
chutzpah	317
complementary	317
computed	317
consciences	317
cricketer	317
dafu	317
damul	317
disclosing	317
drayton	317
edmonds	317
emphasized	317
ernestine	317
flaring	317
forewarned	317
fuckup	317
fulfilment	317
gabor	317
geneticist	317
gwang	317
henrickson	317
herrings	317
heya	317
lamarr	317
limerick	317
luster	317
macneil	317
madoka	317
maggy	317
mchugh	317
misfire	317
mystics	317
orla	317
overreaction	317
paappi	317
paced	317
parm	317
patrolled	317
pavlovich	317
pel	317
pepi	317
pooling	317
poolside	317
prattling	317
radhe	317
railroaded	317
rasmussen	317
recognising	317
ridding	317
rok	317
sanitizer	317
smilin	317
sprawl	317
summerhouse	317
swum	317
takano	317
tangerines	317
toasters	317
trouper	317
unflattering	317
unwrapped	317
vac	317
valdes	317
whatsit	317
whitby	317
whizz	317
wildflowers	317
woodshed	317
yas	317
yucatan	317
adress	315
aerosmith	315
ahhhhhh	315
anglia	315
authentication	315
blackwater	315
bonbons	315
borrower	315
bouvier	315
busch	315
busty	315
certainties	315
choker	315
chyna	315
clarion	315
creepers	315
cribs	315
dealin	315
deepen	315
defraud	315
detonates	315
disappoints	315
drexel	315
dunbrook	315
egress	315
failsafe	315
faxes	315
ferment	315
feroz	315
flatbush	315
flicked	315
freakazoid	315
galavan	315
gaviria	315
grater	315
gristle	315
haller	315
hearin	315
hobble	315
hurriedly	315
incontinence	315
irisa	315
kalyani	315
keener	315
lek	315
listless	315
lytton	315
malign	315
mathison	315
melee	315
mitsuo	315
narayana	315
nikko	315
nopd	315
nuit	315
oblique	315
ohhhhh	315
overs	315
paddies	315
pavements	315
penknife	315
persimmon	315
pinewood	315
polyps	315
prudie	315
pyle	315
ransack	315
ravel	315
reattach	315
reclaiming	315
rejoices	315
relatable	315
repulse	315
reservoirs	315
rosso	315
runways	315
samaritans	315
sandusky	315
schemer	315
scorer	315
scrounging	315
sidonia	315
sinead	315
stanfield	315
statesmen	315
stereotypical	315
strolls	315
taku	315
throwed	315
tracts	315
trowel	315
tuval	315
unintended	315
unspoiled	315
vagrancy	315
vladivostok	315
wahoo	315
walla	315
wantyou	315
wast	315
wiggles	315
wingspan	315
ww	315
xiangyang	315
badness	314
blabbed	314
bluesy	314
brews	314
capp	314
centerfold	314
ces	314
compresses	314
crackheads	314
cvi	314
dearing	314
democracies	314
diwan	314
duckworth	314
ecg	314
egad	314
entombed	314
erroneous	314
evy	314
ferryman	314
feuds	314
fornicating	314
gayest	314
ghul	314
gumiho	314
gurren	314
haldol	314
hamill	314
horvath	314
hummingbirds	314
ibsen	314
inevitability	314
infuser	314
jacobsen	314
kanin	314
kirin	314
kopecks	314
miscreant	314
moldova	314
myjob	314
nhl	314
nits	314
northerners	314
offstage	314
olde	314
outlying	314
oyuki	314
pastel	314
peasy	314
pisser	314
preminger	314
procurator	314
pru	314
rosales	314
schopenhauer	314
seeyou	314
shimla	314
shuffleboard	314
sicken	314
signifying	314
skinnier	314
slanted	314
slavers	314
someting	314
spewed	314
sukekiyo	314
swanee	314
terje	314
trams	314
trepidation	314
trimmer	314
trujillo	314
underhill	314
vivek	314
vreedle	314
wellman	314
whatsapp	314
wishbone	314
wistful	314
anasazi	312
antidepressant	312
apnea	312
arcee	312
arert	312
ashland	312
berkshire	312
birk	312
biscayne	312
blackguard	312
bullcrap	312
caca	312
cassadee	312
chidori	312
chuji	312
coppola	312
cots	312
crafting	312
dasha	312
diggity	312
disraeli	312
domine	312
donato	312
drudgery	312
edi	312
els	312
embarassed	312
entrap	312
epcot	312
fandango	312
felling	312
fibula	312
fiddlesticks	312
flanking	312
follicles	312
fostering	312
halford	312
haman	312
harnesses	312
hawker	312
hershel	312
hiroyuki	312
howto	312
infarction	312
inputs	312
inversion	312
itis	312
janssen	312
jokin	312
kakashi	312
kamiya	312
kens	312
khomeini	312
kyla	312
labeling	312
mooring	312
nosferatu	312
omicron	312
panchayat	312
partnering	312
pasts	312
premarital	312
preparatory	312
primus	312
pvc	312
rajat	312
rationed	312
refineries	312
reverted	312
rotc	312
saira	312
scalded	312
shira	312
skewed	312
sorrier	312
stealin	312
stilettos	312
submissions	312
sustainability	312
sympathizer	312
tabernacle	312
talkies	312
tase	312
tattle	312
teats	312
tetra	312
thousandth	312
tunneling	312
unaccompanied	312
unassuming	312
unmitigated	312
uplift	312
veritas	312
wahey	312
wallflower	312
womenfolk	312
yancey	312
yvon	312
affords	311
ahora	311
arouses	311
assunta	311
baer	311
barroom	311
benitez	311
blankie	311
caseworker	311
celal	311
cinders	311
commemoration	311
comtesse	311
concoct	311
conversationalist	311
cornering	311
dagwood	311
decibels	311
deductive	311
dismember	311
dryden	311
enforcers	311
epifanio	311
erick	311
eriko	311
estimating	311
eugen	311
expeditionary	311
fou	311
gargantuan	311
gilt	311
grandview	311
gretzky	311
guatemalan	311
honeybee	311
interceptors	311
kew	311
killemoff	311
kino	311
knowest	311
kusum	311
kyo	311
liaisons	311
lionesses	311
loreen	311
mafioso	311
mandalay	311
marcelino	311
matsudaira	311
mescaline	311
miney	311
motorists	311
murli	311
nazism	311
nicodemus	311
nodame	311
notte	311
omoi	311
outboard	311
pavarotti	311
perignon	311
perturbed	311
piloted	311
plo	311
practitioners	311
prenuptial	311
prolonging	311
quatermass	311
qureshi	311
ranjeet	311
raton	311
remade	311
renter	311
ricin	311
ronni	311
scruff	311
seonjun	311
shuji	311
skidded	311
sociopaths	311
statuette	311
stewing	311
tallis	311
timor	311
tiptoeing	311
tn	311
torturous	311
triplicate	311
turpin	311
ubiquitous	311
ursa	311
vacuumed	311
wands	311
wilberforce	311
wussy	311
aishwarya	309
anatolia	309
archetype	309
auerbach	309
averaging	309
bangor	309
baptise	309
beene	309
bernd	309
blacken	309
blogging	309
bock	309
branko	309
breadsticks	309
brioche	309
britten	309
brodsky	309
changeable	309
chucho	309
contingencies	309
contradicted	309
copious	309
courageously	309
creamer	309
creepier	309
cronkite	309
dandelions	309
dashwood	309
deckard	309
diversions	309
doritos	309
embellished	309
emf	309
emmeline	309
emmys	309
fealty	309
fela	309
fertiliser	309
fervently	309
flayed	309
gazelles	309
gianna	309
grift	309
gto	309
hamlin	309
hardwired	309
heckle	309
highschool	309
honouring	309
huan	309
ianto	309
infuse	309
ingeborg	309
inman	309
inserts	309
isamu	309
jessa	309
kuei	309
lata	309
maharaj	309
mastectomy	309
medallions	309
mitchie	309
mitra	309
mitsu	309
muslin	309
naik	309
nighlok	309
nutters	309
oscillating	309
pales	309
paracetamol	309
petticoats	309
physio	309
pucks	309
punchline	309
ricocheting	309
rna	309
roomies	309
saleswoman	309
sania	309
santorini	309
semifinal	309
sharia	309
skiers	309
skirmishes	309
slated	309
slav	309
snowmen	309
sodomized	309
somersaults	309
spongy	309
squids	309
stoppin	309
sufferers	309
tarr	309
tartars	309
tas	309
tates	309
taxman	309
timson	309
vamonos	309
velasco	309
voir	309
wid	309
woolsey	309
wordplay	309
wukong	309
yousef	309
abhorrent	308
abuelita	308
adair	308
afghani	308
anderton	308
angled	308
appropriated	308
bankrupted	308
barden	308
bau	308
beal	308
beefs	308
bellyache	308
bhuvan	308
bigots	308
boel	308
burgos	308
cardamom	308
celluloid	308
chickening	308
chuan	308
courtland	308
cujo	308
davison	308
defeatist	308
dinged	308
divatox	308
encyclopaedia	308
enviable	308
faun	308
fingerprinted	308
flowerpot	308
glandular	308
groundwater	308
haywood	308
hollered	308
hollowed	308
hombres	308
hoodoo	308
hovers	308
irradiated	308
isso	308
ivanhoe	308
lanny	308
lindley	308
longstreet	308
lyekka	308
maharashtra	308
mannion	308
mcclintock	308
mertz	308
mikage	308
miniscule	308
nandi	308
navcom	308
olof	308
philomena	308
pitiable	308
pollux	308
postmarked	308
predisposed	308
primitives	308
proximal	308
punked	308
puritans	308
rattler	308
reiden	308
restrictive	308
resupply	308
rivalries	308
salas	308
satyr	308
shinsuke	308
shuck	308
skwisgaar	308
spazer	308
steffi	308
structurally	308
suwa	308
taguchi	308
toei	308
tradesmen	308
traynor	308
turrets	308
twelvetrees	308
uchi	308
urethra	308
wadi	308
waterbed	308
writin	308
xx	308
yolks	308
youself	308
abysmal	306
allocate	306
amedeo	306
antigua	306
appu	306
ashita	306
asphyxiated	306
bans	306
batted	306
berlusconi	306
bimba	306
birthed	306
bluebirds	306
bohm	306
bookstores	306
borges	306
botch	306
bris	306
colluding	306
coraline	306
coveralls	306
crevices	306
cypher	306
dauntless	306
deflated	306
destabilize	306
dhoti	306
discos	306
disproportionate	306
droughts	306
eminently	306
encircle	306
fanaticism	306
fearlessly	306
fertilizers	306
finches	306
fra	306
frack	306
frustrate	306
gitmo	306
gujarat	306
gulch	306
hallgrim	306
hanzawa	306
hauls	306
headhunter	306
heighten	306
hoke	306
hoochie	306
hotspot	306
hutchins	306
ico	306
invitational	306
ionic	306
kawai	306
kiefer	306
kolia	306
laboring	306
lausanne	306
lightened	306
lindstrom	306
lmagine	306
merrin	306
molesters	306
moley	306
morgen	306
nardo	306
otsu	306
ousted	306
philanthropic	306
prodding	306
ramji	306
rebs	306
reclamation	306
rus	306
sabers	306
salomon	306
sama	306
scala	306
schmucks	306
schulz	306
smorgasbord	306
snobbish	306
sontag	306
sotto	306
speedometer	306
sportsmen	306
spotters	306
sprinter	306
spry	306
sweetened	306
tamale	306
termed	306
throb	306
tingles	306
transformative	306
traviata	306
unbelievers	306
unisex	306
unrestricted	306
vittles	306
wastin	306
wellingtons	306
wimsey	306
aesthetically	305
aggrieved	305
amygdala	305
antler	305
ashcroft	305
bahrain	305
beba	305
boyka	305
brokenhearted	305
canter	305
carisi	305
chaim	305
chels	305
cicada	305
clutched	305
corsets	305
counsellors	305
dandi	305
deary	305
deign	305
dena	305
devising	305
dirtied	305
dubaku	305
edvard	305
enquirer	305
ericsson	305
erred	305
farmhand	305
flintstones	305
gabriele	305
galvan	305
ghee	305
gisaeng	305
glaser	305
goad	305
gowron	305
guardsmen	305
gymnasts	305
gynaecologist	305
homophobe	305
hopi	305
impostors	305
jocko	305
karpov	305
kaur	305
keefer	305
kettering	305
kmart	305
kuya	305
lisi	305
luci	305
maa	305
maliciously	305
malika	305
martinelli	305
maruyama	305
maskell	305
minnelli	305
mussel	305
mustered	305
nears	305
outshine	305
perplexing	305
petechial	305
pillsbury	305
pocus	305
puller	305
purebred	305
pylons	305
qb	305
ransome	305
redder	305
ringmaster	305
rounder	305
ryung	305
sainted	305
sg	305
shames	305
sleazebag	305
slugging	305
smallhausen	305
snicker	305
sods	305
solaris	305
sonali	305
spluttering	305
strata	305
suen	305
swishing	305
tarsus	305
thrall	305
thunderzord	305
trigonometry	305
triumphantly	305
truncheon	305
tyree	305
undid	305
varmints	305
vesta	305
vivacious	305
warbler	305
whereupon	305
abusers	303
amazonian	303
armband	303
asterisk	303
boers	303
boomhauer	303
campaigned	303
caustic	303
chatur	303
chieftains	303
confiding	303
coyopa	303
cystic	303
diagonally	303
eclipsed	303
epilogue	303
extricate	303
favela	303
fearfully	303
fibbing	303
fractal	303
fraid	303
gbs	303
geysers	303
gliders	303
gouging	303
headlock	303
hemmed	303
hunker	303
ifthere	303
incomes	303
jeannine	303
jenga	303
jolbon	303
kagan	303
kriss	303
kursk	303
landmines	303
lk	303
managerial	303
marceline	303
marketed	303
mayu	303
methodically	303
mizoguchi	303
mosquitos	303
musta	303
nape	303
navigators	303
oversees	303
oyku	303
passkey	303
pecked	303
peron	303
phased	303
proficiency	303
quanzhen	303
rada	303
rasheed	303
resection	303
reuniting	303
saget	303
seafaring	303
shiba	303
shitstorm	303
silos	303
soco	303
soni	303
sooo	303
steeper	303
strigoi	303
sucre	303
sudha	303
surefire	303
surest	303
tallulah	303
tanking	303
taverns	303
thrt	303
tightens	303
tol	303
torrential	303
totality	303
tts	303
unlawfully	303
vexing	303
walid	303
walkout	303
washers	303
yayoi	303
yoriko	303
yurt	303
agnostic	302
amoeba	302
andiamo	302
beckon	302
belen	302
berthier	302
bestiality	302
bleaching	302
bloat	302
bodine	302
bottleneck	302
brainchild	302
cemented	302
chauhan	302
chosun	302
cnst	302
colm	302
communicators	302
crackdown	302
creasy	302
cull	302
datak	302
dissimilar	302
dogfight	302
dostoevsky	302
draconian	302
drina	302
droop	302
ecklie	302
elasticity	302
epithelials	302
exoskeleton	302
extremity	302
facilitated	302
gmos	302
gonnae	302
harrisburg	302
hubot	302
iljimae	302
imposes	302
indivisible	302
interacted	302
inundated	302
jacek	302
jaco	302
joshy	302
kawashima	302
kimo	302
layouts	302
leering	302
lenders	302
leveraged	302
lif	302
limoges	302
loggers	302
manos	302
maudie	302
obi	302
octagon	302
omniscient	302
oxymoron	302
pedantic	302
perceives	302
piped	302
ponte	302
quaking	302
recognisable	302
retaliated	302
revulsion	302
rinko	302
rumpelstiltskin	302
sajid	302
schofield	302
schwarz	302
scull	302
sefton	302
segundo	302
severus	302
shallots	302
shanthi	302
shona	302
shoop	302
sitcoms	302
sizzler	302
sleepwalk	302
snorkeling	302
spritzer	302
squashing	302
stretchers	302
syndicated	302
tasmania	302
taxidermist	302
teardrops	302
teary	302
thins	302
thunderclaps	302
torrio	302
totals	302
tsubaki	302
twix	302
unopposed	302
uriel	302
varicose	302
wallenberg	302
washcloth	302
windbreaker	302
wolfbloods	302
wowed	302
yaks	302
zeeland	302
zeroed	302
aborigines	300
accentuate	300
aftertaste	300
alise	300
andalusia	300
anjou	300
apo	300
appraiser	300
asahina	300
ayahuasca	300
balled	300
barbosa	300
billet	300
bunions	300
centred	300
charu	300
chasin	300
chesterton	300
cindi	300
clerics	300
clumps	300
commuting	300
counterproductive	300
creases	300
cvs	300
dilip	300
drexler	300
dumbfounded	300
earthbound	300
eine	300
elisha	300
espada	300
evelyne	300
exerting	300
feuding	300
fluoride	300
fonder	300
fortuneteller	300
geothermal	300
gimpy	300
godot	300
guzzle	300
halved	300
haskins	300
hirono	300
humanities	300
indomitable	300
ingles	300
inoculation	300
jewellers	300
justus	300
kennish	300
koba	300
kostas	300
lindo	300
llamas	300
llc	300
lowenstein	300
mahmud	300
mandala	300
mummification	300
naoto	300
newberg	300
niners	300
nonce	300
oska	300
outrageously	300
packin	300
padawan	300
panini	300
paschal	300
peder	300
pentothal	300
pointe	300
porkchop	300
prattle	300
processors	300
prudish	300
pumpernickel	300
pussycats	300
puto	300
referenced	300
regulating	300
runoff	300
sacristy	300
sayer	300
schiff	300
sequels	300
settler	300
shanked	300
shylock	300
slaver	300
sprawled	300
straights	300
sucka	300
tachycardia	300
tepid	300
thora	300
tremaine	300
ub	300
unimaginably	300
waltzed	300
whist	300
wildness	300
wisp	300
woolen	300
wrung	300
yor	300
yuichi	300
zuma	300
aghh	299
anise	299
appalachian	299
archana	299
automaton	299
awesomest	299
bablu	299
bader	299
baklava	299
banked	299
befits	299
begining	299
biarritz	299
bigoted	299
bindiya	299
boche	299
boulet	299
brunei	299
bullocks	299
carola	299
cautioned	299
chechens	299
colonna	299
conveniences	299
darkening	299
dcfs	299
ddt	299
depositing	299
dionysus	299
disinfected	299
dreidel	299
duper	299
edged	299
eew	299
ef	299
ehrlich	299
electricians	299
elysian	299
enrichment	299
essie	299
falsone	299
filipinos	299
flatbed	299
fouls	299
fullback	299
galleria	299
garuda	299
gaveston	299
giuliana	299
grafted	299
gregoire	299
hama	299
henk	299
hinazuki	299
homelessness	299
hurries	299
infractions	299
inseminated	299
inshallah	299
juma	299
kickball	299
kystle	299
lelouch	299
lind	299
loredana	299
loyalists	299
lubbock	299
lugosi	299
macintyre	299
maher	299
mandel	299
maroney	299
mccauley	299
meep	299
mekong	299
messi	299
munchausen	299
murad	299
narayanan	299
numbnuts	299
nutritionist	299
podiatrist	299
precipitation	299
pursuers	299
ravu	299
recognizance	299
relapsed	299
resenting	299
reverses	299
ruble	299
sampler	299
schilling	299
secreted	299
sheared	299
squall	299
staffers	299
stradivarius	299
strom	299
suma	299
sundry	299
symbiosis	299
symbolized	299
thataway	299
thumbelina	299
tiananmen	299
tween	299
underthe	299
vaziri	299
verdicts	299
vicomte	299
vieira	299
vulva	299
walpole	299
wazoo	299
whittier	299
xv	299
yasur	299
zafer	299
zealot	299
ached	298
adaptations	298
aggro	298
almudena	298
arbitrarily	298
bairn	298
beca	298
bedded	298
beni	298
bespoke	298
birgit	298
ble	298
bolshoi	298
brightens	298
brinkman	298
bypassing	298
canasta	298
childishness	298
chook	298
criticising	298
dakara	298
damm	298
damocles	298
danner	298
deceives	298
detectable	298
devotional	298
dimmed	298
donne	298
edmonton	298
eth	298
eul	298
frutti	298
functioned	298
galleon	298
ganged	298
heer	298
hellcat	298
heredity	298
hil	298
hollers	298
idiom	298
iib	298
insinuation	298
jeri	298
kilpatrick	298
krakatoa	298
laureate	298
lj	298
looping	298
mannered	298
mezzanine	298
mikaelson	298
naacp	298
negate	298
ntac	298
oompa	298
painstakingly	298
paulinho	298
paulus	298
peonies	298
perjure	298
personals	298
perversions	298
pews	298
prabhakar	298
propofol	298
purposeful	298
ravn	298
ream	298
recharging	298
retinue	298
saad	298
saroja	298
scarrans	298
sisi	298
smasher	298
sorrento	298
spurn	298
spyder	298
stereos	298
surveyors	298
swoosh	298
tessanne	298
tibor	298
tsurugi	298
tula	298
unconcerned	298
valets	298
valide	298
veered	298
ventilate	298
yanni	298
zat	298
zookeeper	298
absconded	296
adel	296
advocated	296
afterthat	296
aleister	296
annul	296
anouk	296
ardennes	296
augello	296
babbitt	296
bagwell	296
beekeeper	296
benders	296
benin	296
boogey	296
boucher	296
brunson	296
butte	296
catfight	296
chema	296
comlink	296
compote	296
criterion	296
dangled	296
disinherited	296
dragoons	296
dryers	296
entranced	296
exley	296
eyeful	296
fairyland	296
firmness	296
flightless	296
gasses	296
gazes	296
genii	296
godavari	296
hadrt	296
hawley	296
hegel	296
heisman	296
hitchhiked	296
honeymooners	296
immovable	296
katagiri	296
kazuki	296
liaoxi	296
lonelier	296
maudlin	296
mimsy	296
minuet	296
mountaineer	296
mounties	296
murchison	296
nitric	296
nok	296
onizuka	296
oswin	296
pharisees	296
pixar	296
preserver	296
pud	296
pumice	296
pundit	296
quills	296
ravings	296
reconstructive	296
resell	296
rewrites	296
rivet	296
rockfish	296
satanists	296
scanlan	296
scuffling	296
sideswipe	296
snipes	296
snivelling	296
sourced	296
strives	296
testes	296
toshiko	296
tto	296
undeveloped	296
unfocused	296
vali	296
vestibule	296
weet	296
wilby	296
wuthering	296
wy	296
yeats	296
zumba	296
aff	295
afterthought	295
anaesthesia	295
angers	295
apostrophe	295
arabela	295
bared	295
barfed	295
boneless	295
boycotting	295
camellia	295
chapstick	295
charmingly	295
chillies	295
chumhum	295
chutki	295
corresponded	295
counterpoint	295
cranford	295
cus	295
cw	295
dervish	295
desperado	295
envies	295
epsom	295
escargot	295
fallacy	295
freebo	295
fumbled	295
gl	295
grills	295
haphazard	295
headshots	295
ic	295
ilan	295
imogene	295
jambalaya	295
jiya	295
kasia	295
kester	295
kirikou	295
kodiak	295
lawndale	295
legation	295
loyalist	295
marathons	295
mashiro	295
misogynistic	295
missie	295
mobley	295
necromancer	295
newsreels	295
offal	295
olle	295
ord	295
outa	295
pepita	295
permafrost	295
promicin	295
redman	295
redness	295
ricochets	295
roughness	295
saith	295
schmooze	295
servings	295
shravan	295
sippy	295
steinmetz	295
stomps	295
straddling	295
stroganoff	295
superintendant	295
surrealist	295
teppei	295
tl	295
tonnie	295
tucci	295
tums	295
ulrike	295
urinated	295
wabash	295
weatherby	295
webby	295
whooped	295
wicks	295
wringing	295
yannick	295
adulation	293
avanti	293
balder	293
bathsheba	293
begotten	293
benefiting	293
bihari	293
bluer	293
bowles	293
bozer	293
brainwave	293
butterfingers	293
camo	293
cheekbone	293
chicka	293
chronological	293
clays	293
colorless	293
dammed	293
damnable	293
deficiencies	293
denials	293
deutschland	293
dewy	293
distrustful	293
dopes	293
dyslexia	293
egor	293
elli	293
escudos	293
everthing	293
fave	293
forecasts	293
frosti	293
futari	293
galia	293
gangotri	293
gloriana	293
gloriously	293
grannie	293
hamstring	293
handa	293
harbored	293
hedvig	293
heretical	293
huerta	293
instigator	293
ise	293
jacquou	293
jenson	293
jorgen	293
karishma	293
kegger	293
kershaw	293
knapp	293
lampshade	293
lances	293
makis	293
manion	293
marisha	293
mcnab	293
methuselah	293
minas	293
moaned	293
montaigne	293
montparnasse	293
mouthed	293
nakrang	293
natsume	293
oakwood	293
oolong	293
percentile	293
permian	293
plannin	293
pricking	293
privatization	293
proofread	293
pugh	293
qua	293
resplendent	293
ruel	293
ryunosuke	293
sanh	293
sapling	293
septimus	293
shaded	293
sharpie	293
silhouettes	293
slandering	293
slapper	293
solidify	293
songwriters	293
spliced	293
stockpiling	293
streetlights	293
sudo	293
sux	293
tanuki	293
tashi	293
tuco	293
uav	293
unsuccessfully	293
urns	293
uuh	293
vis	293
warcraft	293
weds	293
wwii	293
xandir	293
yipping	293
zaf	293
zarina	293
afterall	292
anteater	292
ashworth	292
babyface	292
barra	292
bbs	292
bombarding	292
bratva	292
brimmer	292
brulee	292
bunnu	292
caboodle	292
calla	292
caseload	292
chaco	292
charla	292
chide	292
chipotle	292
cocksucking	292
connally	292
copulation	292
criss	292
dahak	292
dakin	292
dayal	292
dere	292
distanced	292
diversified	292
duets	292
electing	292
enlistment	292
evaporation	292
excels	292
exerted	292
facelift	292
farmington	292
forme	292
fusses	292
garish	292
ghettos	292
gravestones	292
grenada	292
grump	292
hab	292
haemosu	292
headlining	292
hideko	292
humanist	292
icecream	292
immortalized	292
initiates	292
innovator	292
itinerant	292
iwas	292
jatin	292
kage	292
knead	292
komsomol	292
kuvira	292
latrines	292
linder	292
lnternational	292
lorazepam	292
mayweather	292
midgard	292
moana	292
mukhtar	292
mumtaz	292
murals	292
narra	292
nauseated	292
nikolaj	292
nonny	292
norrell	292
oreo	292
ouzo	292
overflows	292
palatial	292
panoramic	292
peal	292
pervs	292
philanderer	292
picketing	292
pomeroy	292
prodded	292
psychotherapist	292
radovan	292
resurface	292
rickets	292
rimini	292
sayo	292
scrutinized	292
sharpshooters	292
sheela	292
shiatsu	292
shinohara	292
sidharth	292
slanderous	292
sociological	292
solon	292
sont	292
spectra	292
sweepers	292
tatyana	292
thermals	292
theses	292
throwaway	292
tomek	292
torrence	292
trubel	292
tun	292
twisty	292
venturing	292
villiers	292
yelena	292
yeomieul	292
zaire	292
acknowledgment	290
adaptive	290
ammu	290
amoral	290
anc	290
antacid	290
armaan	290
arsenio	290
auditors	290
bajorans	290
banquo	290
berit	290
berthe	290
boorman	290
breathlessly	290
brutalized	290
cataract	290
caveat	290
clermont	290
consigned	290
coolly	290
culpability	290
daz	290
ddd	290
defecate	290
deflection	290
demographics	290
durai	290
embryonic	290
escalates	290
gaily	290
gdansk	290
genomex	290
homeys	290
hoorah	290
hossein	290
hypothalamus	290
ib	290
kanai	290
kure	290
loincloth	290
lotions	290
lucienne	290
mahalakshmi	290
malvo	290
manifesting	290
marciano	290
marcin	290
marginalized	290
mochou	290
murali	290
nagi	290
nearsighted	290
newhouse	290
northward	290
onesie	290
onthe	290
pander	290
pensacola	290
periphery	290
pitchforks	290
pritam	290
professed	290
queries	290
quicken	290
rasping	290
reassign	290
retrovirus	290
roebuck	290
rukh	290
scarran	290
sidorov	290
spoof	290
stephane	290
stravinsky	290
taffeta	290
tangles	290
toshiro	290
trespasser	290
uncaring	290
underhand	290
unwitting	290
ushered	290
yaniv	290
yourface	290
aboutyou	289
adjuster	289
aizu	289
alcazar	289
aldous	289
archdeacon	289
arsonists	289
atheism	289
attentively	289
avalanches	289
baying	289
beaujolais	289
bewildering	289
biden	289
biodiversity	289
bluster	289
braggart	289
brunel	289
buoyant	289
burcu	289
bushels	289
cheatin	289
colonic	289
consummation	289
dalmatian	289
dishonourable	289
divas	289
elsbeth	289
exclusivity	289
faltering	289
ferraro	289
foxx	289
furtive	289
galya	289
gitano	289
goldfinger	289
gomer	289
goodfellow	289
guna	289
halvorsen	289
hangings	289
hellsing	289
hermaphrodite	289
hittites	289
hooliganism	289
hsiang	289
ident	289
implacable	289
incensed	289
ingesting	289
jitterbug	289
juergens	289
kakarrot	289
kaneda	289
kayaking	289
kp	289
langly	289
lapointe	289
lb	289
lemoine	289
lene	289
leviticus	289
littlejohn	289
loners	289
lucilla	289
manfredi	289
mcconaughey	289
mcdonalds	289
menelaus	289
minstrels	289
misshapen	289
muzzy	289
nagumo	289
namibia	289
neary	289
nickelodeon	289
orabeoni	289
philandering	289
platters	289
polonium	289
prae	289
preclude	289
protections	289
pyramus	289
pyro	289
quickfire	289
radiates	289
rejuvenated	289
rotors	289
sanctify	289
sasa	289
schuster	289
sharman	289
shelia	289
snp	289
solloway	289
speakin	289
squab	289
subcutaneous	289
sundar	289
tagore	289
tais	289
theologians	289
transcontinental	289
treasonous	289
tubular	289
twitches	289
valkyries	289
vigata	289
warmers	289
wc	289
wintergreen	289
wiseass	289
wisecracks	289
woon	289
yai	289
yoshiki	289
zorba	289
aggressiveness	287
akatsuki	287
amberson	287
arai	287
azrael	287
bis	287
bivouac	287
bourbons	287
carjacked	287
cartouche	287
civics	287
daisaku	287
dartmoor	287
deliberating	287
diminishes	287
disregarding	287
dorft	287
edifice	287
flam	287
gatling	287
gazillion	287
ghoulish	287
glean	287
grouper	287
gsa	287
haj	287
hedy	287
hepatic	287
hinkle	287
homegirl	287
hospitalization	287
huai	287
immemorial	287
impassioned	287
inadequacy	287
insomniac	287
interlock	287
irresponsibility	287
ishihara	287
joelle	287
junket	287
khushi	287
knocker	287
kurokawa	287
lockbox	287
lps	287
magister	287
matsuko	287
mellowed	287
middlemen	287
miny	287
mixers	287
nibs	287
nightingales	287
pagina	287
pappi	287
ped	287
piri	287
piya	287
protracted	287
pukes	287
rab	287
reinventing	287
reprogramming	287
revels	287
ringed	287
santosh	287
sci	287
scribbles	287
shivaji	287
smelting	287
spas	287
sprints	287
sprocket	287
stalwart	287
strasser	287
stubb	287
taja	287
talky	287
tamarind	287
tanikaze	287
tariff	287
thickest	287
tobruk	287
trilby	287
tulio	287
unexploded	287
unilateral	287
unjustified	287
vag	287
vindication	287
vitthal	287
whiteness	287
wizardry	287
wr	287
zohar	287
accredited	286
admirals	286
aether	286
alpaca	286
angler	286
artis	286
astrophysicist	286
benchmark	286
berenice	286
bitterman	286
bormann	286
brigand	286
brightened	286
budweiser	286
buffoons	286
carthaginian	286
chilies	286
churro	286
cleese	286
cloaks	286
coloreds	286
commences	286
countin	286
cratchit	286
cryer	286
crystallized	286
cygnus	286
dalliance	286
deakins	286
doncaster	286
dp	286
dreadlocks	286
ducklings	286
earshot	286
edgardo	286
egged	286
eisuke	286
ermine	286
etch	286
ethos	286
expended	286
fallopian	286
fending	286
feta	286
frescoes	286
gambon	286
gaya	286
giovannino	286
grata	286
gravitation	286
hecate	286
igniting	286
inhibitors	286
instructs	286
keycard	286
kneels	286
lenka	286
loyally	286
luego	286
malena	286
mantua	286
mcluhan	286
medial	286
megalomaniac	286
minase	286
mizushima	286
multitudes	286
nyc	286
oopsie	286
ormond	286
overcompensating	286
personable	286
petrovic	286
populate	286
pugsley	286
pummel	286
quarries	286
rane	286
raro	286
rectified	286
redid	286
repenting	286
revved	286
rosalita	286
rusting	286
santillana	286
saxony	286
schaefer	286
secs	286
seeps	286
shinkichi	286
simulating	286
skateboards	286
sloping	286
spreader	286
squirted	286
stationmaster	286
suffragette	286
taper	286
teepee	286
themed	286
unchain	286
unfreeze	286
veracity	286
vicksburg	286
wiccan	286
wingate	286
abram	284
aficionado	284
alois	284
aoyagi	284
aquinas	284
azalea	284
barneys	284
barts	284
basher	284
batshit	284
beecham	284
borat	284
brannan	284
bruges	284
calibration	284
carmelita	284
coltrane	284
conscription	284
convalescent	284
conveys	284
dato	284
deafness	284
deficits	284
dich	284
diorama	284
dote	284
educators	284
emphatic	284
endearment	284
externally	284
fanned	284
fastidious	284
fede	284
fervour	284
flaco	284
forums	284
francisca	284
frankincense	284
fx	284
gauthier	284
glides	284
guffaws	284
hairball	284
hawes	284
hoopla	284
hunks	284
imperialists	284
ino	284
irrespective	284
jeane	284
jumba	284
jurek	284
karr	284
kleist	284
koharu	284
kuno	284
lahiri	284
lakewood	284
lanyard	284
lojack	284
lovelies	284
lowery	284
malfeasance	284
manipulates	284
maren	284
marshak	284
materialized	284
matzo	284
mayes	284
mcenroe	284
miya	284
morrell	284
mucked	284
noob	284
offload	284
oust	284
pagers	284
pelicans	284
peppa	284
pickaxe	284
pinter	284
pistachios	284
pitying	284
plagiarized	284
plckman	284
poonam	284
predisposition	284
raglan	284
rejuvenate	284
republics	284
reshape	284
ringers	284
samoan	284
scant	284
scoliosis	284
seger	284
selam	284
semesters	284
shiraz	284
shochiku	284
showboat	284
solarium	284
southerly	284
spacey	284
spate	284
spiritualist	284
spyware	284
steamroller	284
stoplight	284
strode	284
stuntmen	284
swines	284
telekinetic	284
tuppy	284
unappreciated	284
unicef	284
unpublished	284
unraveled	284
valya	284
vehemently	284
volta	284
westerly	284
worsley	284
yoshiwara	284
yuppies	284
zeuthen	284
zhivago	284
acrobatic	283
adem	283
advices	283
aniston	283
answerphone	283
articulated	283
assisi	283
atsushi	283
bagley	283
bando	283
banu	283
bawdy	283
brags	283
briony	283
bumpkins	283
cacophony	283
clunks	283
collectibles	283
condescend	283
confining	283
cristobal	283
crudely	283
curiouser	283
currencies	283
cuzco	283
decapitate	283
deen	283
doop	283
dubrovnik	283
durarara	283
dweller	283
een	283
eres	283
evildoers	283
fandor	283
feint	283
filament	283
fisticuffs	283
gbh	283
georgi	283
gladness	283
haeshin	283
hermia	283
hernan	283
homunculus	283
hullabaloo	283
hypnotised	283
impeach	283
incontinent	283
interminable	283
juha	283
kove	283
lainie	283
lavage	283
leche	283
lg	283
liberalism	283
locale	283
lockjaw	283
lusting	283
maha	283
mahone	283
manicured	283
manitoba	283
meddled	283
mergers	283
nagged	283
neuroses	283
nra	283
nunzio	283
orr	283
penitence	283
peoria	283
piao	283
playpen	283
prabhu	283
preservatives	283
rasgotra	283
reconstructing	283
relaying	283
remuneration	283
resigns	283
rl	283
scriptwriter	283
shadwell	283
singularly	283
siphoning	283
slocum	283
snakebite	283
solicited	283
sunderland	283
superglue	283
surnames	283
tarik	283
toyotomi	283
trumbull	283
turlough	283
unhurt	283
uninspired	283
unromantic	283
vaya	283
whiskies	283
woodcutter	283
woolworth	283
adolphe	281
amamiya	281
appeased	281
aurore	281
beauteous	281
bodhisattva	281
braved	281
bromley	281
buccaneers	281
callaway	281
capitulate	281
caramelized	281
celebi	281
chlo	281
chol	281
clapper	281
collingwood	281
compilation	281
dearborn	281
deflate	281
dependents	281
depletion	281
dipesto	281
disenfranchised	281
dolby	281
dropouts	281
druggist	281
effected	281
encino	281
ender	281
expansive	281
fairplay	281
fil	281
floundering	281
giri	281
grable	281
greengrocer	281
grooving	281
herewith	281
holosuite	281
ices	281
impersonated	281
jabberwocky	281
joakim	281
jolson	281
jolyon	281
jubal	281
keitel	281
kwak	281
lacquer	281
lagann	281
liane	281
lobbied	281
longmire	281
loulou	281
maelstrom	281
malti	281
matata	281
mcmurphy	281
moccasins	281
mopey	281
morey	281
officiate	281
olin	281
oneness	281
orjust	281
panna	281
pecos	281
pleiades	281
posthumously	281
pouches	281
pradhan	281
predicated	281
pseudo	281
psychotropic	281
pullover	281
rache	281
rehan	281
reims	281
repartee	281
repealed	281
repossess	281
sauteed	281
sepp	281
servile	281
shamus	281
shaquille	281
smackers	281
soapbox	281
solidified	281
stabilised	281
stricter	281
sukiyaki	281
suzhou	281
tacked	281
takuma	281
tanto	281
thornfield	281
trespassed	281
tuckered	281
unos	281
velez	281
viaduct	281
viscous	281
whey	281
wilcock	281
wombat	281
yegor	281
yew	281
yitzhak	281
alhambra	280
anto	280
asswipe	280
ather	280
backache	280
basha	280
bast	280
benedetto	280
bergerac	280
bigmouth	280
biographies	280
blackbirds	280
brokeback	280
buller	280
burgeoning	280
burka	280
canoeing	280
cartwheel	280
chanted	280
chastise	280
choirboy	280
coattails	280
constituted	280
conversely	280
conveying	280
coolio	280
counterfeiter	280
courtier	280
critiques	280
daemon	280
darkie	280
deceptively	280
dimas	280
dookie	280
efendi	280
extramarital	280
fairmont	280
fetishes	280
footstep	280
garroway	280
grecian	280
griddle	280
hackman	280
handsy	280
harbouring	280
honeycutt	280
impetus	280
indelicate	280
indentured	280
jahan	280
jinny	280
kima	280
lacs	280
lancers	280
landmine	280
lionheart	280
littleton	280
loring	280
lunchroom	280
maiko	280
manohar	280
mariette	280
moolah	280
moulds	280
nadezhda	280
ngs	280
nicholls	280
nimah	280
nooks	280
norbac	280
oldham	280
originates	280
ostia	280
paracelsus	280
perimortem	280
pernod	280
pigments	280
pocketful	280
prosthesis	280
reenact	280
rerouting	280
retracing	280
ripened	280
roge	280
semyon	280
settee	280
shri	280
soothsayer	280
spotlights	280
staffer	280
stix	280
stoller	280
stringent	280
subtleties	280
suhani	280
supermassive	280
svengali	280
sweltering	280
tenets	280
thermodynamics	280
thet	280
titti	280
tortellini	280
trashcan	280
typhoons	280
ung	280
uninterested	280
upshot	280
vayu	280
vova	280
warbles	280
wilmot	280
wrenches	280
yearbooks	280
yhe	280
zin	280
airfare	278
alle	278
ashlee	278
ataru	278
balli	278
bartok	278
batons	278
behinds	278
benzene	278
berber	278
biochemist	278
bluey	278
blurring	278
brita	278
castes	278
ciara	278
cobblers	278
compasses	278
darkly	278
disapproving	278
dissension	278
dob	278
draculaura	278
dren	278
duplicitous	278
ebert	278
eleonora	278
encroaching	278
eps	278
equine	278
erinn	278
facsimile	278
falsify	278
fatties	278
footfalls	278
foray	278
fumigated	278
greaves	278
greenbacks	278
grohl	278
hagar	278
heckling	278
hemant	278
heralds	278
highlighting	278
huer	278
huygens	278
hydrangeas	278
hyunto	278
irrevocably	278
kobol	278
koizumi	278
lathe	278
lathrop	278
lcd	278
lowen	278
macdougall	278
mccallum	278
mcclain	278
mclaughlin	278
mnemonic	278
monolith	278
monterrey	278
murata	278
myocardial	278
nads	278
nastiness	278
needlework	278
nubia	278
occupancy	278
oder	278
ott	278
oyama	278
panhandle	278
persistently	278
pezuela	278
pirouette	278
pooled	278
punky	278
quantify	278
radiohead	278
referrals	278
riffs	278
righ	278
ruda	278
scolds	278
selflessly	278
skjern	278
sss	278
steinar	278
sugi	278
tailpipe	278
tenzin	278
theora	278
tormentor	278
trafficked	278
twyla	278
unbuttoned	278
unpatriotic	278
velour	278
vindaloo	278
weighty	278
whatchamacallit	278
whistleblower	278
wolcott	278
yuda	278
zeek	278
zinger	278
abominations	277
addendum	277
albertine	277
alsace	277
anda	277
arastoo	277
atoll	277
aurelia	277
bap	277
basins	277
beguiling	277
bequest	277
birdcage	277
brandishing	277
bridey	277
brocade	277
burdett	277
caked	277
closeted	277
clotilde	277
constantin	277
counseled	277
cowan	277
cregg	277
darkseid	277
disinformation	277
earmarked	277
edgehill	277
evidentiary	277
fatigues	277
fein	277
freefall	277
goverment	277
granary	277
gustaf	277
harrogate	277
hom	277
infeld	277
inoculated	277
jessy	277
jono	277
josefa	277
katey	277
kofi	277
krupp	277
lech	277
liddell	277
luxan	277
masahiro	277
measurable	277
meisner	277
meldrick	277
mendes	277
messaged	277
mh	277
milestones	277
minimise	277
minster	277
muk	277
needlepoint	277
nightdress	277
notting	277
nsc	277
outsourcing	277
parabolic	277
pedrosa	277
plexus	277
polina	277
publicized	277
quaid	277
referees	277
reheat	277
renton	277
rescuer	277
roundhouse	277
schafer	277
searcher	277
selene	277
shamefully	277
sheepdog	277
shimon	277
shinhwa	277
shod	277
shrubbery	277
simo	277
sio	277
teamsters	277
thejob	277
tootin	277
tumblers	277
vaca	277
vani	277
vishwamitra	277
wane	277
witchy	277
wyndham	277
yamaha	277
achim	276
altimeter	276
amphitheater	276
antares	276
atelier	276
attrition	276
ayers	276
baffles	276
bollinger	276
botulism	276
bullshitter	276
burble	276
carm	276
carny	276
caron	276
carpentier	276
cased	276
cathouse	276
cert	276
cheltenham	276
civvies	276
clough	276
clumsiness	276
commemorating	276
corinna	276
criminality	276
deac	276
denzil	276
descriptive	276
doctrines	276
drazi	276
edging	276
espenson	276
gendarmerie	276
gooch	276
gramercy	276
grands	276
gravest	276
hardheaded	276
harebrained	276
heaped	276
heis	276
heng	276
hoodies	276
hooli	276
housekeepers	276
hydroelectric	276
ily	276
inertial	276
litigator	276
loaner	276
lusts	276
lysander	276
magali	276
mallika	276
margrethe	276
meddlesome	276
meldrum	276
mellon	276
mimes	276
minkus	276
mired	276
motta	276
neuron	276
oakes	276
orthe	276
ostend	276
overextended	276
paradoxes	276
parolee	276
petitioner	276
pinup	276
pippy	276
pranked	276
psoriasis	276
pyromaniac	276
quatermain	276
quinton	276
radek	276
rancor	276
recast	276
reddick	276
refilled	276
rumblings	276
saipan	276
sanya	276
saran	276
scabies	276
schlep	276
schrute	276
sculptors	276
seeding	276
servo	276
simmi	276
soe	276
steckler	276
stiffness	276
suzaku	276
synagogues	276
teaspoons	276
theron	276
thurber	276
townie	276
trawl	276
tutsi	276
ullman	276
vestal	276
wiryegung	276
wojtek	276
worldview	276
zandra	276
amaru	274
ambu	274
aphids	274
banta	274
barbies	274
beastmaster	274
biro	274
bitcoins	274
bluffed	274
buccaneer	274
buckling	274
busload	274
cabrera	274
cadiz	274
cargill	274
ceylon	274
chatswin	274
cheeta	274
cooperates	274
coronado	274
counterterrorism	274
cq	274
cree	274
decisively	274
demoralized	274
dippy	274
disrobe	274
dockers	274
duchamp	274
eastward	274
endangers	274
fina	274
forcible	274
forwhat	274
gcpd	274
gentlest	274
gizmos	274
gretch	274
greys	274
grunkle	274
guardo	274
guzzling	274
hermie	274
hoarsely	274
howled	274
hypo	274
illusionist	274
indio	274
ineffectual	274
inflating	274
irvin	274
jacobo	274
jammin	274
janu	274
jasna	274
katsura	274
kiowa	274
lakebottom	274
larsan	274
lefts	274
leutnant	274
likeyou	274
lucretia	274
lvpd	274
lycra	274
mackintosh	274
maligned	274
malo	274
manoel	274
massing	274
mikko	274
millisecond	274
misrepresented	274
monami	274
monotone	274
moyer	274
multinationals	274
mungo	274
narcolepsy	274
neelu	274
newberry	274
novotny	274
offs	274
orchestras	274
oso	274
pallets	274
peddlers	274
pickets	274
pra	274
preventative	274
propagation	274
pulverize	274
ragtag	274
randhir	274
rawley	274
reconnecting	274
recurrence	274
ricco	274
rosaura	274
sasi	274
savonarola	274
scapula	274
shill	274
sneering	274
soaks	274
stakeouts	274
stirrup	274
subsidiaries	274
supervisory	274
tawney	274
togashi	274
tomfoolery	274
trafford	274
udder	274
undershirt	274
unfurled	274
vespers	274
wearable	274
whiner	274
willin	274
zamora	274
accolades	273
alleges	273
arora	273
bab	273
barak	273
bmo	273
bookshelves	273
boosts	273
calzone	273
carthaginians	273
caters	273
catskills	273
cavaliere	273
cheuk	273
churned	273
cobblepot	273
coccyx	273
coffeemaker	273
comebacks	273
croats	273
crossrail	273
culminating	273
cycled	273
darpa	273
dbs	273
defectors	273
disillusion	273
eaves	273
escher	273
expertly	273
exsanguination	273
grosse	273
groundless	273
gua	273
hallmarks	273
handfuls	273
hissy	273
hotheaded	273
humphreys	273
ide	273
ido	273
ihop	273
isthe	273
jackrabbit	273
jairo	273
jareau	273
jarring	273
jip	273
kannada	273
kashiwagi	273
kauai	273
kerri	273
kickass	273
kimba	273
leyden	273
lhc	273
marsala	273
masseria	273
masson	273
mato	273
millington	273
minwoo	273
mitzvahs	273
natal	273
nonnatus	273
noriega	273
oc	273
ov	273
pcs	273
pedersen	273
pedes	273
peeved	273
polonius	273
pounder	273
preet	273
radiated	273
reassembled	273
reis	273
rhodesia	273
rossum	273
rungs	273
rutles	273
sarsaparilla	273
sashay	273
satoko	273
schnabel	273
scholastic	273
scrubber	273
setter	273
shingen	273
shozo	273
softens	273
someway	273
sommelier	273
spiller	273
spritz	273
stax	273
stipulation	273
sturm	273
subsidize	273
tarun	273
transverse	273
treblinka	273
trifled	273
tubman	273
ui	273
unadulterated	273
unimpressed	273
unsealed	273
wendigo	273
winstone	273
yancy	273
yosuke	273
aey	271
aggregate	271
alls	271
aramaic	271
ashura	271
auctioning	271
bacall	271
baronet	271
beaulieu	271
beeped	271
blizzards	271
boggles	271
boko	271
boxey	271
bridie	271
briefcases	271
cacti	271
cadillacs	271
calculates	271
chanced	271
coons	271
cruickshank	271
dales	271
demille	271
didyou	271
disparaging	271
disparity	271
disrupts	271
diversionary	271
dyad	271
earthforce	271
embroiled	271
emojis	271
fabiola	271
fjords	271
fop	271
forgettable	271
foucault	271
freezers	271
fukuoka	271
galway	271
graviton	271
harmonizing	271
howser	271
hunan	271
inefficiency	271
interchange	271
ivor	271
iy	271
janusz	271
jozef	271
kindaichi	271
kuku	271
lefebvre	271
lompoc	271
lumbering	271
lunged	271
maldonado	271
minaj	271
mitral	271
muntz	271
nakanishi	271
neeko	271
nishida	271
nuked	271
oberst	271
pauley	271
peppered	271
perumal	271
phoebus	271
poofs	271
prednisone	271
quieres	271
raincoats	271
rears	271
reynaldo	271
reynold	271
rian	271
sandwiched	271
sews	271
shahid	271
sharps	271
shinagawa	271
shruthi	271
sitch	271
soc	271
sortie	271
specialises	271
strang	271
strenght	271
subdivision	271
swoops	271
tapestries	271
timeshare	271
tizzy	271
tullius	271
twiddling	271
tye	271
unblemished	271
unwillingly	271
velociraptor	271
warder	271
wove	271
zuri	271
aaaaaaah	270
affiliates	270
agrarian	270
alucard	270
analogue	270
asakusa	270
ausa	270
aviva	270
beav	270
bernini	270
betrayals	270
biodegradable	270
birdbrain	270
bl	270
bouillon	270
brasil	270
canaveral	270
cann	270
capita	270
cattleman	270
cept	270
cezanne	270
cis	270
clop	270
cobble	270
coddling	270
comptroller	270
cooch	270
cordless	270
cruisin	270
cylindrical	270
delish	270
denote	270
destabilizing	270
devika	270
dickerson	270
diminutive	270
dingus	270
dollop	270
doy	270
earthworms	270
emaciated	270
fetuses	270
fibonacci	270
flik	270
floris	270
gayer	270
gib	270
glastonbury	270
gonads	270
gregorian	270
hardening	270
hathorne	270
homerun	270
hongkong	270
horsie	270
huberman	270
imi	270
kathmandu	270
kemper	270
kurosaki	270
kwanzaa	270
lambo	270
langton	270
levelled	270
litany	270
lodgers	270
loong	270
mabuse	270
maclaren	270
makeovers	270
manderley	270
mang	270
masayuki	270
muncie	270
murillo	270
mya	270
oscillator	270
overstayed	270
parachuted	270
pausing	270
perverting	270
pillaged	270
pitstop	270
ponytails	270
pressman	270
protester	270
quelle	270
reclining	270
regulates	270
repulsion	270
restructure	270
retort	270
riveted	270
roary	270
rolando	270
sacraments	270
seahorse	270
shawshank	270
sikhs	270
sketchbook	270
suiting	270
tandang	270
taz	270
tetch	270
thorazine	270
togusa	270
toine	270
trapp	270
truscott	270
twayne	270
unleashes	270
vapid	270
varg	270
vasile	270
vicap	270
vocally	270
wilber	270
abramoff	268
additives	268
amman	268
aqualad	268
arras	268
astrologers	268
avni	268
awed	268
banksy	268
bhopal	268
bidders	268
billingsley	268
bonneville	268
brownsville	268
bryony	268
calogero	268
cascading	268
centerpieces	268
cerebellum	268
christabel	268
coasting	268
comers	268
contractual	268
cristiano	268
cutthroats	268
cybill	268
darwyn	268
deepened	268
demolitions	268
deuterium	268
dominik	268
dunhill	268
edwardian	268
egbert	268
elam	268
elbe	268
emasculated	268
fah	268
fidgety	268
finalised	268
firs	268
fline	268
forefinger	268
froning	268
frs	268
genders	268
glob	268
goda	268
gotto	268
gye	268
handcrafted	268
happ	268
harland	268
hideouts	268
hikes	268
hisashi	268
hydration	268
hydrocarbons	268
ides	268
impale	268
jinks	268
kaidu	268
kaley	268
kansuke	268
kinko	268
klunk	268
kovak	268
krispy	268
lakhan	268
leeza	268
luffy	268
madalena	268
mainline	268
manette	268
margery	268
marrakesh	268
matchstick	268
mctavish	268
messalina	268
methanol	268
miguelito	268
myriam	268
narcs	268
oflove	268
ona	268
pacer	268
pampers	268
paradoxical	268
passin	268
pileup	268
playthings	268
plethora	268
protectorate	268
puddin	268
pummeled	268
referencing	268
remotest	268
resale	268
riche	268
robeson	268
sambar	268
scrupulous	268
selflessness	268
sendai	268
seventeenth	268
silene	268
snook	268
solana	268
soldering	268
springboard	268
squinting	268
stephie	268
streamline	268
stunningly	268
sufferer	268
teetering	268
thallium	268
thurgood	268
triumphal	268
unsophisticated	268
varrick	268
viability	268
victimless	268
visionaries	268
wheres	268
winkie	268
wolfsbane	268
yeehaw	268
youjust	268
zag	268
aberrant	267
achy	267
aggressors	267
agora	267
alak	267
amantha	267
anais	267
angad	267
avast	267
babban	267
backto	267
baldie	267
bana	267
basia	267
battersea	267
beefcake	267
beeplng	267
bernardes	267
blarney	267
blockheads	267
bootie	267
brainwaves	267
brest	267
broome	267
carbonara	267
castel	267
catapults	267
chichi	267
chronicler	267
cigs	267
collectible	267
cuatro	267
cuteness	267
darwinian	267
depictions	267
despot	267
dhanraj	267
distinguishes	267
domini	267
downturn	267
elgar	267
erogenous	267
floren	267
flue	267
frere	267
gallstones	267
gardenias	267
gaussian	267
gerty	267
gimbert	267
globetrotters	267
hansson	267
herbalife	267
himanshu	267
hoc	267
honnold	267
hookah	267
housemates	267
hubcaps	267
ignasi	267
implausible	267
imposters	267
impulsively	267
inorganic	267
intensifying	267
iooked	267
irregularity	267
jonjo	267
kibby	267
knell	267
kow	267
kranz	267
kyeongseong	267
loos	267
lopevi	267
madcap	267
majorly	267
manassas	267
masato	267
massoud	267
milburn	267
misadventure	267
mortifying	267
nagel	267
nanjo	267
nava	267
nicolette	267
norbit	267
omnipresent	267
outlining	267
parsa	267
priss	267
purist	267
pusan	267
pyare	267
radiators	267
regenerated	267
regenerating	267
reliably	267
resourcefulness	267
sala	267
salient	267
santy	267
seacrest	267
shadowhunters	267
sherpas	267
shinpei	267
smarmy	267
smoothing	267
snored	267
songyang	267
soonest	267
sot	267
spivey	267
staffing	267
supermen	267
tajima	267
telephoto	267
tengu	267
thay	267
thundercats	267
transcended	267
unsustainable	267
ursus	267
vladimirovich	267
warfield	267
wegener	267
wmd	267
yello	267
yokoyama	267
youngblood	267
zita	267
zloty	267
abra	265
ajusshi	265
algy	265
anglais	265
antagonistic	265
apprehending	265
aswell	265
baggies	265
barristers	265
bedpans	265
betwixt	265
bhangra	265
bicarb	265
bludgeon	265
braced	265
brack	265
branwell	265
brewers	265
bromide	265
bruckner	265
btw	265
busses	265
candidly	265
cannonballs	265
cardiomyopathy	265
charing	265
charon	265
chlorophyll	265
cinzia	265
cobweb	265
colum	265
corning	265
cracow	265
deepens	265
delle	265
dorfman	265
dutta	265
eggheads	265
emitters	265
exchequer	265
exhibitionist	265
facials	265
fierro	265
fizzing	265
fondled	265
fraternities	265
freeloaders	265
fujimoto	265
fundamentalists	265
fusing	265
gaynor	265
gis	265
goddamit	265
grandstanding	265
harmonium	265
heeded	265
imelda	265
imprints	265
inbreeding	265
insinuated	265
janki	265
kean	265
kersey	265
klinkerhoffen	265
koen	265
kooks	265
lait	265
liberators	265
lightfoot	265
linkage	265
macaulay	265
mantrid	265
migrations	265
mim	265
mombasa	265
monger	265
mountaineering	265
napster	265
neetu	265
nitwits	265
ofjustice	265
okeydoke	265
ony	265
paltrow	265
paradine	265
parkour	265
pershing	265
pfff	265
philosophically	265
phrased	265
plonk	265
pornographer	265
preconceived	265
prefectural	265
prospectors	265
raga	265
ragnarok	265
reaped	265
reappears	265
reciprocated	265
reeked	265
replaying	265
revolts	265
ribcage	265
ridiculing	265
rockland	265
ruthlessness	265
sahir	265
saigo	265
saleem	265
saskatchewan	265
scotches	265
skivvies	265
slippin	265
snuggling	265
someth	265
sotheby	265
sponging	265
stiffy	265
suffrage	265
takechi	265
thoughtfully	265
tollbooth	265
tomoe	265
trawling	265
tupper	265
tweek	265
ug	265
uly	265
uncommonly	265
unhelpful	265
unrestrained	265
vassily	265
waxy	265
webbing	265
wilfrid	265
wilk	265
woodford	265
yeshiva	265
ajin	264
alsatian	264
alway	264
amass	264
animus	264
archivist	264
ashish	264
assassinating	264
avant	264
bittoo	264
blithe	264
bluish	264
bmx	264
brayden	264
buffett	264
bulldoze	264
burak	264
capote	264
cassiopeia	264
catarina	264
chale	264
champollion	264
changin	264
condon	264
conferring	264
corneas	264
crochet	264
crozier	264
cutesy	264
dessie	264
dibble	264
dirtbags	264
dormitories	264
dowdy	264
drooping	264
editorials	264
eroding	264
facetime	264
flasher	264
flavoured	264
folksy	264
forints	264
fronted	264
fuhrman	264
galicia	264
giordino	264
goners	264
gordana	264
grindr	264
hairstyles	264
hanji	264
highbrow	264
honeydew	264
hovered	264
imploded	264
inari	264
individualism	264
ishtar	264
jalapeno	264
jedediah	264
jiggly	264
keppel	264
khalifa	264
kirsch	264
klimt	264
koe	264
kombat	264
kovach	264
lorde	264
maca	264
madhavan	264
marce	264
marquess	264
massager	264
metaphysics	264
microns	264
minimalist	264
mobilise	264
modi	264
nihaal	264
noogie	264
okamoto	264
omelettes	264
onyx	264
oryou	264
peterman	264
pillai	264
portwenn	264
quel	264
raben	264
ranbir	264
razia	264
revelry	264
rigoletto	264
robbo	264
rumbled	264
sahiba	264
sauvage	264
selleck	264
sem	264
shostakovich	264
siggy	264
sniffle	264
sparkler	264
sportscaster	264
spurious	264
stonewalling	264
surrealism	264
tassel	264
taters	264
tele	264
timeframe	264
tolerates	264
twosome	264
tyrion	264
unease	264
varner	264
veena	264
victini	264
viju	264
vodkas	264
wheaties	264
wheeljack	264
wilmer	264
wracked	264
zarek	264
absorbent	262
aglow	262
airspeed	262
aizawa	262
algo	262
anythin	262
appy	262
asexual	262
balle	262
baran	262
barbecuing	262
beeline	262
bellagio	262
bighorn	262
birger	262
bish	262
bobble	262
bounded	262
bru	262
cancellations	262
cesium	262
checkups	262
choon	262
cin	262
coddled	262
compadres	262
contrite	262
cuervo	262
dacha	262
danko	262
darkies	262
darting	262
deadlier	262
defaced	262
dente	262
dependant	262
detainment	262
dixieland	262
domicile	262
dooby	262
douchebags	262
eagleton	262
emergent	262
estes	262
evicting	262
fernandes	262
friendliest	262
gestation	262
gilchrist	262
glub	262
gorges	262
greasing	262
harmonize	262
hollows	262
invests	262
ious	262
jedikiah	262
jellies	262
jogged	262
kenshiro	262
kido	262
kingly	262
kir	262
koalas	262
lambeth	262
lawmakers	262
layne	262
lichen	262
lisping	262
liveth	262
longhorn	262
mangle	262
marly	262
mcd	262
messala	262
minecraft	262
miscavige	262
moneylender	262
mucous	262
murari	262
ncic	262
nima	262
nimbus	262
nondescript	262
nyx	262
oozes	262
orale	262
pammi	262
pathologists	262
peaky	262
planters	262
plying	262
precede	262
quash	262
quesadilla	262
rajjo	262
rathod	262
ribbentrop	262
sacs	262
safa	262
satanist	262
saucepan	262
segawa	262
selwyn	262
shindou	262
shorting	262
snags	262
spiny	262
spreadsheets	262
starves	262
stoick	262
subclavian	262
tailings	262
temujin	262
thais	262
theyjust	262
thoroughfare	262
toge	262
tottenham	262
treme	262
tumult	262
valente	262
valise	262
venerated	262
vil	262
vonda	262
wiggum	262
wiry	262
aba	261
addis	261
additive	261
agonies	261
amtrak	261
anglo	261
applegate	261
asphyxia	261
augmented	261
bandra	261
baumann	261
belittled	261
belker	261
bloomberg	261
capa	261
carting	261
casks	261
cersei	261
crimean	261
croon	261
decorators	261
diagnoses	261
dic	261
discernible	261
doktor	261
earlobes	261
ehi	261
emphasise	261
endeavours	261
gamby	261
gath	261
geishas	261
gobs	261
grabby	261
graciela	261
gruelling	261
gyul	261
hanadarko	261
harps	261
houseguests	261
injectors	261
janitorial	261
jtp	261
kardashians	261
kettles	261
kusanagi	261
lancia	261
leathery	261
lohengrin	261
loup	261
lucerne	261
lve	261
madelyn	261
maples	261
melton	261
mestre	261
mn	261
monologues	261
muskrat	261
nari	261
neeson	261
newsworthy	261
nri	261
olsson	261
opulent	261
orchestration	261
oto	261
overacting	261
overton	261
parochial	261
pattie	261
pere	261
poorhouse	261
predates	261
premieres	261
principally	261
probert	261
proliferation	261
psychically	261
quai	261
questionnaires	261
razer	261
rebecka	261
recitation	261
rhymed	261
rino	261
sherm	261
singe	261
snoot	261
solidly	261
sone	261
speculators	261
stache	261
starched	261
stoning	261
straddle	261
sugu	261
synthetics	261
tadd	261
tibetans	261
tincture	261
trellis	261
troels	261
twiddle	261
unsullied	261
verena	261
vespasian	261
vetoed	261
watchdogs	261
wawa	261
weenies	261
whrt	261
wickets	261
wpc	261
wristbands	261
youd	261
youngpo	261
zpm	261
adulteress	259
agnese	259
alloys	259
amassing	259
amenhotep	259
amparo	259
annexed	259
anny	259
argit	259
bayard	259
belden	259
bip	259
bizarrely	259
blore	259
brom	259
brophy	259
buckman	259
butterball	259
capillaries	259
carissa	259
chandru	259
chernov	259
chocolat	259
chucks	259
clotted	259
colley	259
congenial	259
constrictor	259
contrasts	259
cosplay	259
despairing	259
disconnecting	259
discus	259
displace	259
doot	259
egoist	259
evoked	259
fidget	259
fixable	259
flanked	259
flinching	259
flotsam	259
forsyth	259
freighters	259
frenchies	259
gawk	259
geranium	259
gianluca	259
gibb	259
gopala	259
hagrid	259
hakuna	259
hamm	259
havel	259
herbivores	259
hofer	259
huron	259
incandescent	259
incantations	259
indulgences	259
ingestion	259
jammy	259
johnathan	259
johnstone	259
jonno	259
kagome	259
karna	259
keng	259
kernels	259
kisaragi	259
knud	259
lemming	259
lewicki	259
lnternet	259
luan	259
lyell	259
matsushima	259
mccrae	259
meer	259
mercado	259
miscreants	259
mosfilm	259
neath	259
nightstick	259
noirish	259
onscreen	259
ourjob	259
participates	259
patently	259
perspiring	259
piak	259
pigskin	259
priam	259
prideful	259
problema	259
pujol	259
pyrotechnics	259
ranching	259
resetting	259
reuse	259
rinsed	259
rondo	259
roti	259
safeguarding	259
safehouse	259
schmitt	259
seurat	259
sevilla	259
shapeshifter	259
sharat	259
shearing	259
shrewsbury	259
shropshire	259
shuster	259
situ	259
skewered	259
sloop	259
sofi	259
speckled	259
spinoza	259
squiggly	259
stiffen	259
supermax	259
tamiya	259
teletype	259
thorgy	259
tightest	259
tommorow	259
tramping	259
transcendence	259
tulsi	259
tuo	259
ulster	259
username	259
venetians	259
versatility	259
vyvyan	259
warblers	259
waterford	259
whitworth	259
woodlands	259
wouidn	259
yana	259
yod	259
zis	259
abberline	258
airbrush	258
alack	258
aligning	258
allegro	258
ambushes	258
amnesiac	258
annuity	258
anthropological	258
archenemy	258
asuna	258
behaviours	258
belleville	258
berate	258
blacksmiths	258
blazers	258
bolingbroke	258
bowlers	258
bromance	258
budderball	258
burbs	258
butane	258
caballero	258
carleton	258
centrifugal	258
chartreuse	258
chromium	258
classier	258
condense	258
condoning	258
constraint	258
crackpots	258
deathtrap	258
debauched	258
derbyshire	258
dhabi	258
didnae	258
duality	258
duras	258
ensue	258
entomologist	258
fauntleroy	258
fayeed	258
figurative	258
flinched	258
forthem	258
frothy	258
fudd	258
garwood	258
hacer	258
haves	258
hunh	258
hydroponic	258
instrumentation	258
kamla	258
kojiro	258
kozue	258
lce	258
londoners	258
louganis	258
lozano	258
marsten	258
mightily	258
miliband	258
modular	258
mores	258
nagato	258
naivety	258
nastier	258
nebuchadnezzar	258
ngai	258
nightmarish	258
onassis	258
ons	258
peaking	258
pliable	258
plod	258
polytechnic	258
poontang	258
predictive	258
prendergast	258
prohibiting	258
prudhoe	258
qt	258
reacquainted	258
reelected	258
reorganization	258
resonant	258
rickard	258
scathing	258
scrapings	258
searchlight	258
searchlights	258
seashell	258
secretion	258
sectioned	258
sfpd	258
shamu	258
shoplift	258
slicer	258
soriano	258
spaceport	258
starfighter	258
taran	258
tarragon	258
tej	258
tesoro	258
tinsley	258
toon	258
townshend	258
transistors	258
tremblay	258
tsukamoto	258
unreadable	258
vinton	258
whelp	258
yolo	258
yuwen	258
affable	257
allot	257
amano	257
angiogram	257
arlena	257
backstrom	257
bedpost	257
bellyaching	257
benvolio	257
bestows	257
bladders	257
bloodsucking	257
boyar	257
brumby	257
canker	257
cellmates	257
chapin	257
conceiving	257
costumed	257
crisscross	257
dandridge	257
debussy	257
defrauded	257
deviants	257
dh	257
disheveled	257
dredged	257
dressy	257
duque	257
eastenders	257
efficacy	257
entertains	257
escalators	257
evaporating	257
fixit	257
flavio	257
footballs	257
fullerton	257
goi	257
goodson	257
grandparent	257
haemorrhaging	257
harbours	257
herders	257
hidalgo	257
icc	257
ilaria	257
imai	257
instigating	257
jeffords	257
kaminsky	257
kerim	257
kintaro	257
kojirou	257
krav	257
lamented	257
leafs	257
legacies	257
lippy	257
luminol	257
mab	257
machiavellian	257
manhandled	257
manicures	257
menthe	257
mervyn	257
minuscule	257
misspoke	257
morell	257
needto	257
neighbourhoods	257
nen	257
ner	257
nicklas	257
nid	257
oooo	257
overshot	257
oversleep	257
oyabun	257
palomares	257
panes	257
parsnip	257
pertain	257
phelan	257
pickford	257
pilaf	257
pissarro	257
pixy	257
prayin	257
puritanical	257
purty	257
racehorses	257
rhib	257
roofied	257
rosaria	257
rote	257
rupali	257
sakina	257
saleh	257
shinto	257
shipbuilding	257
slitting	257
sommer	257
spore	257
sru	257
strapless	257
suffocates	257
swirly	257
thermometers	257
thompkins	257
tics	257
tso	257
vibrato	257
vlog	257
wads	257
waterhole	257
whatare	257
wickedly	257
widdle	257
witten	257
wobbles	257
woefully	257
wog	257
xl	257
yahweh	257
yuta	257
zandt	257
zosia	257
abbreviation	255
accountancy	255
aiyo	255
alkaline	255
amex	255
anabel	255
aphasia	255
ard	255
artois	255
ashwini	255
augment	255
bagger	255
barreling	255
bex	255
bhaiyya	255
blighted	255
boastful	255
boink	255
broncos	255
bungling	255
cancan	255
categorize	255
chomps	255
climatic	255
conk	255
darian	255
depots	255
diogo	255
dribbles	255
dyle	255
emre	255
eradication	255
excellently	255
exhilaration	255
extraneous	255
exude	255
fagan	255
flyboy	255
friendliness	255
gagnon	255
gizzard	255
golding	255
gorgonzola	255
greely	255
gumshoe	255
hahahaha	255
heitor	255
hojo	255
holl	255
hrt	255
impressionism	255
interlocking	255
jain	255
jogs	255
kannan	255
kazu	255
keeled	255
kif	255
kingsbridge	255
kleptomaniac	255
lafite	255
lesbos	255
lieber	255
loofah	255
lothar	255
maleficent	255
microorganisms	255
milla	255
morin	255
mughal	255
mur	255
neurotoxin	255
neuter	255
oddity	255
oftime	255
ofwhat	255
omnibus	255
osten	255
overthrowing	255
overtures	255
paunch	255
pelosi	255
phoenician	255
phonebook	255
probative	255
prompter	255
raindrop	255
rapido	255
repatriation	255
repopulate	255
resided	255
resound	255
reve	255
revisited	255
rosalinda	255
royston	255
sawaki	255
scopolamine	255
sohn	255
spassky	255
spittin	255
squelch	255
stuckey	255
studebaker	255
sugita	255
susu	255
swarthy	255
swatches	255
synopsis	255
timepiece	255
torrey	255
torvald	255
toti	255
transpo	255
tumbles	255
vere	255
vincey	255
wasim	255
weems	255
whateveryou	255
widmore	255
yasha	255
yugoslavian	255
zarkon	255
aarav	254
adaptability	254
altars	254
arav	254
artworks	254
arvo	254
asu	254
azaleas	254
babysat	254
bayram	254
beachhead	254
beatnik	254
belli	254
betide	254
bootlegging	254
bratislava	254
broiled	254
bullfrog	254
charlottesville	254
charo	254
colter	254
compactor	254
condenser	254
contemptuous	254
coughlin	254
creel	254
deformities	254
delos	254
dispossessed	254
dmz	254
dodson	254
downgraded	254
elysium	254
fairgrounds	254
feli	254
fishnet	254
flim	254
fuckwit	254
gallup	254
gdp	254
genaro	254
giuliani	254
glazing	254
gondo	254
groat	254
grosvenor	254
hayek	254
heared	254
heartaches	254
hildegard	254
insofar	254
inspite	254
interrogators	254
jellicle	254
jellybeans	254
jesu	254
jewess	254
jut	254
kalyan	254
knowthe	254
koontz	254
lamentable	254
larks	254
lawyering	254
leant	254
lechery	254
licences	254
lindberg	254
lodi	254
lucci	254
maksim	254
malawi	254
mariska	254
menzies	254
modigliani	254
moneypenny	254
motherboard	254
mulling	254
nagavalli	254
napoleonic	254
neruda	254
nerv	254
nowyou	254
nutella	254
nyada	254
olmedo	254
oom	254
oppressing	254
orkney	254
overthrew	254
permanence	254
poldi	254
preparedness	254
prominently	254
px	254
quietest	254
rammer	254
redesigned	254
rewinds	254
scalpels	254
scheherazade	254
searchers	254
shamar	254
shephard	254
shizuo	254
splattering	254
stashing	254
steamers	254
subjecting	254
suga	254
suu	254
tantalising	254
thattaboy	254
thawing	254
threaded	254
tiers	254
tinge	254
torquay	254
touma	254
trang	254
tuft	254
unknowable	254
uriah	254
voicemails	254
wrongdoings	254
xiaoyi	254
yarmulke	254
yesterdays	254
zany	254
zoological	254
academies	252
adhered	252
akai	252
arsene	252
artemus	252
artisanal	252
autobahn	252
baldev	252
barbs	252
beckoned	252
belphegor	252
biometrics	252
birdseed	252
bismillah	252
bloop	252
bogeys	252
bossed	252
buttonhole	252
catalano	252
cavorting	252
comprise	252
computation	252
cosmological	252
crossfit	252
crunched	252
cuando	252
cumulative	252
dado	252
defne	252
dreadnought	252
dulled	252
dynasties	252
eeyo	252
egging	252
egocentric	252
emotionless	252
erode	252
faggy	252
fagot	252
fermentation	252
flange	252
flickers	252
flitting	252
fontainebleau	252
fosse	252
frits	252
frocks	252
funfair	252
gleaned	252
glick	252
grabber	252
graziano	252
grunwald	252
guddi	252
hammett	252
hanyang	252
harshness	252
headpiece	252
hebrides	252
hinduism	252
hitoshi	252
humiliates	252
humiliations	252
hypothermic	252
inaction	252
inhumanity	252
jellybean	252
jibun	252
joubert	252
kinsella	252
kuzmich	252
laborious	252
lavery	252
liebe	252
lifesaving	252
lincolnshire	252
linde	252
liquored	252
lov	252
maarten	252
malka	252
medicate	252
mehdi	252
morphing	252
narasimha	252
nassar	252
negra	252
nosedive	252
ophthalmologist	252
orgasmic	252
outfield	252
overqualified	252
paisa	252
parishioner	252
partials	252
paterno	252
pattaya	252
pease	252
perce	252
phosphorous	252
pigpen	252
pix	252
plaintive	252
porsches	252
prager	252
quads	252
quincey	252
racoon	252
renner	252
resonating	252
revenged	252
riles	252
roasts	252
sacko	252
scobie	252
seedling	252
seiko	252
shivas	252
sixers	252
ska	252
snowplow	252
southpaw	252
standout	252
subjugated	252
sufi	252
summa	252
suru	252
syndicates	252
szabo	252
teenie	252
theandromeda	252
thespian	252
thessaloniki	252
tibi	252
tigre	252
tobacconist	252
tulley	252
ume	252
undaunted	252
uppsala	252
uprisings	252
usda	252
wafting	252
waterhouse	252
waya	252
witching	252
xiaoyu	252
yangjung	252
yulia	252
zoloft	252
amphora	251
anarkali	251
asim	251
ayanami	251
bassoon	251
binders	251
bronzed	251
burbuja	251
cabron	251
catched	251
claptrap	251
cluny	251
compressing	251
confidences	251
congestive	251
consonants	251
cuesta	251
cursory	251
daniken	251
deluding	251
dobbin	251
dour	251
droppin	251
engrave	251
eurasian	251
falconetti	251
fet	251
fincher	251
fizzle	251
fraiser	251
fukuda	251
furnishing	251
garrido	251
glassware	251
gornt	251
gunga	251
harakiri	251
heartthrob	251
heavies	251
hmmph	251
hocked	251
hornstock	251
idealized	251
igarashi	251
impurity	251
indoctrination	251
ingots	251
integrating	251
interred	251
istvan	251
jamestown	251
jarndyce	251
jealously	251
kaul	251
kierkegaard	251
kindled	251
kuki	251
lapped	251
leandro	251
leathers	251
liquefied	251
livable	251
lookalike	251
lucidity	251
manuelo	251
marianas	251
maroni	251
matterhorn	251
maz	251
menorah	251
militarily	251
minato	251
moai	251
monopolize	251
mulrooney	251
nametag	251
nco	251
nightshirt	251
nikolay	251
noooooo	251
northman	251
okie	251
opposable	251
orbiter	251
paler	251
pastis	251
peeta	251
petitioning	251
physiotherapy	251
pickwick	251
preconceptions	251
propositions	251
pucci	251
quickens	251
rehash	251
rekindled	251
repressing	251
roseanna	251
rotisserie	251
sanson	251
seaplane	251
seaport	251
sediments	251
shiho	251
singham	251
skeffington	251
skyrocketed	251
stina	251
swerving	251
thwack	251
tolson	251
torching	251
trajectories	251
tuitions	251
udders	251
uhn	251
undergoes	251
unskilled	251
visualizing	251
wealthier	251
whaler	251
whys	251
worrier	251
wrenched	251
yaw	251
adri	249
afew	249
ageless	249
aihara	249
aikawa	249
airtime	249
angy	249
archived	249
aromatherapy	249
asad	249
attendees	249
babylonians	249
ballin	249
ballu	249
biatch	249
bizzy	249
blitzed	249
blowhole	249
bosse	249
boykewich	249
brantley	249
brunhilde	249
brynn	249
buffers	249
buggery	249
cairns	249
caius	249
campari	249
chagas	249
chhotu	249
clovers	249
colostomy	249
conni	249
counterclockwise	249
creeks	249
cubicles	249
curia	249
cuties	249
danby	249
dcs	249
deegan	249
depressions	249
dimitris	249
divisive	249
dvorak	249
earlobe	249
electromagnetism	249
elissa	249
embezzler	249
emmie	249
engravings	249
erling	249
excommunication	249
faustus	249
fiore	249
fissures	249
fracas	249
furrow	249
gaydar	249
gummer	249
hirayama	249
hsing	249
hussars	249
ifield	249
iliad	249
inhabitant	249
iyer	249
jaggery	249
jessop	249
kash	249
kenton	249
kisha	249
kurita	249
lakeshore	249
lattice	249
lichtenstein	249
liechtenstein	249
lockheed	249
louella	249
mainsail	249
marais	249
marauding	249
marchese	249
mcmann	249
meechum	249
memorised	249
mentored	249
molehill	249
nonviolence	249
ods	249
otsuka	249
overpopulation	249
overtly	249
pani	249
paquita	249
parolees	249
peritta	249
pietje	249
pinochle	249
piu	249
pompadour	249
potters	249
pst	249
pyjama	249
quito	249
railly	249
rayne	249
razzle	249
regenerative	249
reimbursement	249
roadway	249
rushworth	249
sabes	249
screenplays	249
sindhu	249
smartness	249
snakeskin	249
spinnin	249
sprechen	249
syed	249
tort	249
treetop	249
tropicana	249
tutelage	249
uli	249
undertow	249
unsecured	249
vaishali	249
valter	249
vid	249
vx	249
waded	249
waked	249
walken	249
wheal	249
wherewithal	249
wiggy	249
wiki	249
wilf	249
wining	249
wiretapping	249
wiseguy	249
yabe	249
youn	249
yr	249
amply	248
amun	248
asserted	248
attractiveness	248
bassist	248
beej	248
bellefleur	248
bergdorf	248
bier	248
boylan	248
celebs	248
centralized	248
cham	248
cirinna	248
comped	248
compensations	248
corelli	248
cpt	248
cra	248
culled	248
daan	248
dalrymple	248
dander	248
datsun	248
decrypted	248
dembe	248
desoto	248
dint	248
disobeys	248
dominos	248
doubtfire	248
eby	248
edits	248
ern	248
etchings	248
etty	248
euston	248
farfetched	248
fiddled	248
filibuster	248
finchley	248
fragrances	248
frequents	248
frivolity	248
galvanized	248
geir	248
goten	248
hallow	248
handstand	248
hardwicke	248
heatwave	248
hippodrome	248
hospitalised	248
huw	248
iku	248
ingrates	248
islamist	248
izumo	248
jarro	248
kak	248
kenyan	248
khai	248
knobhead	248
koz	248
languish	248
livvie	248
loath	248
lovelorn	248
lumberjacks	248
machinations	248
manganese	248
mangroves	248
mase	248
mintz	248
mitochondrial	248
monkfish	248
moulded	248
neater	248
ngan	248
nisse	248
noma	248
okano	248
oratory	248
orbison	248
orthodoxy	248
panditji	248
patchouli	248
periwinkle	248
phosphate	248
pimento	248
promos	248
pronoun	248
provocateur	248
purim	248
querida	248
quieten	248
rasp	248
rawdon	248
redial	248
refocus	248
rhinestones	248
riyadh	248
ryosuke	248
saitama	248
salgado	248
sarina	248
sawant	248
sayu	248
sheehan	248
shinwell	248
shizuku	248
skirting	248
skydiver	248
smoothest	248
snufkin	248
solver	248
speeded	248
splicing	248
steelers	248
sterility	248
stormfly	248
subbed	248
subscribed	248
switcheroo	248
tach	248
tamayo	248
tarred	248
tightness	248
transplantation	248
tumours	248
tyne	248
unappealing	248
vassili	248
vico	248
villeneuve	248
vincente	248
visualise	248
welt	248
whereof	248
whittling	248
wonton	248
wrangling	248
yorick	248
ahana	246
anathema	246
anemone	246
anthropologists	246
aol	246
apostolic	246
argent	246
arghh	246
backyards	246
banshees	246
baracus	246
bracknell	246
brandeis	246
brandies	246
burkett	246
caledonia	246
candi	246
canto	246
capsize	246
carpaccio	246
chamois	246
chancery	246
chaperon	246
chiyoko	246
cocoons	246
columbian	246
congeniality	246
curare	246
discusses	246
domains	246
drea	246
eamonn	246
emme	246
euphrates	246
evos	246
expend	246
falmouth	246
fett	246
flophouse	246
frantz	246
fredrick	246
giardello	246
grenouille	246
grizz	246
guffawing	246
hamoudi	246
haveyou	246
hie	246
hirata	246
hiruma	246
hostels	246
ikebukuro	246
iwaki	246
jal	246
jastrow	246
joji	246
julieta	246
koothrappali	246
lassen	246
lukey	246
madero	246
marlborough	246
meehan	246
millimetres	246
mimmo	246
miserly	246
moldavia	246
muhammed	246
noora	246
oxnard	246
paedophiles	246
parentheses	246
pericardium	246
pezzini	246
phan	246
pineal	246
pithy	246
potentials	246
proffer	246
pronouns	246
qatar	246
rasa	246
reacher	246
readjust	246
reichsfuhrer	246
reprieved	246
riesling	246
rodders	246
ruan	246
salacious	246
savaii	246
scamper	246
seaworthy	246
sethi	246
shilpa	246
shortbread	246
showoff	246
skitter	246
skoda	246
solveig	246
soundwave	246
starin	246
stretchy	246
stuyvesant	246
swamiji	246
thingie	246
tiggers	246
umar	246
unconnected	246
usagi	246
usd	246
usury	246
vallarta	246
velvety	246
ventriloquism	246
vette	246
viviana	246
weng	246
whyte	246
wilsons	246
wilts	246
yuntabal	246
zoologist	246
aborting	245
acetylene	245
acreage	245
anbu	245
andrade	245
anette	245
antagonism	245
anthea	245
banku	245
barris	245
bookseller	245
boyars	245
cawdor	245
ceaseless	245
cessation	245
ceviche	245
chaddha	245
clenching	245
constancy	245
copyrighted	245
countered	245
crumple	245
daiquiris	245
darwinism	245
deandre	245
decanter	245
dengue	245
deplore	245
deputized	245
desna	245
distancing	245
dono	245
dorinda	245
downy	245
embittered	245
emigrants	245
enslavement	245
excepted	245
executes	245
faxing	245
fievel	245
filaments	245
flasks	245
forfeiture	245
francais	245
frighteningly	245
frohike	245
fulham	245
geta	245
gizmoduck	245
grafting	245
harlon	245
hazelwood	245
heaviness	245
heckler	245
highsmith	245
hitmen	245
hittite	245
hyperbole	245
hypotenuse	245
ieds	245
inconsistency	245
indeterminate	245
industrialized	245
inexorably	245
iow	245
izmir	245
jaridians	245
jef	245
jinlun	245
kirstie	245
lineman	245
liquidity	245
lollypop	245
lubrication	245
lucho	245
mammogram	245
marigny	245
marksmen	245
marvelously	245
memorials	245
morbidly	245
mujinju	245
naonka	245
nigar	245
nige	245
norval	245
numbering	245
odorless	245
okabe	245
palomino	245
personification	245
pliny	245
precipitate	245
psychobabble	245
puerta	245
rachmaninoff	245
ranged	245
respondent	245
reuven	245
rossetti	245
rotator	245
sainthood	245
samovar	245
scoping	245
seahawk	245
sequential	245
shadowhunter	245
shanxi	245
sharath	245
shekhawat	245
shizuma	245
shouldnt	245
shum	245
slags	245
snively	245
stencil	245
sugarplum	245
timelines	245
tulle	245
twang	245
unshakable	245
uptake	245
utica	245
virge	245
wardroom	245
watari	245
yellin	245
abstraction	243
acl	243
afteryou	243
alaykum	243
amalfi	243
andonof	243
appropriation	243
asi	243
atsuko	243
backstabber	243
bahar	243
balderdash	243
banality	243
basalt	243
baseballs	243
benadryl	243
blipping	243
bootleggers	243
calisthenics	243
capella	243
comely	243
complying	243
concussed	243
conjures	243
convening	243
copulate	243
dilate	243
disapproves	243
disembarked	243
distributes	243
docker	243
draga	243
effusion	243
entertainments	243
exasperating	243
ficus	243
flashpoint	243
flossie	243
footlocker	243
franta	243
fritzi	243
gelding	243
grenoble	243
gunboat	243
gyroscope	243
haben	243
handoff	243
harun	243
hexenbiest	243
hooke	243
howards	243
hutu	243
inclinations	243
interning	243
irises	243
kazuhiko	243
kiryu	243
klepto	243
kotoba	243
lafleur	243
landslides	243
lannisters	243
legitimize	243
locomotives	243
loosens	243
lulled	243
macaroon	243
macfarlane	243
mariam	243
martens	243
matrices	243
mayuri	243
mcrae	243
menendez	243
misconstrued	243
mywife	243
needful	243
nitrates	243
nou	243
nuno	243
osprey	243
overwatch	243
parapet	243
pawel	243
pikes	243
poitiers	243
prefrontal	243
pulleys	243
quirt	243
reams	243
rejoined	243
rework	243
rigidity	243
ruination	243
rukia	243
saban	243
sanding	243
sandstrom	243
savile	243
scalping	243
scrolling	243
seperate	243
shere	243
shizuru	243
silla	243
skelton	243
skied	243
slurry	243
stargazer	243
stemming	243
stiffer	243
sweatin	243
tactically	243
tiago	243
toting	243
uglies	243
venky	243
vivan	243
vlasta	243
wirt	243
woodbury	243
zamboni	243
zapatera	243
abut	242
ahmadi	242
alyona	242
animator	242
ardor	242
ayhan	242
backhoe	242
baddies	242
battista	242
bisbee	242
blackballed	242
blume	242
blushes	242
bodywork	242
boffin	242
burk	242
calamities	242
charcot	242
coaxing	242
colorblind	242
convicting	242
coronal	242
dayna	242
deandra	242
devo	242
elevating	242
elms	242
emanuelle	242
emmit	242
extractor	242
farik	242
ferrous	242
flaubert	242
freshening	242
gangbusters	242
giblets	242
gisburne	242
glutes	242
gulab	242
haneda	242
hino	242
hoofs	242
hotpot	242
humoring	242
hus	242
icac	242
implicates	242
incan	242
inhibition	242
intendant	242
intricacies	242
isabela	242
itsy	242
jaridian	242
jarle	242
joyriding	242
jubilation	242
kagami	242
kalashnikov	242
kishida	242
kor	242
kronk	242
lagertha	242
layaway	242
lipsticks	242
lockout	242
locus	242
louts	242
macha	242
marchers	242
matchup	242
mathai	242
matson	242
mckeever	242
menachem	242
meteoric	242
mitigation	242
mosul	242
mousey	242
nogales	242
noteworthy	242
nox	242
optimization	242
padilla	242
paolino	242
parachuting	242
pasqualino	242
peop	242
phnom	242
polynesia	242
portrays	242
proctologist	242
pupkin	242
raisa	242
raji	242
rechecked	242
reformers	242
reverie	242
rikard	242
rorschach	242
sadists	242
sagara	242
samcro	242
sammie	242
savio	242
savoury	242
seasickness	242
semis	242
sharpens	242
shreya	242
sickos	242
skelter	242
steerage	242
stepladder	242
stranglehold	242
strikingly	242
strongarm	242
subjugate	242
supernovas	242
swatting	242
sweetums	242
symphonies	242
takuto	242
talismans	242
tamiko	242
tane	242
tempts	242
testimonials	242
tgs	242
tipton	242
tracheotomy	242
turnstile	242
untalented	242
untying	242
vaccinate	242
vanities	242
vez	242
volm	242
vorenus	242
watermark	242
whalen	242
wholesalers	242
winehouse	242
winfrey	242
workspace	242
yami	242
yesteryear	242
yourfriend	242
acker	240
aftershock	240
aja	240
algonquin	240
appraise	240
aristide	240
assent	240
aver	240
babli	240
ballinger	240
belittling	240
bonaventure	240
buchman	240
cairn	240
cede	240
chegwidden	240
chopstick	240
christmassy	240
clavo	240
clincher	240
cloistered	240
closures	240
coefficient	240
concerted	240
contortionist	240
countermeasure	240
crain	240
diggy	240
drazen	240
dunkin	240
ectoplasm	240
eggy	240
eliminations	240
enceladus	240
eto	240
facilitator	240
feckless	240
felonious	240
forges	240
franciscan	240
fri	240
gaffigan	240
gangplank	240
gape	240
gautier	240
genial	240
gk	240
goldfarb	240
gorski	240
greggs	240
grossest	240
haydn	240
helpings	240
holier	240
honza	240
iman	240
incalculable	240
inglewood	240
janvier	240
jihadists	240
kida	240
kirkpatrick	240
koryn	240
kujo	240
leapfrog	240
lenora	240
longworth	240
maar	240
madigan	240
malu	240
meditative	240
morg	240
nc	240
nuanced	240
ometepe	240
oogie	240
oohs	240
orchestrating	240
orm	240
osteoporosis	240
overrides	240
painlessly	240
pasties	240
paypal	240
pca	240
pecans	240
peons	240
pinker	240
plantain	240
plows	240
raah	240
ravish	240
rearden	240
rebate	240
rebellions	240
reformer	240
refurbished	240
regress	240
reintroduce	240
resuscitated	240
resynced	240
reticent	240
revisiting	240
rhe	240
riaz	240
sacco	240
saijo	240
saplings	240
scarecrows	240
semiautomatic	240
servalan	240
shakuntala	240
shapeless	240
sharpness	240
shikha	240
shoud	240
sippin	240
slouching	240
spittle	240
steen	240
stratagem	240
summing	240
suppository	240
takeru	240
tremayne	240
tunney	240
urals	240
virginian	240
warble	240
windward	240
zucker	240
airbender	239
akasaka	239
assuage	239
ata	239
ayres	239
beanpole	239
beefsteak	239
benjie	239
berwick	239
blaisdel	239
bratton	239
brun	239
bueller	239
burkhart	239
burris	239
cabled	239
campanella	239
carbury	239
caroll	239
ceausescu	239
chinamen	239
crasher	239
culling	239
daow	239
deepening	239
deft	239
degenerated	239
depositors	239
dickwad	239
differing	239
disassembled	239
donati	239
doofenshmirtz	239
doubters	239
dramamine	239
eller	239
empanadas	239
fillets	239
fishies	239
gennosuke	239
gilgamesh	239
goomer	239
gormley	239
grisham	239
hadron	239
hatchlings	239
hazama	239
heatstroke	239
helter	239
herbalist	239
heres	239
hesselboe	239
hideki	239
hin	239
hitori	239
hodor	239
hootie	239
impeccably	239
inasmuch	239
incapacitate	239
incisors	239
inexorable	239
inopportune	239
inspirations	239
interacts	239
interposing	239
jollies	239
karamazov	239
kristoffer	239
landru	239
lemel	239
marne	239
meacham	239
microcosm	239
mirren	239
misconceptions	239
moonbeams	239
nanosecond	239
narang	239
neb	239
nez	239
obediently	239
obliges	239
pamplona	239
paraphrase	239
persevered	239
pincer	239
pleats	239
punjabis	239
quips	239
rahm	239
ravenna	239
recruiters	239
reposition	239
ritzy	239
rustom	239
rutabaga	239
ruzek	239
sacrosanct	239
sawa	239
scapegoats	239
schon	239
sesterces	239
sheepskin	239
shenandoah	239
skewers	239
smackdown	239
snooper	239
spork	239
srivastav	239
storytellers	239
supervillain	239
synchronicity	239
tiene	239
topsoil	239
toth	239
trier	239
unequivocal	239
uninformed	239
unnerved	239
valparaiso	239
vasa	239
vert	239
volkov	239
wetback	239
widener	239
writhe	239
yeohwa	239
yoshimura	239
adonai	237
amory	237
annexation	237
antonov	237
aomori	237
aplenty	237
appeasement	237
arsed	237
bathwater	237
bellyful	237
biosphere	237
bolting	237
bonbon	237
boof	237
boozy	237
broadside	237
businesslike	237
callas	237
camptown	237
cana	237
caramels	237
casimir	237
castellan	237
celeb	237
centurions	237
cherubs	237
chuggington	237
coachella	237
cortina	237
czechoslovak	237
dalal	237
demerits	237
dilettante	237
doubloons	237
dubenko	237
duplicity	237
dustpan	237
edelstein	237
enriching	237
etomidate	237
ewell	237
ferociously	237
foodie	237
fossilised	237
gabbana	237
gantu	237
gmo	237
hablo	237
halitosis	237
haris	237
hikmet	237
hoa	237
idolize	237
immensity	237
immobilize	237
immutable	237
incontrovertible	237
indentations	237
inextricably	237
jaffar	237
jardine	237
jetpack	237
josefine	237
judgy	237
kabbalah	237
kawamura	237
krispies	237
lauder	237
lethargy	237
libertarian	237
liverwurst	237
lumbago	237
malaise	237
malvina	237
mardle	237
minefields	237
mitten	237
modernize	237
modulator	237
mopalmo	237
muto	237
myer	237
negros	237
newgate	237
niceness	237
nol	237
odi	237
okatsu	237
optometrist	237
overbooked	237
peered	237
pera	237
perishing	237
phoenicians	237
photonic	237
placard	237
plimpton	237
posies	237
quicksilver	237
ransacking	237
remedied	237
rito	237
rivka	237
ruger	237
satch	237
sciuto	237
sheaves	237
sinaloa	237
siv	237
stanislaw	237
stipe	237
stoners	237
sump	237
swindon	237
tachycardic	237
tailspin	237
talkers	237
tallied	237
tamponade	237
teela	237
teito	237
terracotta	237
transfered	237
tua	237
twiggy	237
twitchell	237
unblock	237
valco	237
varda	237
wigwam	237
womanizing	237
yasin	237
yehuda	237
zayday	237
alai	236
ambushing	236
antihistamine	236
arapaho	236
bathtubs	236
beeman	236
believin	236
bes	236
bollock	236
buggies	236
bungle	236
butjust	236
carburettor	236
cauterize	236
chairperson	236
chirpy	236
compatriot	236
concretely	236
conscripted	236
contraptions	236
conveyance	236
copacetic	236
crustaceans	236
dally	236
darzac	236
dashes	236
desiccated	236
devaki	236
dimming	236
doily	236
dorotea	236
endemic	236
erudite	236
exempted	236
fingertip	236
flynt	236
fogarty	236
fume	236
gales	236
gora	236
gravitas	236
grimsby	236
hertfordshire	236
himura	236
homeopathic	236
horseplay	236
hothouse	236
infiltrators	236
innovate	236
ipads	236
irishmen	236
jaimie	236
jumpsuits	236
jurisdictional	236
kaleel	236
keck	236
khaleesi	236
kijima	236
lachie	236
leyland	236
limbic	236
litton	236
loosed	236
lustig	236
masai	236
mcnair	236
merriman	236
milkha	236
mirek	236
mongoloid	236
mortensen	236
mowbray	236
multiplex	236
nakai	236
naosuke	236
netted	236
nordmann	236
normandie	236
northumbria	236
ofus	236
oktoberfest	236
outgrew	236
overblown	236
overstating	236
owie	236
paparazzo	236
pictorial	236
pinche	236
portobello	236
prearranged	236
prosaic	236
quasar	236
ramaa	236
restorative	236
ringle	236
rishabh	236
rocca	236
sahab	236
sarasota	236
sarkar	236
scatters	236
schizophrenics	236
seiya	236
senility	236
senta	236
seychelles	236
shelved	236
shimako	236
shrouds	236
sinestro	236
slays	236
spiros	236
sprague	236
ssi	236
steffen	236
stipulates	236
sunburst	236
tangos	236
tardes	236
tenements	236
theologian	236
theywere	236
thoughtyou	236
tira	236
tourney	236
turbot	236
unzipped	236
wadsworth	236
weightlessness	236
wescott	236
westerner	236
yashiro	236
yasuo	236
yens	236
yucca	236
zambrano	236
zbornak	236
accommodated	235
accorded	235
adina	235
adopts	235
amundsen	235
aqueducts	235
aylin	235
babineaux	235
baldur	235
bedsheets	235
beleaguered	235
ber	235
betadine	235
bethel	235
biloxi	235
bink	235
bodnar	235
bouchard	235
breastplate	235
brer	235
bresson	235
buchenwald	235
bur	235
burbage	235
catharsis	235
chantry	235
chickpeas	235
cici	235
clamping	235
clo	235
corben	235
cotta	235
croup	235
crustacean	235
cubits	235
dampening	235
deterred	235
deville	235
dignitary	235
diller	235
dissonance	235
duarte	235
earwig	235
egil	235
eligibility	235
elks	235
eph	235
epoxy	235
erkki	235
exorcisms	235
exterminators	235
frag	235
fs	235
fsa	235
fundraisers	235
gatwick	235
gilfoyle	235
gor	235
gra	235
grays	235
greaser	235
grossing	235
gujarati	235
gypsum	235
hafiz	235
hairpiece	235
hayami	235
hedwig	235
hh	235
himalaya	235
himawari	235
ignoble	235
inducted	235
innovators	235
inroads	235
interpreters	235
irrationally	235
irritability	235
iscariot	235
jabez	235
jacobite	235
jihadi	235
jostle	235
jurisprudence	235
kaku	235
karat	235
kawahara	235
kiley	235
kotoko	235
laminate	235
lats	235
loder	235
loic	235
magnifico	235
malted	235
matsumura	235
mcneal	235
mealtime	235
menage	235
menswear	235
metas	235
mieko	235
mogadishu	235
mykonos	235
newfangled	235
nobuo	235
obit	235
oflife	235
olympiad	235
outmoded	235
padlocked	235
parlance	235
pasting	235
patchy	235
patrolmen	235
personage	235
petronius	235
pilfering	235
pimpin	235
practicality	235
prig	235
projectors	235
quilts	235
realtors	235
recessed	235
renege	235
rikke	235
riskier	235
rooker	235
rucker	235
saddlebags	235
scientologist	235
scion	235
scratcher	235
semple	235
sesh	235
seve	235
shaeffer	235
signage	235
socialise	235
sooraj	235
spics	235
staines	235
starsk	235
storekeeper	235
stubbed	235
summits	235
superheated	235
surmised	235
tacs	235
takigawa	235
td	235
teleporting	235
thawne	235
thiago	235
tigris	235
titch	235
tootie	235
trog	235
twixt	235
unfashionable	235
villette	235
wagstaff	235
weeny	235
wreaked	235
wyxchari	235
xylophone	235
yosef	235
zamani	235
zweig	235
aaru	233
alarmingly	233
aright	233
arjuna	233
basal	233
belter	233
belting	233
bendix	233
bloodletting	233
borrowers	233
cheveley	233
chronically	233
clausen	233
coker	233
communique	233
conquistador	233
cornucopia	233
creaky	233
crooner	233
culminated	233
demeanour	233
dishonorably	233
distaste	233
draupadi	233
envelops	233
eod	233
ery	233
estevez	233
expiry	233
farmyard	233
fini	233
fleeced	233
frisked	233
ghraib	233
gored	233
grovy	233
headstones	233
hearn	233
hitotsu	233
hollingsworth	233
hove	233
independents	233
indigent	233
interloper	233
jamey	233
jordans	233
junie	233
karuta	233
koreatown	233
koyuki	233
linchpin	233
lingam	233
ludie	233
mati	233
menstruating	233
nichol	233
odum	233
okuda	233
oligarchs	233
oodles	233
organics	233
outpouring	233
overflowed	233
palos	233
pericardial	233
pho	233
physicality	233
quitted	233
ramada	233
rcmp	233
reapply	233
redefined	233
redline	233
riend	233
rolli	233
safecracker	233
saffy	233
sated	233
secrete	233
shanghaied	233
sholto	233
sirrah	233
sorata	233
soyuz	233
stabbings	233
staircases	233
stedman	233
stylings	233
taskmaster	233
teemu	233
thunderbolts	233
touchstone	233
trickles	233
trumpeter	233
tus	233
tweaker	233
uneasiness	233
unicycle	233
unmoved	233
unpredictability	233
vented	233
vour	233
wackos	233
wallice	233
westley	233
yoru	233
